Reuters	79	0.012498022464799873
St	43	0.006802721088435374
U.N.	40	0.006328112640404999
New	39	0.006169909824394874
Ajax	34	0.005378895744344249
National	32	0.005062490112323999
NEW	30	0.004746084480303749
CHICAGO	30	0.004746084480303749
U.S.	30	0.004746084480303749
European	29	0.004587881664293625
SAN	29	0.004587881664293625
PSV	28	0.004429678848283499
Sydney	26	0.004113273216263249
PUK	25	0.003955070400253125
OSCE	25	0.003955070400253125
EU	24	0.0037968675842429997
United	23	0.0036386647682328747
NATO	22	0.0034804619522227497
London	20	0.0031640563202024997
Honda	20	0.0031640563202024997
Borussia	18	0.0028476506881822496
Interfax	18	0.0028476506881822496
Fortuna	18	0.0028476506881822496
KDP	17	0.0026894478721721246
Paris	17	0.0026894478721721246
Manchester	17	0.0026894478721721246
BALTIMORE	17	0.0026894478721721246
MINNESOTA	17	0.0026894478721721246
ST	17	0.0026894478721721246
Oakland	17	0.0026894478721721246
FC	17	0.0026894478721721246
Atletico	16	0.0025312450561619996
BOSTON	16	0.0025312450561619996
DETROIT	16	0.0025312450561619996
KANSAS	16	0.0025312450561619996
SEATTLE	16	0.0025312450561619996
CINCINNATI	16	0.0025312450561619996
Chicago	16	0.0025312450561619996
Marseille	16	0.0025312450561619996
Le	15	0.0023730422401518746
Essex	15	0.0023730422401518746
TORONTO	15	0.0023730422401518746
CLEVELAND	15	0.0023730422401518746
TEXAS	15	0.0023730422401518746
OAKLAND	15	0.0023730422401518746
CALIFORNIA	15	0.0023730422401518746
ATLANTA	15	0.0023730422401518746
PHILADELPHIA	15	0.0023730422401518746
HOUSTON	15	0.0023730422401518746
LOS	15	0.0023730422401518746
COLORADO	15	0.0023730422401518746
Senate	15	0.0023730422401518746
Lens	15	0.0023730422401518746
Feyenoord	15	0.0023730422401518746
ISS	15	0.0023730422401518746
F.C.	14	0.0022148394241417496
Red	14	0.0022148394241417496
MILWAUKEE	14	0.0022148394241417496
MONTREAL	14	0.0022148394241417496
FLORIDA	14	0.0022148394241417496
PITTSBURGH	14	0.0022148394241417496
Commonwealth	14	0.0022148394241417496
Leeds	14	0.0022148394241417496
Motorola	14	0.0022148394241417496
Bank	13	0.0020566366081316246
Yorkshire	13	0.0020566366081316246
Lancashire	13	0.0020566366081316246
Hapoel	13	0.0020566366081316246
Cincinnati	13	0.0020566366081316246
Milwaukee	13	0.0020566366081316246
Texas	13	0.0020566366081316246
News	13	0.0020566366081316246
The	13	0.0020566366081316246
Schalke	13	0.0020566366081316246
Gencor	13	0.0020566366081316246
Barcelona	13	0.0020566366081316246
Sheffield	13	0.0020566366081316246
West	13	0.0020566366081316246
Heerenveen	13	0.0020566366081316246
North	13	0.0020566366081316246
San	13	0.0020566366081316246
Surrey	12	0.0018984337921214998
Seattle	12	0.0018984337921214998
RTRS	12	0.0018984337921214998
State	12	0.0018984337921214998
Benetton	12	0.0018984337921214998
LG	12	0.0018984337921214998
PKK	12	0.0018984337921214998
OB	12	0.0018984337921214998
Bayern	12	0.0018984337921214998
Yamaha	12	0.0018984337921214998
Lloyd	12	0.0018984337921214998
OM	12	0.0018984337921214998
Commission	11	0.0017402309761113748
Kurdistan	11	0.0017402309761113748
Gloucestershire	11	0.0017402309761113748
Hampshire	11	0.0017402309761113748
Warwickshire	11	0.0017402309761113748
California	11	0.0017402309761113748
Philadelphia	11	0.0017402309761113748
Hamburg	11	0.0017402309761113748
Western	11	0.0017402309761113748
Hansa	11	0.0017402309761113748
USDA	11	0.0017402309761113748
Bradford	11	0.0017402309761113748
Groningen	11	0.0017402309761113748
Nantes	11	0.0017402309761113748
Auxerre	11	0.0017402309761113748
Congress	11	0.0017402309761113748
IVAC	11	0.0017402309761113748
Barrick	11	0.0017402309761113748
CDU	11	0.0017402309761113748
Foreign	10	0.0015820281601012498
Blackburn	10	0.0015820281601012498
Glamorgan	10	0.0015820281601012498
Sion	10	0.0015820281601012498
Sparta	10	0.0015820281601012498
Toronto	10	0.0015820281601012498
Cleveland	10	0.0015820281601012498
NEC	10	0.0015820281601012498
NAC	10	0.0015820281601012498
British	10	0.0015820281601012498
Palestinian	10	0.0015820281601012498
First	10	0.0015820281601012498
American	10	0.0015820281601012498
Zenith	10	0.0015820281601012498
Wigan	10	0.0015820281601012498
Newcastle	10	0.0015820281601012498
Hanwha	10	0.0015820281601012498
Ssangbangwool	10	0.0015820281601012498
Monaco	10	0.0015820281601012498
Nice	10	0.0015820281601012498
Montpellier	10	0.0015820281601012498
Vitesse	10	0.0015820281601012498
South	10	0.0015820281601012498
Fiorentina	10	0.0015820281601012498
Rabobank	10	0.0015820281601012498
Cofinec	10	0.0015820281601012498
Berlex	10	0.0015820281601012498
Daewoo	10	0.0015820281601012498
International	9	0.0014238253440911248
Leicestershire	9	0.0014238253440911248
Nottinghamshire	9	0.0014238253440911248
Worcestershire	9	0.0014238253440911248
Baltimore	9	0.0014238253440911248
Orioles	9	0.0014238253440911248
Florida	9	0.0014238253440911248
Montreal	9	0.0014238253440911248
Yankees	9	0.0014238253440911248
Moody	9	0.0014238253440911248
House	9	0.0014238253440911248
Detroit	9	0.0014238253440911248
Samsung	9	0.0014238253440911248
Liverpool	9	0.0014238253440911248
Oldham	9	0.0014238253440911248
Bristol	9	0.0014238253440911248
Guingamp	9	0.0014238253440911248
Metz	9	0.0014238253440911248
Graafschap	9	0.0014238253440911248
Volendam	9	0.0014238253440911248
Karlsruhe	9	0.0014238253440911248
Bayer	9	0.0014238253440911248
Cologne	9	0.0014238253440911248
Kawasaki	9	0.0014238253440911248
Milan	9	0.0014238253440911248
MFS	9	0.0014238253440911248
Biogen	9	0.0014238253440911248
Gazprom	9	0.0014238253440911248
Athens	8	0.0012656225280809998
PLO	8	0.0012656225280809998
Gloria	8	0.0012656225280809998
Kent	8	0.0012656225280809998
Sussex	8	0.0012656225280809998
Northamptonshire	8	0.0012656225280809998
Everton	8	0.0012656225280809998
Pittsburgh	8	0.0012656225280809998
Oxford	8	0.0012656225280809998
Security	8	0.0012656225280809998
McLaren	8	0.0012656225280809998
Williams	8	0.0012656225280809998
RUGBY	8	0.0012656225280809998
Boston	8	0.0012656225280809998
Nancy	8	0.0012656225280809998
Juventus	8	0.0012656225280809998
Microsoft	8	0.0012656225280809998
Aberdeen	8	0.0012656225280809998
Wimbledon	8	0.0012656225280809998
GKS	8	0.0012656225280809998
Hyundai	8	0.0012656225280809998
Haitai	8	0.0012656225280809998
Bastia	8	0.0012656225280809998
Lille	8	0.0012656225280809998
RKC	8	0.0012656225280809998
Willem	8	0.0012656225280809998
Utrecht	8	0.0012656225280809998
AZ	8	0.0012656225280809998
Arminia	8	0.0012656225280809998
Werder	8	0.0012656225280809998
Freiburg	8	0.0012656225280809998
MDS	8	0.0012656225280809998
Ducati	8	0.0012656225280809998
Brisbane	8	0.0012656225280809998
La	8	0.0012656225280809998
Supreme	8	0.0012656225280809998
Advanced	8	0.0012656225280809998
SPLA	8	0.0012656225280809998
Central	8	0.0012656225280809998
CVG	8	0.0012656225280809998
Arequipa	8	0.0012656225280809998
SEC	8	0.0012656225280809998
BOJ	8	0.0012656225280809998
Federal	7	0.0011074197120708748
Ford	7	0.0011074197120708748
S&P	7	0.0011074197120708748
Durham	7	0.0011074197120708748
Somerset	7	0.0011074197120708748
Plymouth	7	0.0011074197120708748
Organisation	7	0.0011074197120708748
Jordan	7	0.0011074197120708748
Portsmouth	7	0.0011074197120708748
Tranmere	7	0.0011074197120708748
Grimsby	7	0.0011074197120708748
Port	7	0.0011074197120708748
SBC	7	0.0011074197120708748
Greens	7	0.0011074197120708748
Niugini	7	0.0011074197120708748
CNIEC	7	0.0011074197120708748
Crystal	7	0.0011074197120708748
Barnsley	7	0.0011074197120708748
Huddersfield	7	0.0011074197120708748
All	7	0.0011074197120708748
Lotte	7	0.0011074197120708748
Rennes	7	0.0011074197120708748
Strasbourg	7	0.0011074197120708748
Lyon	7	0.0011074197120708748
Twente	7	0.0011074197120708748
Roda	7	0.0011074197120708748
1860	7	0.0011074197120708748
SV	7	0.0011074197120708748
St.	7	0.0011074197120708748
Atlanta	7	0.0011074197120708748
Colorado	7	0.0011074197120708748
Sudan	7	0.0011074197120708748
Brush	7	0.0011074197120708748
Treasury	7	0.0011074197120708748
TVM	7	0.0011074197120708748
Faulding	7	0.0011074197120708748
Hamas	7	0.0011074197120708748
Arch	7	0.0011074197120708748
Amoco	7	0.0011074197120708748
ACC	7	0.0011074197120708748
ND	7	0.0011074197120708748
Brann	6	0.0009492168960607499
Dynamo	6	0.0009492168960607499
Rangers	6	0.0009492168960607499
Best	6	0.0009492168960607499
Itar-Tass	6	0.0009492168960607499
Air	6	0.0009492168960607499
Power	6	0.0009492168960607499
Sauber	6	0.0009492168960607499
Ligier	6	0.0009492168960607499
Queens	6	0.0009492168960607499
Chelsea	6	0.0009492168960607499
Sporting	6	0.0009492168960607499
Porto	6	0.0009492168960607499
Benfica	6	0.0009492168960607499
Unita	6	0.0009492168960607499
Securities	6	0.0009492168960607499
IOC	6	0.0009492168960607499
Rapid	6	0.0009492168960607499
Patriotic	6	0.0009492168960607499
Royal	6	0.0009492168960607499
ING	6	0.0009492168960607499
LME	6	0.0009492168960607499
Promodes	6	0.0009492168960607499
Mitsubishi	6	0.0009492168960607499
Ferrari	6	0.0009492168960607499
Warrington	6	0.0009492168960607499
Norwich	6	0.0009492168960607499
Charlton	6	0.0009492168960607499
Ipswich	6	0.0009492168960607499
Reading	6	0.0009492168960607499
Southend	6	0.0009492168960607499
Birmingham	6	0.0009492168960607499
Stoke	6	0.0009492168960607499
Swindon	6	0.0009492168960607499
Wolverhampton	6	0.0009492168960607499
Partizan	6	0.0009492168960607499
Spartak	6	0.0009492168960607499
Bordeaux	6	0.0009492168960607499
Caen	6	0.0009492168960607499
Cannes	6	0.0009492168960607499
VfB	6	0.0009492168960607499
MSV	6	0.0009492168960607499
ETA	6	0.0009492168960607499
Internet	6	0.0009492168960607499
Minnesota	6	0.0009492168960607499
Los	6	0.0009492168960607499
EPR	6	0.0009492168960607499
Democratic	6	0.0009492168960607499
SK	6	0.0009492168960607499
Santos	6	0.0009492168960607499
Sao	6	0.0009492168960607499
Mostostal	6	0.0009492168960607499
Singapore	6	0.0009492168960607499
Mapei	6	0.0009492168960607499
Collstrop	6	0.0009492168960607499
PUNR	6	0.0009492168960607499
Banespa	6	0.0009492168960607499
ABC	6	0.0009492168960607499
AOL	6	0.0009492168960607499
SPD	6	0.0009492168960607499
FDP	6	0.0009492168960607499
PDS	6	0.0009492168960607499
Emnid	6	0.0009492168960607499
Elect	6	0.0009492168960607499
Parma	6	0.0009492168960607499
Sakigake	6	0.0009492168960607499
ICAC	6	0.0009492168960607499
Southern	5	0.0007910140800506249
Finance	5	0.0007910140800506249
Chemlon	5	0.0007910140800506249
Ruch	5	0.0007910140800506249
Nyva	5	0.0007910140800506249
Hearts	5	0.0007910140800506249
Mariners	5	0.0007910140800506249
Grasshoppers	5	0.0007910140800506249
OJ	5	0.0007910140800506249
Anyang	5	0.0007910140800506249
Puchon	5	0.0007910140800506249
Suwon	5	0.0007910140800506249
Chonan	5	0.0007910140800506249
NBH	5	0.0007910140800506249
interior	5	0.0007910140800506249
Ballybunion	5	0.0007910140800506249
Missionaries	5	0.0007910140800506249
Hong	5	0.0007910140800506249
Gazeta	5	0.0007910140800506249
Moscow	5	0.0007910140800506249
East	5	0.0007910140800506249
Middlesbrough	5	0.0007910140800506249
Legia	5	0.0007910140800506249
Interior	5	0.0007910140800506249
Goldman	5	0.0007910140800506249
Toyota	5	0.0007910140800506249
Metro	5	0.0007910140800506249
Merrill	5	0.0007910140800506249
Tyrrell	5	0.0007910140800506249
Notts	5	0.0007910140800506249
Raith	5	0.0007910140800506249
Dundee	5	0.0007910140800506249
Queen	5	0.0007910140800506249
Tottenham	5	0.0007910140800506249
Arsenal	5	0.0007910140800506249
Bolton	5	0.0007910140800506249
Blackpool	5	0.0007910140800506249
Preston	5	0.0007910140800506249
Swansea	5	0.0007910140800506249
Lincoln	5	0.0007910140800506249
Odra	5	0.0007910140800506249
JavaSoft	5	0.0007910140800506249
Dinamo	5	0.0007910140800506249
Houston	5	0.0007910140800506249
Neuchatel	5	0.0007910140800506249
IMED	5	0.0007910140800506249
Middlesex	5	0.0007910140800506249
America	5	0.0007910140800506249
Zastava	5	0.0007910140800506249
Tass	5	0.0007910140800506249
Republican	5	0.0007910140800506249
Salomon	5	0.0007910140800506249
THE	5	0.0007910140800506249
LTTE	5	0.0007910140800506249
Tankan	5	0.0007910140800506249
Palmans	5	0.0007910140800506249
Interpol	5	0.0007910140800506249
Bamerindus	5	0.0007910140800506249
Telekom	5	0.0007910140800506249
Genoa	5	0.0007910140800506249
PSG	5	0.0007910140800506249
GPG	5	0.0007910140800506249
Khmer	5	0.0007910140800506249
Sierra	5	0.0007910140800506249
Slough	5	0.0007910140800506249
PULPEX	5	0.0007910140800506249
Dacom	5	0.0007910140800506249
Xinhua	4	0.0006328112640404999
Volkswagen	4	0.0006328112640404999
Liberal	4	0.0006328112640404999
CME	4	0.0006328112640404999
NCB	4	0.0006328112640404999
Agriculture	4	0.0006328112640404999
Celtic	4	0.0006328112640404999
Kispest	4	0.0006328112640404999
Ferencvaros	4	0.0006328112640404999
Bahia	4	0.0006328112640404999
Juventude	4	0.0006328112640404999
ORIOLES	4	0.0006328112640404999
Tigers	4	0.0006328112640404999
White	4	0.0006328112640404999
Inter	4	0.0006328112640404999
OFFICIAL	4	0.0006328112640404999
Journal	4	0.0006328112640404999
EC	4	0.0006328112640404999
In	4	0.0006328112640404999
Chonnam	4	0.0006328112640404999
Pohang	4	0.0006328112640404999
Pusan	4	0.0006328112640404999
Chonbuk	4	0.0006328112640404999
EgyptAir	4	0.0006328112640404999
UN	4	0.0006328112640404999
Paribas	4	0.0006328112640404999
RBA	4	0.0006328112640404999
Tokyo	4	0.0006328112640404999
Ekeren	4	0.0006328112640404999
Molenbeek	4	0.0006328112640404999
World	4	0.0006328112640404999
Taibe	4	0.0006328112640404999
Liberation	4	0.0006328112640404999
SOLIDERE	4	0.0006328112640404999
Americast	4	0.0006328112640404999
SunGard	4	0.0006328112640404999
Lockhart	4	0.0006328112640404999
Dutch	4	0.0006328112640404999
Orii	4	0.0006328112640404999
China	4	0.0006328112640404999
Companion	4	0.0006328112640404999
Softbank	4	0.0006328112640404999
Shanghai	4	0.0006328112640404999
Arrows	4	0.0006328112640404999
Workington	4	0.0006328112640404999
Halifax	4	0.0006328112640404999
Castleford	4	0.0006328112640404999
Sunderland	4	0.0006328112640404999
Coventry	4	0.0006328112640404999
Aston	4	0.0006328112640404999
Southampton	4	0.0006328112640404999
Brentford	4	0.0006328112640404999
Luton	4	0.0006328112640404999
Burnley	4	0.0006328112640404999
Walsall	4	0.0006328112640404999
Chesterfield	4	0.0006328112640404999
Bury	4	0.0006328112640404999
Peterborough	4	0.0006328112640404999
Crewe	4	0.0006328112640404999
Rotherham	4	0.0006328112640404999
Shrewsbury	4	0.0006328112640404999
Stockport	4	0.0006328112640404999
Watford	4	0.0006328112640404999
Millwall	4	0.0006328112640404999
Wrexham	4	0.0006328112640404999
Wycombe	4	0.0006328112640404999
Gillingham	4	0.0006328112640404999
York	4	0.0006328112640404999
Bournemouth	4	0.0006328112640404999
Barnet	4	0.0006328112640404999
Cardiff	4	0.0006328112640404999
Brighton	4	0.0006328112640404999
Carlisle	4	0.0006328112640404999
Hull	4	0.0006328112640404999
Chester	4	0.0006328112640404999
Cambridge	4	0.0006328112640404999
Darlington	4	0.0006328112640404999
Exeter	4	0.0006328112640404999
Scarborough	4	0.0006328112640404999
Hartlepool	4	0.0006328112640404999
Fulham	4	0.0006328112640404999
Hereford	4	0.0006328112640404999
Doncaster	4	0.0006328112640404999
Leyton	4	0.0006328112640404999
Northampton	4	0.0006328112640404999
Mansfield	4	0.0006328112640404999
Rochdale	4	0.0006328112640404999
Colchester	4	0.0006328112640404999
Scunthorpe	4	0.0006328112640404999
Torquay	4	0.0006328112640404999
Mladost	4	0.0006328112640404999
Buducnost	4	0.0006328112640404999
OFK	4	0.0006328112640404999
Amica	4	0.0006328112640404999
Hutnik	4	0.0006328112640404999
Sokol	4	0.0006328112640404999
Lech	4	0.0006328112640404999
Slask	4	0.0006328112640404999
Polonia	4	0.0006328112640404999
Bochum	4	0.0006328112640404999
VfL	4	0.0006328112640404999
Public	4	0.0006328112640404999
IRNA	4	0.0006328112640404999
Sun	4	0.0006328112640404999
Widzew	4	0.0006328112640404999
Universitatea	4	0.0006328112640404999
Jiul	4	0.0006328112640404999
Lokomotiv	4	0.0006328112640404999
Torpedo	4	0.0006328112640404999
CSKA	4	0.0006328112640404999
Adelaide	4	0.0006328112640404999
Collingwood	4	0.0006328112640404999
Melbourne	4	0.0006328112640404999
Richmond	4	0.0006328112640404999
Fitzroy	4	0.0006328112640404999
Carlton	4	0.0006328112640404999
Footscray	4	0.0006328112640404999
Essendon	4	0.0006328112640404999
Hawthorn	4	0.0006328112640404999
Fremantle	4	0.0006328112640404999
Geelong	4	0.0006328112640404999
Gold	4	0.0006328112640404999
Illawarra	4	0.0006328112640404999
Penrith	4	0.0006328112640404999
Manly	4	0.0006328112640404999
Parramatta	4	0.0006328112640404999
Canberra	4	0.0006328112640404999
Auckland	4	0.0006328112640404999
University	4	0.0006328112640404999
DKBA	4	0.0006328112640404999
Yedioth	4	0.0006328112640404999
Labour	4	0.0006328112640404999
BNP	4	0.0006328112640404999
Slovan	4	0.0006328112640404999
Petra	4	0.0006328112640404999
FK	4	0.0006328112640404999
Viktoria	4	0.0006328112640404999
AC	4	0.0006328112640404999
Braves	4	0.0006328112640404999
Repsol	4	0.0006328112640404999
MOODY	4	0.0006328112640404999
ARC	4	0.0006328112640404999
WorldCom	4	0.0006328112640404999
Reform	4	0.0006328112640404999
O	4	0.0006328112640404999
Amtrak	4	0.0006328112640404999
Penn	4	0.0006328112640404999
Allensbach	4	0.0006328112640404999
Mentmore	4	0.0006328112640404999
Escravos	4	0.0006328112640404999
TWA	4	0.0006328112640404999
INA	4	0.0006328112640404999
MQM	4	0.0006328112640404999
WSRL	4	0.0006328112640404999
Stagecoach	4	0.0006328112640404999
Swebus	4	0.0006328112640404999
Newcrest	4	0.0006328112640404999
EL	4	0.0006328112640404999
Aaxis	4	0.0006328112640404999
Cargill	4	0.0006328112640404999
Housecall	4	0.0006328112640404999
Kekkila	4	0.0006328112640404999
T&N	4	0.0006328112640404999
Lenzing	4	0.0006328112640404999
Lehman	3	0.00047460844803037496
Likud	3	0.00047460844803037496
Mujahideen	3	0.00047460844803037496
Iraqi	3	0.00047460844803037496
AEK	3	0.00047460844803037496
Constructorul	3	0.00047460844803037496
Corinthians	3	0.00047460844803037496
Guarani	3	0.00047460844803037496
Coritiba	3	0.00047460844803037496
Cruzeiro	3	0.00047460844803037496
Vitoria	3	0.00047460844803037496
Flamengo	3	0.00047460844803037496
Goias	3	0.00047460844803037496
Sport	3	0.00047460844803037496
Gremio	3	0.00047460844803037496
Bragantino	3	0.00047460844803037496
Palmeiras	3	0.00047460844803037496
Vasco	3	0.00047460844803037496
Portuguesa	3	0.00047460844803037496
Parana	3	0.00047460844803037496
Daily	3	0.00047460844803037496
Galatasaray	3	0.00047460844803037496
Cagliari	3	0.00047460844803037496
Servette	3	0.00047460844803037496
UEFA	3	0.00047460844803037496
Sofia	3	0.00047460844803037496
CBI	3	0.00047460844803037496
Ulsan	3	0.00047460844803037496
ECOMOG	3	0.00047460844803037496
Prague	3	0.00047460844803037496
Miss	3	0.00047460844803037496
UNITED	3	0.00047460844803037496
Department	3	0.00047460844803037496
Aegon	3	0.00047460844803037496
Reserve	3	0.00047460844803037496
Ministry	3	0.00047460844803037496
Albion	3	0.00047460844803037496
Northern	3	0.00047460844803037496
OLYMPIAKOS	3	0.00047460844803037496
CNR	3	0.00047460844803037496
Betar	3	0.00047460844803037496
Deutsche	3	0.00047460844803037496
Continental	3	0.00047460844803037496
Frankfurt	3	0.00047460844803037496
Moss	3	0.00047460844803037496
Battle	3	0.00047460844803037496
Ltd	3	0.00047460844803037496
Kingston	3	0.00047460844803037496
Irish	3	0.00047460844803037496
Minardi	3	0.00047460844803037496
Derbyshire	3	0.00047460844803037496
Motherwell	3	0.00047460844803037496
Derby	3	0.00047460844803037496
Leicester	3	0.00047460844803037496
Nottingham	3	0.00047460844803037496
Springboks	3	0.00047460844803037496
Rakow	3	0.00047460844803037496
Stomil	3	0.00047460844803037496
Wisla	3	0.00047460844803037496
Gornik	3	0.00047460844803037496
Zaglebie	3	0.00047460844803037496
LKS	3	0.00047460844803037496
Philippine	3	0.00047460844803037496
AJAX	3	0.00047460844803037496
Standard	3	0.00047460844803037496
Anderlecht	3	0.00047460844803037496
Lokeren	3	0.00047460844803037496
Cercle	3	0.00047460844803037496
Mouscron	3	0.00047460844803037496
Antwerp	3	0.00047460844803037496
Lommel	3	0.00047460844803037496
Ghent	3	0.00047460844803037496
Aalst	3	0.00047460844803037496
Lierse	3	0.00047460844803037496
Charleroi	3	0.00047460844803037496
Sint	3	0.00047460844803037496
Stuttgart	3	0.00047460844803037496
GAK	3	0.00047460844803037496
Austria	3	0.00047460844803037496
Admira	3	0.00047460844803037496
Sturm	3	0.00047460844803037496
Linzer	3	0.00047460844803037496
Socialist	3	0.00047460844803037496
Islamic	3	0.00047460844803037496
FBI	3	0.00047460844803037496
ANSA	3	0.00047460844803037496
El	3	0.00047460844803037496
Popular	3	0.00047460844803037496
Bessemer	3	0.00047460844803037496
Husqvarna	3	0.00047460844803037496
KTM	3	0.00047460844803037496
BRAVES	3	0.00047460844803037496
Marlins	3	0.00047460844803037496
Setubal	3	0.00047460844803037496
Braga	3	0.00047460844803037496
Revolutionary	3	0.00047460844803037496
Implats	3	0.00047460844803037496
Ingwe	3	0.00047460844803037496
Philip	3	0.00047460844803037496
Internacional	3	0.00047460844803037496
Botafogo	3	0.00047460844803037496
Formula	3	0.00047460844803037496
ATP	3	0.00047460844803037496
BARCELONA	3	0.00047460844803037496
Lamonts	3	0.00047460844803037496
Provisional	3	0.00047460844803037496
Interacciones	3	0.00047460844803037496
Civil	3	0.00047460844803037496
Banco	3	0.00047460844803037496
SIMEX	3	0.00047460844803037496
Defence	3	0.00047460844803037496
Stork	3	0.00047460844803037496
LE	3	0.00047460844803037496
Atria	3	0.00047460844803037496
Nomura	3	0.00047460844803037496
Tamil	3	0.00047460844803037496
Costain	3	0.00047460844803037496
Catholic	3	0.00047460844803037496
Eletropaulo	3	0.00047460844803037496
FIS	3	0.00047460844803037496
VNU	3	0.00047460844803037496
Bertelsmann	3	0.00047460844803037496
Cooperative	3	0.00047460844803037496
Saskatchewan	3	0.00047460844803037496
Olympiakos	3	0.00047460844803037496
Maccabi	3	0.00047460844803037496
Roma	3	0.00047460844803037496
Pescara	3	0.00047460844803037496
Lecce	3	0.00047460844803037496
Duisburg	3	0.00047460844803037496
Dream	3	0.00047460844803037496
COMEX	3	0.00047460844803037496
CBSA	3	0.00047460844803037496
ENAP	3	0.00047460844803037496
Oriente	3	0.00047460844803037496
UES	3	0.00047460844803037496
VW	3	0.00047460844803037496
Equitas	3	0.00047460844803037496
Liu	3	0.00047460844803037496
EEC	3	0.00047460844803037496
FFK	3	0.00047460844803037496
Keane	3	0.00047460844803037496
Audi	3	0.00047460844803037496
Siam	3	0.00047460844803037496
Selection	3	0.00047460844803037496
BBC	2	0.00031640563202024995
People	2	0.00031640563202024995
Association	2	0.00031640563202024995
Seat	2	0.00031640563202024995
Porsche	2	0.00031640563202024995
BAYERISCHE	2	0.00031640563202024995
Lloyds	2	0.00031640563202024995
Israel	2	0.00031640563202024995
KDPI	2	0.00031640563202024995
AN-NAHAR	2	0.00031640563202024995
AS-SAFIR	2	0.00031640563202024995
AL-ANWAR	2	0.00031640563202024995
AD-DIYAR	2	0.00031640563202024995
NIDA'A	2	0.00031640563202024995
Wall	2	0.00031640563202024995
Statoil	2	0.00031640563202024995
Helsinki	2	0.00031640563202024995
ZDF	2	0.00031640563202024995
Boland	2	0.00031640563202024995
Shelbourne	2	0.00031640563202024995
Olimpija	2	0.00031640563202024995
RAF	2	0.00031640563202024995
US	2	0.00031640563202024995
Varteks	2	0.00031640563202024995
IFK	2	0.00031640563202024995
Indians	2	0.00031640563202024995
Angels	2	0.00031640563202024995
Royals	2	0.00031640563202024995
Twins	2	0.00031640563202024995
Health	2	0.00031640563202024995
HCFA	2	0.00031640563202024995
Oppenheimer	2	0.00031640563202024995
MIT	2	0.00031640563202024995
Duff	2	0.00031640563202024995
Japan	2	0.00031640563202024995
Shining	2	0.00031640563202024995
Interbank	2	0.00031640563202024995
NSDAP-AO	2	0.00031640563202024995
Eastern	2	0.00031640563202024995
RBI	2	0.00031640563202024995
TV	2	0.00031640563202024995
Harper-Collins	2	0.00031640563202024995
BNZ	2	0.00031640563202024995
Ka	2	0.00031640563202024995
Indonesian	2	0.00031640563202024995
PT	2	0.00031640563202024995
Council	2	0.00031640563202024995
Paramount	2	0.00031640563202024995
WARWICKSHIRE	2	0.00031640563202024995
SC	2	0.00031640563202024995
Espinho	2	0.00031640563202024995
JORNAL	2	0.00031640563202024995
Government	2	0.00031640563202024995
Primedia	2	0.00031640563202024995
Distillers	2	0.00031640563202024995
Iscor	2	0.00031640563202024995
McCarthy	2	0.00031640563202024995
Imphold	2	0.00031640563202024995
M&R	2	0.00031640563202024995
JD	2	0.00031640563202024995
TVX	2	0.00031640563202024995
Kinross	2	0.00031640563202024995
Scorpion	2	0.00031640563202024995
Unitog	2	0.00031640563202024995
Property	2	0.00031640563202024995
Berkshire	2	0.00031640563202024995
AMR	2	0.00031640563202024995
TBN	2	0.00031640563202024995
Dublin	2	0.00031640563202024995
HINA	2	0.00031640563202024995
Russian	2	0.00031640563202024995
Tanjug	2	0.00031640563202024995
Jordanian	2	0.00031640563202024995
Anatolian	2	0.00031640563202024995
Lufthansa	2	0.00031640563202024995
Reuter	2	0.00031640563202024995
Beirut	2	0.00031640563202024995
BSM	2	0.00031640563202024995
Ciments	2	0.00031640563202024995
GTE	2	0.00031640563202024995
Bureau	2	0.00031640563202024995
EVEREN	2	0.00031640563202024995
CheckFree	2	0.00031640563202024995
Alpha	2	0.00031640563202024995
Koninklijke	2	0.00031640563202024995
Amsterdam	2	0.00031640563202024995
Boskalis	2	0.00031640563202024995
BME	2	0.00031640563202024995
Sumitomo	2	0.00031640563202024995
Holdings	2	0.00031640563202024995
IRISH	2	0.00031640563202024995
Jiangling	2	0.00031640563202024995
Subaru	2	0.00031640563202024995
Hibernian	2	0.00031640563202024995
Dunfermline	2	0.00031640563202024995
Kilmarnock	2	0.00031640563202024995
Airdrieonians	2	0.00031640563202024995
Clydebank	2	0.00031640563202024995
Stirling	2	0.00031640563202024995
Greenock	2	0.00031640563202024995
Partick	2	0.00031640563202024995
Berwick	2	0.00031640563202024995
Stenhousemuir	2	0.00031640563202024995
Brechin	2	0.00031640563202024995
Ayr	2	0.00031640563202024995
Hamilton	2	0.00031640563202024995
Clyde	2	0.00031640563202024995
Dumbarton	2	0.00031640563202024995
Stranraer	2	0.00031640563202024995
Livingston	2	0.00031640563202024995
Alloa	2	0.00031640563202024995
Arbroath	2	0.00031640563202024995
Cowdenbeath	2	0.00031640563202024995
Forfar	2	0.00031640563202024995
Inverness	2	0.00031640563202024995
Ross	2	0.00031640563202024995
Wednesday	2	0.00031640563202024995
Cukaricki	2	0.00031640563202024995
Hajduk	2	0.00031640563202024995
Becej	2	0.00031640563202024995
Borac	2	0.00031640563202024995
Zemun	2	0.00031640563202024995
Rad	2	0.00031640563202024995
Vojvodina	2	0.00031640563202024995
Proleter	2	0.00031640563202024995
Sutjeska	2	0.00031640563202024995
Sloboda	2	0.00031640563202024995
Loznica	2	0.00031640563202024995
Obilic	2	0.00031640563202024995
Radnicki	2	0.00031640563202024995
Rudar	2	0.00031640563202024995
Alaska	2	0.00031640563202024995
Ginebra	2	0.00031640563202024995
Nijmeh	2	0.00031640563202024995
Nasr	2	0.00031640563202024995
PSA	2	0.00031640563202024995
Resalat	2	0.00031640563202024995
Basque	2	0.00031640563202024995
Human	2	0.00031640563202024995
VeriSign	2	0.00031640563202024995
Apple	2	0.00031640563202024995
Kleiner	2	0.00031640563202024995
Suzuki	2	0.00031640563202024995
A.S.	2	0.00031640563202024995
Ceahlaul	2	0.00031640563202024995
Otelul	2	0.00031640563202024995
Sportul	2	0.00031640563202024995
Politehnica	2	0.00031640563202024995
Steaua	2	0.00031640563202024995
Alaniya	2	0.00031640563202024995
Zhemchuzhina	2	0.00031640563202024995
Baltika	2	0.00031640563202024995
Zenit	2	0.00031640563202024995
Chernomorets	2	0.00031640563202024995
Rostselmash	2	0.00031640563202024995
Rotor	2	0.00031640563202024995
Kamaz	2	0.00031640563202024995
Lada	2	0.00031640563202024995
Krylya	2	0.00031640563202024995
Uralmash	2	0.00031640563202024995
Cronulla	2	0.00031640563202024995
Kansas	2	0.00031640563202024995
CUBS	2	0.00031640563202024995
Reds	2	0.00031640563202024995
FIORENTINA	2	0.00031640563202024995
Boca	2	0.00031640563202024995
Tromso	2	0.00031640563202024995
Kongsvinger	2	0.00031640563202024995
Valerenga	2	0.00031640563202024995
Skeid	2	0.00031640563202024995
Stabaek	2	0.00031640563202024995
Stromsgodset	2	0.00031640563202024995
Molde	2	0.00031640563202024995
Bodo	2	0.00031640563202024995
Viking	2	0.00031640563202024995
Start	2	0.00031640563202024995
Rosenborg	2	0.00031640563202024995
Lillestrom	2	0.00031640563202024995
Aarau	2	0.00031640563202024995
Young	2	0.00031640563202024995
Grasshopper	2	0.00031640563202024995
Lucerne	2	0.00031640563202024995
Lugano	2	0.00031640563202024995
Basle	2	0.00031640563202024995
Zurich	2	0.00031640563202024995
Genk	2	0.00031640563202024995
Club	2	0.00031640563202024995
Harelbeke	2	0.00031640563202024995
Mechelen	2	0.00031640563202024995
Press	2	0.00031640563202024995
Board	2	0.00031640563202024995
Truth	2	0.00031640563202024995
KNU	2	0.00031640563202024995
AL	2	0.00031640563202024995
AD	2	0.00031640563202024995
Towers	2	0.00031640563202024995
Awami	2	0.00031640563202024995
Bangladesh	2	0.00031640563202024995
Mironivka	2	0.00031640563202024995
Impala	2	0.00031640563202024995
Malbak	2	0.00031640563202024995
Eli	2	0.00031640563202024995
River	2	0.00031640563202024995
Kremin	2	0.00031640563202024995
Vorskla	2	0.00031640563202024995
Shakhtar	2	0.00031640563202024995
Kryvbas	2	0.00031640563202024995
Karpaty	2	0.00031640563202024995
Prykarpattya	2	0.00031640563202024995
Zirka-Nibas	2	0.00031640563202024995
Chornomorets	2	0.00031640563202024995
Metalurg	2	0.00031640563202024995
Dnipro	2	0.00031640563202024995
Tatran	2	0.00031640563202024995
Artmedia	2	0.00031640563202024995
JAS	2	0.00031640563202024995
DAC	2	0.00031640563202024995
Dukla	2	0.00031640563202024995
MSK	2	0.00031640563202024995
Petrimex	2	0.00031640563202024995
Lokomotiva	2	0.00031640563202024995
Kerametal	2	0.00031640563202024995
Stadler	2	0.00031640563202024995
Haladas	2	0.00031640563202024995
MTK	2	0.00031640563202024995
Bekescsaba	2	0.00031640563202024995
BVSC	2	0.00031640563202024995
Csepel	2	0.00031640563202024995
ZTE	2	0.00031640563202024995
Debrecen	2	0.00031640563202024995
Siofok	2	0.00031640563202024995
Ujpest	2	0.00031640563202024995
Vac	2	0.00031640563202024995
Vasas	2	0.00031640563202024995
Pecs	2	0.00031640563202024995
Videoton	2	0.00031640563202024995
Banik	2	0.00031640563202024995
Boby	2	0.00031640563202024995
Sigma	2	0.00031640563202024995
Kaucuk	2	0.00031640563202024995
Atlante	2	0.00031640563202024995
Atlas	2	0.00031640563202024995
Cruz	2	0.00031640563202024995
Leon	2	0.00031640563202024995
Guadalajara	2	0.00031640563202024995
Monterrey	2	0.00031640563202024995
Veracruz	2	0.00031640563202024995
Pachuca	2	0.00031640563202024995
Toluca	2	0.00031640563202024995
Puebla	2	0.00031640563202024995
UNAM	2	0.00031640563202024995
Morelia	2	0.00031640563202024995
UAG	2	0.00031640563202024995
Neza	2	0.00031640563202024995
Newell	2	0.00031640563202024995
Fluminense	2	0.00031640563202024995
Widad	2	0.00031640563202024995
Dodgers	2	0.00031640563202024995
Padres	2	0.00031640563202024995
Astros	2	0.00031640563202024995
Cardinals	2	0.00031640563202024995
Real	2	0.00031640563202024995
PEC	2	0.00031640563202024995
Dnevi	2	0.00031640563202024995
SDA	2	0.00031640563202024995
Zagreb	2	0.00031640563202024995
Bancomext	2	0.00031640563202024995
Radio	2	0.00031640563202024995
Northcote	2	0.00031640563202024995
IPE	2	0.00031640563202024995
PDI	2	0.00031640563202024995
Gingrich	2	0.00031640563202024995
Karachi	2	0.00031640563202024995
KSE	2	0.00031640563202024995
Indian	2	0.00031640563202024995
Marion	2	0.00031640563202024995
A.G.	2	0.00031640563202024995
Washington	2	0.00031640563202024995
IHC	2	0.00031640563202024995
Assembly	2	0.00031640563202024995
Belga	2	0.00031640563202024995
Fontaine	2	0.00031640563202024995
Aronkasei	2	0.00031640563202024995
LA	2	0.00031640563202024995
Tarmac	2	0.00031640563202024995
Hanson	2	0.00031640563202024995
Earth	2	0.00031640563202024995
YANKEES	2	0.00031640563202024995
Foreldorado	2	0.00031640563202024995
Aki	2	0.00031640563202024995
Krpaco	2	0.00031640563202024995
CBOE	2	0.00031640563202024995
Pacific	2	0.00031640563202024995
Purepac	2	0.00031640563202024995
Sidor	2	0.00031640563202024995
Radical	2	0.00031640563202024995
Matahari	2	0.00031640563202024995
Eau	2	0.00031640563202024995
Robert	2	0.00031640563202024995
GAN	2	0.00031640563202024995
Essilor	2	0.00031640563202024995
Nepali	2	0.00031640563202024995
UML	2	0.00031640563202024995
AdOn	2	0.00031640563202024995
Swiss	2	0.00031640563202024995
DBRS	2	0.00031640563202024995
Transkaryotic	2	0.00031640563202024995
Morgan	2	0.00031640563202024995
Forsa	2	0.00031640563202024995
SWP	2	0.00031640563202024995
MX	2	0.00031640563202024995
Rugby	2	0.00031640563202024995
Pirates	2	0.00031640563202024995
Alba	2	0.00031640563202024995
Empoli	2	0.00031640563202024995
Cesena	2	0.00031640563202024995
Udinese	2	0.00031640563202024995
Cremonese	2	0.00031640563202024995
Cosenza	2	0.00031640563202024995
Fidelis	2	0.00031640563202024995
Piacenza	2	0.00031640563202024995
Sampdoria	2	0.00031640563202024995
Leverkusen	2	0.00031640563202024995
Chiron	2	0.00031640563202024995
FDA	2	0.00031640563202024995
Fed	2	0.00031640563202024995
Sky	2	0.00031640563202024995
CAF	2	0.00031640563202024995
CRP	2	0.00031640563202024995
ASUU	2	0.00031640563202024995
CVRD	2	0.00031640563202024995
Vale	2	0.00031640563202024995
Arthur	2	0.00031640563202024995
Oklahoma	2	0.00031640563202024995
Eksportfinans	2	0.00031640563202024995
Suedwest	2	0.00031640563202024995
Credit	2	0.00031640563202024995
Pakistan	2	0.00031640563202024995
Welspun	2	0.00031640563202024995
AEI	2	0.00031640563202024995
CNN	2	0.00031640563202024995
Career	2	0.00031640563202024995
Eva	2	0.00031640563202024995
Gente	2	0.00031640563202024995
FINANCIAL	2	0.00031640563202024995
Guinness	2	0.00031640563202024995
Shanghai-Ek	2	0.00031640563202024995
LDP	2	0.00031640563202024995
DIARIO	2	0.00031640563202024995
CINCO	2	0.00031640563202024995
EXPANSION	2	0.00031640563202024995
GACETA	2	0.00031640563202024995
DHA	2	0.00031640563202024995
MG-Technogym	2	0.00031640563202024995
ZIFA	2	0.00031640563202024995
OCEI	2	0.00031640563202024995
Star	2	0.00031640563202024995
Piper	2	0.00031640563202024995
Conference	2	0.00031640563202024995
Sui	2	0.00031640563202024995
Vicorp	2	0.00031640563202024995
SoCal	2	0.00031640563202024995
Dreyfus	2	0.00031640563202024995
PMC-Sierra	2	0.00031640563202024995
Oasis	2	0.00031640563202024995
Life	2	0.00031640563202024995
Southland	2	0.00031640563202024995
NBA	2	0.00031640563202024995
RMT	2	0.00031640563202024995
Airport	2	0.00031640563202024995
SRC	2	0.00031640563202024995
Loxley	2	0.00031640563202024995
Welsh	1	0.00015820281601012498
NFU	1	0.00015820281601012498
Shen	1	0.00015820281601012498
Opel	1	0.00015820281601012498
General	1	0.00015820281601012498
BayerVB	1	0.00015820281601012498
Venantius	1	0.00015820281601012498
VENANTIUS	1	0.00015820281601012498
3M	1	0.00015820281601012498
Channel	1	0.00015820281601012498
Resistance	1	0.00015820281601012498
Aerostan	1	0.00015820281601012498
Duma	1	0.00015820281601012498
THAWRA	1	0.00015820281601012498
Hizbollah	1	0.00015820281601012498
Maronite	1	0.00015820281601012498
KinderCare	1	0.00015820281601012498
SNET	1	0.00015820281601012498
Gateway	1	0.00015820281601012498
Consolidated	1	0.00015820281601012498
FLNC	1	0.00015820281601012498
Bally	1	0.00015820281601012498
France	1	0.00015820281601012498
Den	1	0.00015820281601012498
Status	1	0.00015820281601012498
GLORIA	1	0.00015820281601012498
Cheveley	1	0.00015820281601012498
BLACKBURN	1	0.00015820281601012498
Glasgow	1	0.00015820281601012498
BOLAND	1	0.00015820281601012498
Flamurtari	1	0.00015820281601012498
Llansantffraid	1	0.00015820281601012498
Kotaik	1	0.00015820281601012498
Kareda	1	0.00015820281601012498
Tallinna	1	0.00015820281601012498
Levski	1	0.00015820281601012498
Havnar	1	0.00015820281601012498
Batumi	1	0.00015820281601012498
Glentoran	1	0.00015820281601012498
Chisinau	1	0.00015820281601012498
MyPa-47	1	0.00015820281601012498
Karabach	1	0.00015820281601012498
Mypa-47	1	0.00015820281601012498
Sloga	1	0.00015820281601012498
Add	1	0.00015820281601012498
Rishon	1	0.00015820281601012498
Constructorol	1	0.00015820281601012498
FERENCVAROS	1	0.00015820281601012498
INDIANS	1	0.00015820281601012498
Athletics	1	0.00015820281601012498
Lancet	1	0.00015820281601012498
Confederation	1	0.00015820281601012498
Lichtwer	1	0.00015820281601012498
Overseas	1	0.00015820281601012498
ULIMO-J	1	0.00015820281601012498
Economic	1	0.00015820281601012498
OIC	1	0.00015820281601012498
IBCA	1	0.00015820281601012498
Thomson	1	0.00015820281601012498
Czech	1	0.00015820281601012498
CNB	1	0.00015820281601012498
OSLOBODJENJE	1	0.00015820281601012498
Bosnian	1	0.00015820281601012498
DNEVNI	1	0.00015820281601012498
Coast	1	0.00015820281601012498
Navy	1	0.00015820281601012498
Steel	1	0.00015820281601012498
Buenos	1	0.00015820281601012498
Jungle	1	0.00015820281601012498
PA	1	0.00015820281601012498
Columbia	1	0.00015820281601012498
Ihlas	1	0.00015820281601012498
Isbank	1	0.00015820281601012498
Cukurova	1	0.00015820281601012498
Istanbul	1	0.00015820281601012498
NS	1	0.00015820281601012498
Algeria	1	0.00015820281601012498
ADV	1	0.00015820281601012498
Criminal	1	0.00015820281601012498
Dhaka	1	0.00015820281601012498
DSE	1	0.00015820281601012498
Apex	1	0.00015820281601012498
Fox	1	0.00015820281601012498
Asian	1	0.00015820281601012498
Coalition	1	0.00015820281601012498
Correction	1	0.00015820281601012498
HSBC	1	0.00015820281601012498
Bernama	1	0.00015820281601012498
Super	1	0.00015820281601012498
Van	1	0.00015820281601012498
Ciputra	1	0.00015820281601012498
Viacom	1	0.00015820281601012498
Springbok	1	0.00015820281601012498
SPORTING	1	0.00015820281601012498
Lisbon	1	0.00015820281601012498
PORTO	1	0.00015820281601012498
Bremen	1	0.00015820281601012498
Dortmund	1	0.00015820281601012498
PAO	1	0.00015820281601012498
x-AEK	1	0.00015820281601012498
x-Olympiakos	1	0.00015820281601012498
x-PAO	1	0.00015820281601012498
Lyngby	1	0.00015820281601012498
x-Club	1	0.00015820281601012498
Casino	1	0.00015820281601012498
Besiktas	1	0.00015820281601012498
Alania	1	0.00015820281601012498
x-Anderlecht	1	0.00015820281601012498
x-Cercle	1	0.00015820281601012498
Ulster	1	0.00015820281601012498
Barrington	1	0.00015820281601012498
Avianca	1	0.00015820281601012498
ACES	1	0.00015820281601012498
Konpolis	1	0.00015820281601012498
KPC	1	0.00015820281601012498
Petrobulk	1	0.00015820281601012498
Honam	1	0.00015820281601012498
Stentex	1	0.00015820281601012498
Kpaitan	1	0.00015820281601012498
Hess	1	0.00015820281601012498
AP	1	0.00015820281601012498
BP	1	0.00015820281601012498
Tiber	1	0.00015820281601012498
Stinnes	1	0.00015820281601012498
Tenacity	1	0.00015820281601012498
SKS	1	0.00015820281601012498
Northsea	1	0.00015820281601012498
Jomo	1	0.00015820281601012498
Sibonina	1	0.00015820281601012498
Marubeni	1	0.00015820281601012498
Neptune	1	0.00015820281601012498
Sietco	1	0.00015820281601012498
Fulmar	1	0.00015820281601012498
Hemina	1	0.00015820281601012498
Eleusis	1	0.00015820281601012498
UKCM	1	0.00015820281601012498
Hebrew	1	0.00015820281601012498
Football	1	0.00015820281601012498
F.A.I.	1	0.00015820281601012498
Fenerbahce	1	0.00015820281601012498
NAN	1	0.00015820281601012498
Rally	1	0.00015820281601012498
RDR	1	0.00015820281601012498
Hina	1	0.00015820281601012498
PAP	1	0.00015820281601012498
Amazon	1	0.00015820281601012498
Trade	1	0.00015820281601012498
Chesapeake	1	0.00015820281601012498
WBUR-FM	1	0.00015820281601012498
Lufthanseat	1	0.00015820281601012498
WSC-India	1	0.00015820281601012498
Weather	1	0.00015820281601012498
Kathmandu	1	0.00015820281601012498
Bundesbank	1	0.00015820281601012498
Eternit	1	0.00015820281601012498
Uniceramic	1	0.00015820281601012498
Networks	1	0.00015820281601012498
Disney	1	0.00015820281601012498
Ameritech	1	0.00015820281601012498
BellSouth	1	0.00015820281601012498
Kalf	1	0.00015820281601012498
Natural	1	0.00015820281601012498
Times	1	0.00015820281601012498
Giga	1	0.00015820281601012498
Gartner	1	0.00015820281601012498
Symantec	1	0.00015820281601012498
Touchstone	1	0.00015820281601012498
PC	1	0.00015820281601012498
Arkansas	1	0.00015820281601012498
F.B.I.	1	0.00015820281601012498
PTT	1	0.00015820281601012498
Australia	1	0.00015820281601012498
Telstra	1	0.00015820281601012498
Australian	1	0.00015820281601012498
Labor	1	0.00015820281601012498
Lihir	1	0.00015820281601012498
Yonsei	1	0.00015820281601012498
Bloomsbury	1	0.00015820281601012498
Stock	1	0.00015820281601012498
Spar	1	0.00015820281601012498
Les	1	0.00015820281601012498
Rothschild	1	0.00015820281601012498
Rewe	1	0.00015820281601012498
Lidl	1	0.00015820281601012498
Specia	1	0.00015820281601012498
Dia	1	0.00015820281601012498
Aldi	1	0.00015820281601012498
Taylor	1	0.00015820281601012498
Ivernia	1	0.00015820281601012498
Minorco	1	0.00015820281601012498
CRH	1	0.00015820281601012498
Tilcon	1	0.00015820281601012498
Dunnes	1	0.00015820281601012498
ESSEX	1	0.00015820281601012498
Falkirk	1	0.00015820281601012498
Monstrose	1	0.00015820281601012498
NEWCASTLE	1	0.00015820281601012498
Zeleznik	1	0.00015820281601012498
Purefoods	1	0.00015820281601012498
Shell	1	0.00015820281601012498
Belenenses	1	0.00015820281601012498
Boavista	1	0.00015820281601012498
Action	1	0.00015820281601012498
PSC	1	0.00015820281601012498
al-Ingaz	1	0.00015820281601012498
Zeri	1	0.00015820281601012498
Golden	1	0.00015820281601012498
Movement	1	0.00015820281601012498
JUMHOURIYA	1	0.00015820281601012498
QADISSIYA	1	0.00015820281601012498
BABEL	1	0.00015820281601012498
IFOR	1	0.00015820281601012498
Bild	1	0.00015820281601012498
Justice	1	0.00015820281601012498
El-Watan	1	0.00015820281601012498
Centre	1	0.00015820281601012498
CIS	1	0.00015820281601012498
PP	1	0.00015820281601012498
Jamaat-i-Islami	1	0.00015820281601012498
RSA	1	0.00015820281601012498
Oracle	1	0.00015820281601012498
PSI	1	0.00015820281601012498
Individual	1	0.00015820281601012498
Husaberg	1	0.00015820281601012498
TM	1	0.00015820281601012498
Crvena	1	0.00015820281601012498
Zelesnik	1	0.00015820281601012498
Chindia	1	0.00015820281601012498
Tekstilshik	1	0.00015820281601012498
Tekstilshchik	1	0.00015820281601012498
ANGELS	1	0.00015820281601012498
Triple-A	1	0.00015820281601012498
Guimaraes	1	0.00015820281601012498
Gil	1	0.00015820281601012498
MILAN	1	0.00015820281601012498
Lausanne	1	0.00015820281601012498
GRONINGEN	1	0.00015820281601012498
Waalwijk	1	0.00015820281601012498
ANP	1	0.00015820281601012498
NZPA	1	0.00015820281601012498
AFL	1	0.00015820281601012498
African	1	0.00015820281601012498
ANC	1	0.00015820281601012498
Freedom	1	0.00015820281601012498
ERP	1	0.00015820281601012498
Mexican	1	0.00015820281601012498
Zapatista	1	0.00015820281601012498
FARC	1	0.00015820281601012498
Karen	1	0.00015820281601012498
JORDAN	1	0.00015820281601012498
HAARETZ	1	0.00015820281601012498
YEDIOTH	1	0.00015820281601012498
MAARIV	1	0.00015820281601012498
JERUSALEM	1	0.00015820281601012498
Kabul	1	0.00015820281601012498
Jumbish-i-Milli	1	0.00015820281601012498
Hezb-i-Islami	1	0.00015820281601012498
Janakantha	1	0.00015820281601012498
Ukrainian	1	0.00015820281601012498
Lonrho	1	0.00015820281601012498
DLJ	1	0.00015820281601012498
Mallinckrodt	1	0.00015820281601012498
LEEDS	1	0.00015820281601012498
Morton	1	0.00015820281601012498
Falkir	1	0.00015820281601012498
Montrose	1	0.00015820281601012498
FIFA	1	0.00015820281601012498
Tavria	1	0.00015820281601012498
NTV	1	0.00015820281601012498
Videoton(*	1	0.00015820281601012498
FTC	1	0.00015820281601012498
Gyor	1	0.00015820281601012498
III.ker.TVE	1	0.00015820281601012498
Parmalat	1	0.00015820281601012498
Necaxa	1	0.00015820281601012498
Celaya	1	0.00015820281601012498
Estudiantes	1	0.00015820281601012498
Ferro	1	0.00015820281601012498
Independiente	1	0.00015820281601012498
Gimnasia-Jujuy	1	0.00015820281601012498
Platense	1	0.00015820281601012498
Huracan	1	0.00015820281601012498
Lanus	1	0.00015820281601012498
Huracan-Corrientes	1	0.00015820281601012498
Union	1	0.00015820281601012498
Velez	1	0.00015820281601012498
Racing	1	0.00015820281601012498
Rosario	1	0.00015820281601012498
Gimnasia-La	1	0.00015820281601012498
Banfield	1	0.00015820281601012498
Deportivo	1	0.00015820281601012498
Colon	1	0.00015820281601012498
Cricuma	1	0.00015820281601012498
Criciuma	1	0.00015820281601012498
Oujda	1	0.00015820281601012498
Raja	1	0.00015820281601012498
Tetouan	1	0.00015820281601012498
Jeunesse	1	0.00015820281601012498
Meknes	1	0.00015820281601012498
Settat	1	0.00015820281601012498
Marrakesh	1	0.00015820281601012498
Khouribga	1	0.00015820281601012498
Mohammedia	1	0.00015820281601012498
Sidi	1	0.00015820281601012498
Hassania	1	0.00015820281601012498
USTA	1	0.00015820281601012498
Castilla	1	0.00015820281601012498
Giants	1	0.00015820281601012498
Internazionale	1	0.00015820281601012498
ATLETICO	1	0.00015820281601012498
NOTICIAS	1	0.00015820281601012498
Noticias	1	0.00015820281601012498
Emeraud	1	0.00015820281601012498
Yugo	1	0.00015820281601012498
Belgrade	1	0.00015820281601012498
SVCD	1	0.00015820281601012498
Bulatka	1	0.00015820281601012498
Balkan	1	0.00015820281601012498
Polish	1	0.00015820281601012498
PBR	1	0.00015820281601012498
Warsaw	1	0.00015820281601012498
Brent	1	0.00015820281601012498
Saudi	1	0.00015820281601012498
Pentagon	1	0.00015820281601012498
Alcan	1	0.00015820281601012498
Noranda	1	0.00015820281601012498
RSR	1	0.00015820281601012498
Doe	1	0.00015820281601012498
ASARCO	1	0.00015820281601012498
Parkway	1	0.00015820281601012498
Broward	1	0.00015820281601012498
Dole	1	0.00015820281601012498
Handgun	1	0.00015820281601012498
Environment	1	0.00015820281601012498
Diamond	1	0.00015820281601012498
Tosco	1	0.00015820281601012498
Total	1	0.00015820281601012498
Valero	1	0.00015820281601012498
WesBanco	1	0.00015820281601012498
Steptoe	1	0.00015820281601012498
Ferris	1	0.00015820281601012498
J.J.	1	0.00015820281601012498
OHIO	1	0.00015820281601012498
Banc	1	0.00015820281601012498
S.B.K-	1	0.00015820281601012498
Seasongood	1	0.00015820281601012498
Sidwell	1	0.00015820281601012498
Nutricia	1	0.00015820281601012498
Fokker	1	0.00015820281601012498
Europe	1	0.00015820281601012498
RABOBANK	1	0.00015820281601012498
Ipsos	1	0.00015820281601012498
SNCF	1	0.00015820281601012498
ATRIA	1	0.00015820281601012498
Chart	1	0.00015820281601012498
UNSCOM	1	0.00015820281601012498
Lebanon	1	0.00015820281601012498
Lebanese	1	0.00015820281601012498
Eurobourses	1	0.00015820281601012498
wall	1	0.00015820281601012498
Treasuries	1	0.00015820281601012498
Fahnestock	1	0.00015820281601012498
Building	1	0.00015820281601012498
Alarm	1	0.00015820281601012498
Road	1	0.00015820281601012498
Construction	1	0.00015820281601012498
UBS	1	0.00015820281601012498
Jakarta	1	0.00015820281601012498
RAITH	1	0.00015820281601012498
MANCHESTER	1	0.00015820281601012498
City	1	0.00015820281601012498
Rovers	1	0.00015820281601012498
Romanian	1	0.00015820281601012498
GIANTS	1	0.00015820281601012498
PHILLIES	1	0.00015820281601012498
Phillies	1	0.00015820281601012498
MARSEILLE	1	0.00015820281601012498
AUXERRE	1	0.00015820281601012498
NEUCHATEL	1	0.00015820281601012498
COFINEC	1	0.00015820281601012498
ABN-AMRO	1	0.00015820281601012498
PSE	1	0.00015820281601012498
AGROTONZ	1	0.00015820281601012498
AVIA	1	0.00015820281601012498
BARUM	1	0.00015820281601012498
CESKA	1	0.00015820281601012498
CKD	1	0.00015820281601012498
EMKAM	1	0.00015820281601012498
KABLO	1	0.00015820281601012498
KOMERCNI	1	0.00015820281601012498
LECIVA	1	0.00015820281601012498
METROSTAV	1	0.00015820281601012498
MORAV.CHEMIC.	1	0.00015820281601012498
OKD	1	0.00015820281601012498
PF	1	0.00015820281601012498
RIF	1	0.00015820281601012498
SELIKO	1	0.00015820281601012498
SOKOLOVSKA	1	0.00015820281601012498
SPIF	1	0.00015820281601012498
SPT	1	0.00015820281601012498
SKODA	1	0.00015820281601012498
TABAK	1	0.00015820281601012498
TRINECKE	1	0.00015820281601012498
VODNI	1	0.00015820281601012498
Purdue	1	0.00015820281601012498
Zeneca	1	0.00015820281601012498
F.H.	1	0.00015820281601012498
RIA	1	0.00015820281601012498
Chamber	1	0.00015820281601012498
Party	1	0.00015820281601012498
PDSR	1	0.00015820281601012498
Transportation	1	0.00015820281601012498
Judicial	1	0.00015820281601012498
Corporacion	1	0.00015820281601012498
Venalum	1	0.00015820281601012498
Alucasa	1	0.00015820281601012498
TBC	1	0.00015820281601012498
Peronists	1	0.00015820281601012498
Military	1	0.00015820281601012498
Democrat	1	0.00015820281601012498
YMCA	1	0.00015820281601012498
Akron	1	0.00015820281601012498
,	1	0.00015820281601012498
Massachusetts	1	0.00015820281601012498
CFDT	1	0.00015820281601012498
Federation	1	0.00015820281601012498
FSU	1	0.00015820281601012498
Elf	1	0.00015820281601012498
Rhone	1	0.00015820281601012498
UIC	1	0.00015820281601012498
Carrefour	1	0.00015820281601012498
Cheuvreux	1	0.00015820281601012498
Scor	1	0.00015820281601012498
Prudential	1	0.00015820281601012498
Mercantile	1	0.00015820281601012498
Re	1	0.00015820281601012498
Bollore	1	0.00015820281601012498
Scac	1	0.00015820281601012498
SDV	1	0.00015820281601012498
Alcatel	1	0.00015820281601012498
Oakley	1	0.00015820281601012498
Gentext	1	0.00015820281601012498
VEERAKESARI	1	0.00015820281601012498
TELO	1	0.00015820281601012498
THINAKARAN	1	0.00015820281601012498
UNP	1	0.00015820281601012498
DAILY	1	0.00015820281601012498
LANKADEEPA	1	0.00015820281601012498
DIVAINA	1	0.00015820281601012498
DINAMINA	1	0.00015820281601012498
Ruhunu	1	0.00015820281601012498
Shishu	1	0.00015820281601012498
Prem	1	0.00015820281601012498
Gift	1	0.00015820281601012498
Bhattarai	1	0.00015820281601012498
Communist	1	0.00015820281601012498
Bedibunder	1	0.00015820281601012498
Bhavnagar	1	0.00015820281601012498
Banglabazar	1	0.00015820281601012498
Merrion	1	0.00015820281601012498
HMG	1	0.00015820281601012498
VTM	1	0.00015820281601012498
Dominion	1	0.00015820281601012498
al-Tadamun	1	0.00015820281601012498
Information	1	0.00015820281601012498
IPO	1	0.00015820281601012498
Hoechst	1	0.00015820281601012498
AMTRAK	1	0.00015820281601012498
Electoral	1	0.00015820281601012498
Forschungsgruppe	1	0.00015820281601012498
Platignum	1	0.00015820281601012498
Immigration	1	0.00015820281601012498
Macedonian	1	0.00015820281601012498
Taipei	1	0.00015820281601012498
Authority	1	0.00015820281601012498
Palestine	1	0.00015820281601012498
Mediaset	1	0.00015820281601012498
APA	1	0.00015820281601012498
Man	1	0.00015820281601012498
Jockey	1	0.00015820281601012498
2000	1	0.00015820281601012498
DODGERS	1	0.00015820281601012498
Expos	1	0.00015820281601012498
Mets	1	0.00015820281601012498
Griqualand	1	0.00015820281601012498
MCC	1	0.00015820281601012498
RED	1	0.00015820281601012498
FORMULA	1	0.00015820281601012498
Tel	1	0.00015820281601012498
Cubs	1	0.00015820281601012498
PARMA	1	0.00015820281601012498
ROMA	1	0.00015820281601012498
UDINESE	1	0.00015820281601012498
Palermo	1	0.00015820281601012498
Atalanta	1	0.00015820281601012498
Nocerina	1	0.00015820281601012498
Perugia	1	0.00015820281601012498
BAYERN	1	0.00015820281601012498
Spal	1	0.00015820281601012498
Reggiana	1	0.00015820281601012498
Lucchese	1	0.00015820281601012498
Vicenza	1	0.00015820281601012498
Bologna	1	0.00015820281601012498
Torino	1	0.00015820281601012498
Avellino	1	0.00015820281601012498
Lazio	1	0.00015820281601012498
Bari	1	0.00015820281601012498
Verona	1	0.00015820281601012498
Monza	1	0.00015820281601012498
Napoli	1	0.00015820281601012498
Chievo	1	0.00015820281601012498
Ravenna	1	0.00015820281601012498
LENS	1	0.00015820281601012498
Doetinchem	1	0.00015820281601012498
Munich	1	0.00015820281601012498
Trax	1	0.00015820281601012498
Schering	1	0.00015820281601012498
BioVest	1	0.00015820281601012498
Codelco	1	0.00015820281601012498
Copper	1	0.00015820281601012498
Harleysville	1	0.00015820281601012498
Empresa	1	0.00015820281601012498
Ecuadorian	1	0.00015820281601012498
Petroecuador	1	0.00015820281601012498
Brotherhood	1	0.00015820281601012498
Four	1	0.00015820281601012498
Vancouver	1	0.00015820281601012498
ASEC	1	0.00015820281601012498
RUF	1	0.00015820281601012498
Liberia	1	0.00015820281601012498
Constitutional	1	0.00015820281601012498
Academic	1	0.00015820281601012498
Tafawa	1	0.00015820281601012498
Vogue	1	0.00015820281601012498
Alliance-Menatep	1	0.00015820281601012498
CentrInvest	1	0.00015820281601012498
Mosenergo	1	0.00015820281601012498
Rostelekom	1	0.00015820281601012498
LUKoil	1	0.00015820281601012498
Koha	1	0.00015820281601012498
Bucharest	1	0.00015820281601012498
Costa	1	0.00015820281601012498
JOHNSON	1	0.00015820281601012498
Agricultural	1	0.00015820281601012498
EOE	1	0.00015820281601012498
AHOLD	1	0.00015820281601012498
BOLSWESSANEN	1	0.00015820281601012498
ABN	1	0.00015820281601012498
Mohajir	1	0.00015820281601012498
Associated	1	0.00015820281601012498
Kredietbank	1	0.00015820281601012498
Indusind	1	0.00015820281601012498
UTI	1	0.00015820281601012498
Bombay	1	0.00015820281601012498
Conservative	1	0.00015820281601012498
CGT	1	0.00015820281601012498
FSA	1	0.00015820281601012498
Financial	1	0.00015820281601012498
Auth	1	0.00015820281601012498
Benevolent	1	0.00015820281601012498
Donaldson	1	0.00015820281601012498
Fourth	1	0.00015820281601012498
Ninth	1	0.00015820281601012498
French	1	0.00015820281601012498
Archaeological	1	0.00015820281601012498
Pao	1	0.00015820281601012498
Auchan	1	0.00015820281601012498
CAMAT	1	0.00015820281601012498
AGF-IART	1	0.00015820281601012498
Billa	1	0.00015820281601012498
Rewe-Handelsgruppe	1	0.00015820281601012498
Eurostat	1	0.00015820281601012498
IMERISIA	1	0.00015820281601012498
Pasok	1	0.00015820281601012498
KERDOS	1	0.00015820281601012498
EXPRESS	1	0.00015820281601012498
HOEK	1	0.00015820281601012498
Hoek	1	0.00015820281601012498
Physicians	1	0.00015820281601012498
Tyndall	1	0.00015820281601012498
Mid-East	1	0.00015820281601012498
BRISBANE	1	0.00015820281601012498
Sino-Thai	1	0.00015820281601012498
Ek	1	0.00015820281601012498
DNUM	1	0.00015820281601012498
MOF	1	0.00015820281601012498
Social	1	0.00015820281601012498
Writers	1	0.00015820281601012498
Hwa	1	0.00015820281601012498
WEN	1	0.00015820281601012498
MING	1	0.00015820281601012498
Frontier	1	0.00015820281601012498
SOUTH	1	0.00015820281601012498
HONG	1	0.00015820281601012498
Legal	1	0.00015820281601012498
Addameer	1	0.00015820281601012498
Caja	1	0.00015820281601012498
Iberia	1	0.00015820281601012498
Nature	1	0.00015820281601012498
Polti	1	0.00015820281601012498
LIONS	1	0.00015820281601012498
Zimbabwe	1	0.00015820281601012498
DINAMO	1	0.00015820281601012498
Brewers	1	0.00015820281601012498
Greenville	1	0.00015820281601012498
Eugene	1	0.00015820281601012498
GENOA	1	0.00015820281601012498
NICE	1	0.00015820281601012498
BOLD	1	0.00015820281601012498
Bold	1	0.00015820281601012498
LIFFE	1	0.00015820281601012498
EUROLIRA	1	0.00015820281601012498
EUROSWISS	1	0.00015820281601012498
CNE	1	0.00015820281601012498
FRATERNITE	1	0.00015820281601012498
RAO	1	0.00015820281601012498
Agir	1	0.00015820281601012498
Globo	1	0.00015820281601012498
Coordinate	1	0.00015820281601012498
Independent	1	0.00015820281601012498
Rajapat	1	0.00015820281601012498
Institute	1	0.00015820281601012498
Taiwan	1	0.00015820281601012498
Mitsui	1	0.00015820281601012498
Louis	1	0.00015820281601012498
Commodity	1	0.00015820281601012498
Japanese	1	0.00015820281601012498
Taichung	1	0.00015820281601012498
Breakfast	1	0.00015820281601012498
Bunge	1	0.00015820281601012498
PNW	1	0.00015820281601012498
Cyprus	1	0.00015820281601012498
ONIC	1	0.00015820281601012498
Buffalo	1	0.00015820281601012498
D.C.	1	0.00015820281601012498
Checker	1	0.00015820281601012498
Miami	1	0.00015820281601012498
Marines	1	0.00015820281601012498
NBC	1	0.00015820281601012498
DECATUR	1	0.00015820281601012498
CLINTON	1	0.00015820281601012498
RENNES	1	0.00015820281601012498
DAWN	1	0.00015820281601012498
BUSINESS	1	0.00015820281601012498
Mohib	1	0.00015820281601012498
Muslim	1	0.00015820281601012498
Vital	1	0.00015820281601012498
Sindh	1	0.00015820281601012498
Privatisation	1	0.00015820281601012498
Javedan	1	0.00015820281601012498
Dadabhoy	1	0.00015820281601012498
Bestop	1	0.00015820281601012498
Roberston	1	0.00015820281601012498
Soundview	1	0.00015820281601012498
Hambrecht	1	0.00015820281601012498
PMC	1	0.00015820281601012498
Land	1	0.00015820281601012498
Hammerson	1	0.00015820281601012498
Statistics	1	0.00015820281601012498
Jomhuri	1	0.00015820281601012498
al-Akhbar	1	0.00015820281601012498
Baxter	1	0.00015820281601012498
Immuno	1	0.00015820281601012498
Boeing	1	0.00015820281601012498
Doubletree	1	0.00015820281601012498
Baby	1	0.00015820281601012498
H&R	1	0.00015820281601012498
CompuServe	1	0.00015820281601012498
Post	1	0.00015820281601012498
Archives	1	0.00015820281601012498
Army	1	0.00015820281601012498
Ajaccio	1	0.00015820281601012498
France-Soir	1	0.00015820281601012498
OMLX	1	0.00015820281601012498
NTB	1	0.00015820281601012498
Vnukovo	1	0.00015820281601012498
Madrid	1	0.00015820281601012498
Liberte	1	0.00015820281601012498
Iltalehti	1	0.00015820281601012498
KEKKILA	1	0.00015820281601012498
Kolbenschmidt	1	0.00015820281601012498
Television	1	0.00015820281601012498
Waterworks	1	0.00015820281601012498
M'bishi	1	0.00015820281601012498
Tokyo-Mitsubishi	1	0.00015820281601012498
Seoul	1	0.00015820281601012498
3	1	0.00015820281601012498
Caltex	1	0.00015820281601012498
Chevron	1	0.00015820281601012498
Texaco	1	0.00015820281601012498
EPA	1	0.00015820281601012498
GAL	1	0.00015820281601012498
BCH	1	0.00015820281601012498
Coopers	1	0.00015820281601012498
Cabinet	1	0.00015820281601012498
Chase	1	0.00015820281601012498
Inc	1	0.00015820281601012498
Bailard	1	0.00015820281601012498
MainStay	1	0.00015820281601012498
ABERDEEN	1	0.00015820281601012498
