of	104	0.028077753779697623
Newsroom	70	0.018898488120950324
Inc	60	0.016198704103671708
Corp	49	0.013228941684665227
Party	48	0.012958963282937365
and	46	0.012419006479481642
Union	39	0.010529157667386609
Co	38	0.010259179265658747
Commission	34	0.0091792656587473
's	34	0.0091792656587473
YORK	30	0.008099352051835854
Bank	30	0.008099352051835854
York	29	0.00782937365010799
Ltd	28	0.00755939524838013
Ministry	26	0.007019438444924406
United	25	0.006749460043196544
Exchange	25	0.006749460043196544
&	22	0.005939524838012959
Association	22	0.005939524838012959
Council	18	0.004859611231101512
Department	18	0.004859611231101512
Service	17	0.00458963282937365
CITY	17	0.00458963282937365
Nations	17	0.00458963282937365
National	16	0.004319654427645789
Amsterdam	16	0.004319654427645789
Group	16	0.004319654427645789
Munich	16	0.004319654427645789
LOUIS	15	0.004049676025917927
ANGELES	15	0.004049676025917927
FRANCISCO	15	0.004049676025917927
Court	15	0.004049676025917927
City	15	0.004049676025917927
Rotterdam	15	0.004049676025917927
/	15	0.004049676025917927
for	14	0.003779697624190065
AG	14	0.003779697624190065
DIEGO	14	0.003779697624190065
Sox	14	0.003779697624190065
Democratic	13	0.003509719222462203
Eindhoven	13	0.003509719222462203
Security	13	0.003509719222462203
Stock	13	0.003509719222462203
Pauli	13	0.003509719222462203
Rangers	12	0.0032397408207343412
Information	12	0.0032397408207343412
Inc.	12	0.0032397408207343412
Tigers	12	0.0032397408207343412
,	12	0.0032397408207343412
Medical	12	0.0032397408207343412
International	11	0.0029697624190064796
Park	11	0.0029697624190064796
Louis	11	0.0029697624190064796
Desk	11	0.0029697624190064796
Rostock	11	0.0029697624190064796
Securities	11	0.0029697624190064796
(	11	0.0029697624190064796
)	11	0.0029697624190064796
Plc	11	0.0029697624190064796
the	10	0.0026997840172786176
New	10	0.0026997840172786176
Nijmegen	10	0.0026997840172786176
Dortmund	10	0.0026997840172786176
Corp.	10	0.0026997840172786176
Sittard	10	0.0026997840172786176
Moscow	10	0.0026997840172786176
Reds	9	0.002429805615550756
Breda	9	0.002429805615550756
University	9	0.002429805615550756
St	9	0.002429805615550756
Helens	9	0.002429805615550756
County	9	0.002429805615550756
Arnhem	9	0.002429805615550756
Leverkusen	9	0.002429805615550756
Bucharest	9	0.002429805615550756
Coast	9	0.002429805615550756
Data	8	0.0021598272138228943
Board	8	0.0021598272138228943
Bistrita	8	0.0021598272138228943
Authority	8	0.0021598272138228943
in	8	0.0021598272138228943
Europe	8	0.0021598272138228943
UNION	8	0.0021598272138228943
Warsaw	8	0.0021598272138228943
Democracy	8	0.0021598272138228943
Corporation	8	0.0021598272138228943
Doetinchem	8	0.0021598272138228943
II	8	0.0021598272138228943
Tilburg	8	0.0021598272138228943
Alkmaar	8	0.0021598272138228943
Bielefeld	8	0.0021598272138228943
Moenchengladbach	8	0.0021598272138228943
Bremen	8	0.0021598272138228943
Duesseldorf	8	0.0021598272138228943
Queensland	8	0.0021598272138228943
Sydney	8	0.0021598272138228943
Madrid	8	0.0021598272138228943
Star	7	0.0018898488120950325
Capital	7	0.0018898488120950325
Agency	7	0.0018898488120950325
Front	7	0.0018898488120950325
Zealand	7	0.0018898488120950325
Germain	7	0.0018898488120950325
Brugge	7	0.0018898488120950325
Post	7	0.0018898488120950325
Palace	7	0.0018898488120950325
Krakow	7	0.0018898488120950325
Enschede	7	0.0018898488120950325
JC	7	0.0018898488120950325
Rights	7	0.0018898488120950325
Diego	7	0.0018898488120950325
de	7	0.0018898488120950325
Airways	7	0.0018898488120950325
Wellman	7	0.0018898488120950325
Kurdistan	6	0.0016198704103671706
Angels	6	0.0016198704103671706
Health	6	0.0016198704103671706
Municipal	6	0.0016198704103671706
Workers	6	0.0016198704103671706
Cooperation	6	0.0016198704103671706
Assembly	6	0.0016198704103671706
India	6	0.0016198704103671706
Committee	6	0.0016198704103671706
Human	6	0.0016198704103671706
Systems	6	0.0016198704103671706
Bromwich	6	0.0016198704103671706
Vale	6	0.0016198704103671706
Blacks	6	0.0016198704103671706
Lodz	6	0.0016198704103671706
Havre	6	0.0016198704103671706
Waalwijk	6	0.0016198704103671706
Kerkrade	6	0.0016198704103671706
Stuttgart	6	0.0016198704103671706
Startup	6	0.0016198704103671706
Cardinals	6	0.0016198704103671706
Angeles	6	0.0016198704103671706
Election	6	0.0016198704103671706
.	6	0.0016198704103671706
CSU	6	0.0016198704103671706
Res	6	0.0016198704103671706
Warburg	6	0.0016198704103671706
Humenne	5	0.0013498920086393088
Chorzow	5	0.0013498920086393088
Mariners	5	0.0013498920086393088
Athletics	5	0.0013498920086393088
White	5	0.0013498920086393088
Home	5	0.0013498920086393088
Newsdesk	5	0.0013498920086393088
Investors	5	0.0013498920086393088
ministry	5	0.0013498920086393088
Socialist	5	0.0013498920086393088
Charity	5	0.0013498920086393088
Times	5	0.0013498920086393088
Kong	5	0.0013498920086393088
Vienna	5	0.0013498920086393088
Sachs	5	0.0013498920086393088
PTT	5	0.0013498920086393088
Lynch	5	0.0013498920086393088
Rovers	5	0.0013498920086393088
League	5	0.0013498920086393088
Braves	5	0.0013498920086393088
Cubs	5	0.0013498920086393088
Marlins	5	0.0013498920086393088
Francisco	5	0.0013498920086393088
Giants	5	0.0013498920086393088
Congress	5	0.0013498920086393088
Army	5	0.0013498920086393088
Wheat	5	0.0013498920086393088
Holdings	5	0.0013498920086393088
Paulo	5	0.0013498920086393088
Petroleum	5	0.0013498920086393088
Office	5	0.0013498920086393088
Postal	5	0.0013498920086393088
Globo	5	0.0013498920086393088
Treaty	5	0.0013498920086393088
Insurance	5	0.0013498920086393088
Commodities	5	0.0013498920086393088
Daily	4	0.0010799136069114472
AB	4	0.0010799136069114472
Street	4	0.0010799136069114472
Financial	4	0.0010799136069114472
Monde	4	0.0010799136069114472
Orioles	4	0.0010799136069114472
Yankees	4	0.0010799136069114472
Indians	4	0.0010799136069114472
Blue	4	0.0010799136069114472
Jays	4	0.0010799136069114472
Brewers	4	0.0010799136069114472
JOURNAL	4	0.0010799136069114472
District	4	0.0010799136069114472
Administration	4	0.0010799136069114472
Industry	4	0.0010799136069114472
College	4	0.0010799136069114472
Organisation	4	0.0010799136069114472
Cargo	4	0.0010799136069114472
General	4	0.0010799136069114472
Australia	4	0.0010799136069114472
Graz	4	0.0010799136069114472
DE	4	0.0010799136069114472
Bureau	4	0.0010799136069114472
Gold	4	0.0010799136069114472
Minerals	4	0.0010799136069114472
Research	4	0.0010799136069114472
Airlines	4	0.0010799136069114472
Tamil	4	0.0010799136069114472
Eelam	4	0.0010799136069114472
London	4	0.0010799136069114472
Communications	4	0.0010799136069114472
Oak	4	0.0010799136069114472
Business	4	0.0010799136069114472
Mining	4	0.0010799136069114472
News	4	0.0010799136069114472
TIMES	4	0.0010799136069114472
Wednesday	4	0.0010799136069114472
Villa	4	0.0010799136069114472
Orient	4	0.0010799136069114472
Wronki	4	0.0010799136069114472
Tychy	4	0.0010799136069114472
Poznan	4	0.0010799136069114472
Zabrze	4	0.0010799136069114472
Wroclaw	4	0.0010799136069114472
Wodzislaw	4	0.0010799136069114472
Katowice	4	0.0010799136069114472
Belchatow	4	0.0010799136069114472
Basketball	4	0.0010799136069114472
Bochum	4	0.0010799136069114472
Duisburg	4	0.0010799136069114472
Petrosani	4	0.0010799136069114472
Kilda	4	0.0010799136069114472
Melbourne	4	0.0010799136069114472
Bulldogs	4	0.0010799136069114472
George	4	0.0010799136069114472
Suburbs	4	0.0010799136069114472
Padres	4	0.0010799136069114472
Rockies	4	0.0010799136069114472
Pirates	4	0.0010799136069114472
Dodgers	4	0.0010799136069114472
Phillies	4	0.0010799136069114472
Expos	4	0.0010799136069114472
Astros	4	0.0010799136069114472
Boys	4	0.0010799136069114472
Institute	4	0.0010799136069114472
Treasury	4	0.0010799136069114472
Bratislava	4	0.0010799136069114472
Kosice	4	0.0010799136069114472
Praha	4	0.0010799136069114472
Representatives	4	0.0010799136069114472
'S	4	0.0010799136069114472
Company	4	0.0010799136069114472
Movement	4	0.0010799136069114472
Chor	4	0.0010799136069114472
Rouge	4	0.0010799136069114472
Gas	4	0.0010799136069114472
Commercial	4	0.0010799136069114472
Gruppen	4	0.0010799136069114472
'	3	0.0008099352051835853
Motors	3	0.0008099352051835853
Brothers	3	0.0008099352051835853
Radio	3	0.0008099352051835853
Khalq	3	0.0008099352051835853
Red	3	0.0008099352051835853
England	3	0.0008099352051835853
Ironi	3	0.0008099352051835853
Paranaense	3	0.0008099352051835853
Mineiro	3	0.0008099352051835853
Recife	3	0.0008099352051835853
da	3	0.0008099352051835853
Gama	3	0.0008099352051835853
Mets	3	0.0008099352051835853
Milan	3	0.0008099352051835853
GmbH	3	0.0008099352051835853
Development	3	0.0008099352051835853
Community	3	0.0008099352051835853
Rating	3	0.0008099352051835853
Guard	3	0.0008099352051835853
NATIONS	3	0.0008099352051835853
TV	3	0.0008099352051835853
Monetary	3	0.0008099352051835853
Stirling	3	0.0008099352051835853
Vladikavkaz	3	0.0008099352051835853
XI	3	0.0008099352051835853
Reconciliation	3	0.0008099352051835853
Toronto	3	0.0008099352051835853
Trust	3	0.0008099352051835853
Transportation	3	0.0008099352051835853
Aviation	3	0.0008099352051835853
Jerusalem	3	0.0008099352051835853
Affairs	3	0.0008099352051835853
Police	3	0.0008099352051835853
Services	3	0.0008099352051835853
State	3	0.0008099352051835853
NV	3	0.0008099352051835853
Mountain	3	0.0008099352051835853
Marble	3	0.0008099352051835853
Corps	3	0.0008099352051835853
Forest	3	0.0008099352051835853
Ham	3	0.0008099352051835853
Czestochowa	3	0.0008099352051835853
Olsztyn	3	0.0008099352051835853
Lubin	3	0.0008099352051835853
Liege	3	0.0008099352051835853
Truiden	3	0.0008099352051835853
Linz	3	0.0008099352051835853
Wacker	3	0.0008099352051835853
ASK	3	0.0008099352051835853
Tirol	3	0.0008099352051835853
Innsbruck	3	0.0008099352051835853
Salzburg	3	0.0008099352051835853
Ried	3	0.0008099352051835853
Against	3	0.0008099352051835853
Alliance	3	0.0008099352051835853
Revolutionary	3	0.0008099352051835853
Microsystems	3	0.0008099352051835853
Machines	3	0.0008099352051835853
Twins	3	0.0008099352051835853
Gallen	3	0.0008099352051835853
Jornada	3	0.0008099352051835853
Ahronoth	3	0.0008099352051835853
POST	3	0.0008099352051835853
Morris	3	0.0008099352051835853
Shell	3	0.0008099352051835853
Press	3	0.0008099352051835853
Canada	3	0.0008099352051835853
Energy	3	0.0008099352051835853
Investment	3	0.0008099352051835853
France	3	0.0008099352051835853
First	3	0.0008099352051835853
Tiger	3	0.0008099352051835853
PRAHA	3	0.0008099352051835853
People	3	0.0008099352051835853
NEWS	3	0.0008099352051835853
Salvation	3	0.0008099352051835853
Online	3	0.0008099352051835853
Abbey	3	0.0008099352051835853
Football	3	0.0008099352051835853
Team	3	0.0008099352051835853
Voie	3	0.0008099352051835853
Wyborcza	3	0.0008099352051835853
Statistics	3	0.0008099352051835853
Japan	3	0.0008099352051835853
Chong	3	0.0008099352051835853
Hing	3	0.0008099352051835853
Edison	3	0.0008099352051835853
Semiconductor	3	0.0008099352051835853
Estates	3	0.0008099352051835853
Farmers	2	0.0005399568034557236
radio	2	0.0005399568034557236
Taiwan	2	0.0005399568034557236
office	2	0.0005399568034557236
VEREINSBANK	2	0.0005399568034557236
Shipping	2	0.0005399568034557236
Intelligence	2	0.0005399568034557236
Crescent	2	0.0005399568034557236
AL-WATAN	2	0.0005399568034557236
Sciences	2	0.0005399568034557236
Customs	2	0.0005399568034557236
Finland	2	0.0005399568034557236
Valletta	2	0.0005399568034557236
Larnaca	2	0.0005399568034557236
Vinnytsya	2	0.0005399568034557236
Riga	2	0.0005399568034557236
Varazdin	2	0.0005399568034557236
Honved	2	0.0005399568034557236
Gothenburg	2	0.0005399568034557236
Federal	2	0.0005399568034557236
LP	2	0.0005399568034557236
Products	2	0.0005399568034557236
West	2	0.0005399568034557236
African	2	0.0005399568034557236
States	2	0.0005399568034557236
Islamic	2	0.0005399568034557236
Conference	2	0.0005399568034557236
Phelps	2	0.0005399568034557236
Credit	2	0.0005399568034557236
Refugees	2	0.0005399568034557236
Center	2	0.0005399568034557236
Path	2	0.0005399568034557236
Universe	2	0.0005399568034557236
Humanitarian	2	0.0005399568034557236
Investigation	2	0.0005399568034557236
Broadcasting	2	0.0005399568034557236
Sun	2	0.0005399568034557236
Soir	2	0.0005399568034557236
Wah	2	0.0005399568034557236
Markets	2	0.0005399568034557236
Central	2	0.0005399568034557236
Fund	2	0.0005399568034557236
European	2	0.0005399568034557236
Shqiptare	2	0.0005399568034557236
Variety	2	0.0005399568034557236
ANGOLA	2	0.0005399568034557236
Unity	2	0.0005399568034557236
Petroleums	2	0.0005399568034557236
Taibe	2	0.0005399568034557236
Nigeria	2	0.0005399568034557236
Weather	2	0.0005399568034557236
Arab	2	0.0005399568034557236
Baath	2	0.0005399568034557236
Market	2	0.0005399568034557236
Telecommunications	2	0.0005399568034557236
Law	2	0.0005399568034557236
Technologies	2	0.0005399568034557236
Nederland	2	0.0005399568034557236
Bahn	2	0.0005399568034557236
Laboratories	2	0.0005399568034557236
Navy	2	0.0005399568034557236
Senate	2	0.0005399568034557236
Democrats	2	0.0005399568034557236
Planning	2	0.0005399568034557236
China	2	0.0005399568034557236
Fife	2	0.0005399568034557236
Mirren	2	0.0005399568034557236
Johnstone	2	0.0005399568034557236
L	2	0.0005399568034557236
Kikinda	2	0.0005399568034557236
V	2	0.0005399568034557236
Beograd	2	0.0005399568034557236
BJ	2	0.0005399568034557236
Milk	2	0.0005399568034557236
San	2	0.0005399568034557236
Miguel	2	0.0005399568034557236
Saint-Germain	2	0.0005399568034557236
Wien	2	0.0005399568034557236
Social	2	0.0005399568034557236
Cross	2	0.0005399568034557236
Homeland	2	0.0005399568034557236
Freedom	2	0.0005399568034557236
Observatory	2	0.0005399568034557236
Studies	2	0.0005399568034557236
Partners	2	0.0005399568034557236
Perkins	2	0.0005399568034557236
Bacau	2	0.0005399568034557236
Piatra	2	0.0005399568034557236
Neamt	2	0.0005399568034557236
Galati	2	0.0005399568034557236
Arges	2	0.0005399568034557236
Dacia	2	0.0005399568034557236
Pitesti	2	0.0005399568034557236
Farul	2	0.0005399568034557236
Constanta	2	0.0005399568034557236
Tirgoviste	2	0.0005399568034557236
Studentesc	2	0.0005399568034557236
Craiova	2	0.0005399568034557236
Petrolul	2	0.0005399568034557236
Ploiesti	2	0.0005399568034557236
Timisoara	2	0.0005399568034557236
Brasov	2	0.0005399568034557236
Cluj	2	0.0005399568034557236
Sochi	2	0.0005399568034557236
Kaliningrad	2	0.0005399568034557236
Petersburg	2	0.0005399568034557236
Novorossiisk	2	0.0005399568034557236
Rostov	2	0.0005399568034557236
Volgograd	2	0.0005399568034557236
Naberezhnye	2	0.0005399568034557236
Chelny	2	0.0005399568034557236
Togliatti	2	0.0005399568034557236
Kamyshin	2	0.0005399568034557236
Sovetov	2	0.0005399568034557236
Samara	2	0.0005399568034557236
Nizhny	2	0.0005399568034557236
Novgorod	2	0.0005399568034557236
Yekaterinburg	2	0.0005399568034557236
Royals	2	0.0005399568034557236
Juniors	2	0.0005399568034557236
Glimt	2	0.0005399568034557236
Duisberg	2	0.0005399568034557236
Control	2	0.0005399568034557236
Armed	2	0.0005399568034557236
Forces	2	0.0005399568034557236
Perrin	2	0.0005399568034557236
Nationalist	2	0.0005399568034557236
Coal	2	0.0005399568034557236
Lilly	2	0.0005399568034557236
Kiev	2	0.0005399568034557236
Ternopil	2	0.0005399568034557236
Zaporizhya	2	0.0005399568034557236
Presov	2	0.0005399568034557236
Petrzalka	2	0.0005399568034557236
Bardejov	2	0.0005399568034557236
Dunajska	2	0.0005399568034557236
Streda	2	0.0005399568034557236
Trnava	2	0.0005399568034557236
Banska	2	0.0005399568034557236
Bystrica	2	0.0005399568034557236
Nitra	2	0.0005399568034557236
Zilina	2	0.0005399568034557236
Prievidza	2	0.0005399568034557236
Rimavska	2	0.0005399568034557236
Sobota	2	0.0005399568034557236
Dubnica	2	0.0005399568034557236
FC	2	0.0005399568034557236
Drnovice	2	0.0005399568034557236
Liberec	2	0.0005399568034557236
Slavia	2	0.0005399568034557236
Ceske	2	0.0005399568034557236
Budejovice	2	0.0005399568034557236
Jablonec	2	0.0005399568034557236
Zizkov	2	0.0005399568034557236
Ostrava	2	0.0005399568034557236
Teplice	2	0.0005399568034557236
Brno	2	0.0005399568034557236
Olomouc	2	0.0005399568034557236
Bohemians	2	0.0005399568034557236
Karvina	2	0.0005399568034557236
Hradec	2	0.0005399568034557236
Kralove	2	0.0005399568034557236
Opava	2	0.0005399568034557236
Plzen	2	0.0005399568034557236
Sparta	2	0.0005399568034557236
Azul	2	0.0005399568034557236
Old	2	0.0005399568034557236
Club	2	0.0005399568034557236
Casablanca	2	0.0005399568034557236
Apparel	2	0.0005399568034557236
Avaz	2	0.0005399568034557236
Mexico	2	0.0005399568034557236
Transport	2	0.0005399568034557236
Brent	2	0.0005399568034557236
School	2	0.0005399568034557236
House	2	0.0005399568034557236
Education	2	0.0005399568034557236
Edwards	2	0.0005399568034557236
Sons	2	0.0005399568034557236
Oy	2	0.0005399568034557236
Thai	2	0.0005399568034557236
Land	2	0.0005399568034557236
Federation	2	0.0005399568034557236
HOLDING	2	0.0005399568034557236
Liberation	2	0.0005399568034557236
Trade	2	0.0005399568034557236
Cause	2	0.0005399568034557236
Claire	2	0.0005399568034557236
W.	2	0.0005399568034557236
Baird	2	0.0005399568034557236
Statesman	2	0.0005399568034557236
Resources	2	0.0005399568034557236
American	2	0.0005399568034557236
Therapies	2	0.0005399568034557236
Stanley	2	0.0005399568034557236
Management	2	0.0005399568034557236
Pool	2	0.0005399568034557236
Onda	2	0.0005399568034557236
Province	2	0.0005399568034557236
Aviv	2	0.0005399568034557236
Haifa	2	0.0005399568034557236
Petah	2	0.0005399568034557236
Tikva	2	0.0005399568034557236
Beit	2	0.0005399568034557236
She'an	2	0.0005399568034557236
Andria	2	0.0005399568034557236
Food	2	0.0005399568034557236
Reserve	2	0.0005399568034557236
Populaire	2	0.0005399568034557236
Brigade	2	0.0005399568034557236
Yates	2	0.0005399568034557236
LB	2	0.0005399568034557236
Cement	2	0.0005399568034557236
Christian	2	0.0005399568034557236
Horizons	2	0.0005399568034557236
Power	2	0.0005399568034557236
Names	2	0.0005399568034557236
Appeals	2	0.0005399568034557236
Circuit	2	0.0005399568034557236
Society	2	0.0005399568034557236
Tremila	2	0.0005399568034557236
Peat	2	0.0005399568034557236
Motorcycle	2	0.0005399568034557236
PAIS	2	0.0005399568034557236
MUNDO	2	0.0005399568034557236
16	2	0.0005399568034557236
DIAS	2	0.0005399568034557236
LOS	2	0.0005399568034557236
NEGOCIOS	2	0.0005399568034557236
Brazil	2	0.0005399568034557236
magazine	2	0.0005399568034557236
Jaffray	2	0.0005399568034557236
Pennsylvania	2	0.0005399568034557236
Gene	2	0.0005399568034557236
Therapy	2	0.0005399568034557236
Mills	2	0.0005399568034557236
Assn	2	0.0005399568034557236
Restaurants	2	0.0005399568034557236
Strategic	2	0.0005399568034557236
Georgia	2	0.0005399568034557236
Life	2	0.0005399568034557236
Journal	2	0.0005399568034557236
War	2	0.0005399568034557236
Conservation	2	0.0005399568034557236
Taylor	2	0.0005399568034557236
Facilities	2	0.0005399568034557236
Refining	2	0.0005399568034557236
Television	1	0.0002699784017278618
Relations	1	0.0002699784017278618
Across	1	0.0002699784017278618
Straits	1	0.0002699784017278618
motor	1	0.0002699784017278618
vehicles	1	0.0002699784017278618
Two	1	0.0002699784017278618
Iran	1	0.0002699784017278618
Kurdish	1	0.0002699784017278618
Patriotic	1	0.0002699784017278618
party	1	0.0002699784017278618
Learning	1	0.0002699784017278618
Centers	1	0.0002699784017278618
Telecommunciations	1	0.0002699784017278618
bureau	1	0.0002699784017278618
Telecom	1	0.0002699784017278618
Norske	1	0.0002699784017278618
Stats	1	0.0002699784017278618
Oljeselskap	1	0.0002699784017278618
AS	1	0.0002699784017278618
Weekly	1	0.0002699784017278618
BISTRITA	1	0.0002699784017278618
VALLETTA	1	0.0002699784017278618
La	1	0.0002699784017278618
Stud	1	0.0002699784017278618
Vlore	1	0.0002699784017278618
Abovyan	1	0.0002699784017278618
Siauliai	1	0.0002699784017278618
Sadam	1	0.0002699784017278618
Sofia	1	0.0002699784017278618
Luxembourg	1	0.0002699784017278618
Boltfelag	1	0.0002699784017278618
Batumi	1	0.0002699784017278618
Prague	1	0.0002699784017278618
Belgrade	1	0.0002699784017278618
Agdam	1	0.0002699784017278618
Jugomagnat	1	0.0002699784017278618
Hapoel	1	0.0002699784017278618
Chisinau	1	0.0002699784017278618
Telegraph	1	0.0002699784017278618
Care	1	0.0002699784017278618
Financing	1	0.0002699784017278618
British	1	0.0002699784017278618
Royal	1	0.0002699784017278618
Physicians	1	0.0002699784017278618
Heart	1	0.0002699784017278618
Foundation	1	0.0002699784017278618
Pharma	1	0.0002699784017278618
BankWatch	1	0.0002699784017278618
Displaced	1	0.0002699784017278618
Persons	1	0.0002699784017278618
AVAZ	1	0.0002699784017278618
Aires	1	0.0002699784017278618
Command	1	0.0002699784017278618
Venezuela	1	0.0002699784017278618
German	1	0.0002699784017278618
Foreign	1	0.0002699784017278618
Kampfruf	1	0.0002699784017278618
Battle	1	0.0002699784017278618
Cry	1	0.0002699784017278618
affairs	1	0.0002699784017278618
Commons	1	0.0002699784017278618
Cables	1	0.0002699784017278618
Tannery	1	0.0002699784017278618
bank	1	0.0002699784017278618
Pacific	1	0.0002699784017278618
Guide	1	0.0002699784017278618
NZ	1	0.0002699784017278618
ODV	1	0.0002699784017278618
Commerce	1	0.0002699784017278618
Interbank	1	0.0002699784017278618
Moneymarkets	1	0.0002699784017278618
Unit	1	0.0002699784017278618
Indah	1	0.0002699784017278618
Makmur	1	0.0002699784017278618
VDH	1	0.0002699784017278618
Teguh	1	0.0002699784017278618
Sakti	1	0.0002699784017278618
Der	1	0.0002699784017278618
Horst	1	0.0002699784017278618
Duta	1	0.0002699784017278618
Pictures	1	0.0002699784017278618
Transvaal	1	0.0002699784017278618
Espinho	1	0.0002699784017278618
PAULI	1	0.0002699784017278618
Athens	1	0.0002699784017278618
Bergen	1	0.0002699784017278618
Associates	1	0.0002699784017278618
Exchnage	1	0.0002699784017278618
Hathaway	1	0.0002699784017278618
Rainbow	1	0.0002699784017278618
Christine	1	0.0002699784017278618
Stankov	1	0.0002699784017278618
Moller	1	0.0002699784017278618
Tana	1	0.0002699784017278618
Chaser	1	0.0002699784017278618
Crux	1	0.0002699784017278618
Bridge	1	0.0002699784017278618
Caltex	1	0.0002699784017278618
Ireland	1	0.0002699784017278618
Return	1	0.0002699784017278618
Rwanda	1	0.0002699784017278618
Hungary	1	0.0002699784017278618
Lufthansa	1	0.0002699784017278618
OTC	1	0.0002699784017278618
Bonds	1	0.0002699784017278618
Wertpapier	1	0.0002699784017278618
Secondary	1	0.0002699784017278618
Libanais	1	0.0002699784017278618
Blancs	1	0.0002699784017278618
Walt	1	0.0002699784017278618
Disney	1	0.0002699784017278618
Division	1	0.0002699784017278618
Electronics	1	0.0002699784017278618
Voorhis	1	0.0002699784017278618
Natural	1	0.0002699784017278618
Software	1	0.0002699784017278618
Alcohol	1	0.0002699784017278618
Tobacco	1	0.0002699784017278618
Firearms	1	0.0002699784017278618
Mines	1	0.0002699784017278618
Chicago	1	0.0002699784017278618
Shareholder	1	0.0002699784017278618
Techs	1	0.0002699784017278618
Industries	1	0.0002699784017278618
Boskalis	1	0.0002699784017278618
Westminster	1	0.0002699784017278618
Scientist	1	0.0002699784017278618
Landing	1	0.0002699784017278618
Marine	1	0.0002699784017278618
Nonferrous	1	0.0002699784017278618
Metals	1	0.0002699784017278618
Import	1	0.0002699784017278618
Export	1	0.0002699784017278618
Metal	1	0.0002699784017278618
Economics	1	0.0002699784017278618
Building	1	0.0002699784017278618
Material	1	0.0002699784017278618
Room	1	0.0002699784017278618
Technology	1	0.0002699784017278618
Telecomm	1	0.0002699784017278618
Posts	1	0.0002699784017278618
Equipment	1	0.0002699784017278618
Echos	1	0.0002699784017278618
Cie	1	0.0002699784017278618
INDEPENDENT	1	0.0002699784017278618
Permanent	1	0.0002699784017278618
Enterprise	1	0.0002699784017278618
Employment	1	0.0002699784017278618
Asset	1	0.0002699784017278618
Managers	1	0.0002699784017278618
Stores	1	0.0002699784017278618
Motor	1	0.0002699784017278618
Morton	1	0.0002699784017278618
South	1	0.0002699784017278618
Hotspur	1	0.0002699784017278618
P	1	0.0002699784017278618
N	1	0.0002699784017278618
Hotdogs	1	0.0002699784017278618
Hunger	1	0.0002699784017278618
Labour	1	0.0002699784017278618
Welfare	1	0.0002699784017278618
al-Watani	1	0.0002699784017278618
i	1	0.0002699784017278618
Popullit	1	0.0002699784017278618
Hurricane	1	0.0002699784017278618
am	1	0.0002699784017278618
Sonntag	1	0.0002699784017278618
Mundo	1	0.0002699784017278618
Sociological	1	0.0002699784017278618
Venture	1	0.0002699784017278618
Dynamics	1	0.0002699784017278618
Computer	1	0.0002699784017278618
Caufield	1	0.0002699784017278618
Byers	1	0.0002699784017278618
Net	1	0.0002699784017278618
zvezda	1	0.0002699784017278618
Warszawa	1	0.0002699784017278618
Chindia	1	0.0002699784017278618
Columbus	1	0.0002699784017278618
Porto	1	0.0002699784017278618
Vicente	1	0.0002699784017278618
Cricket	1	0.0002699784017278618
Witwatersrand	1	0.0002699784017278618
Colombia	1	0.0002699784017278618
Karen	1	0.0002699784017278618
Buddhist	1	0.0002699784017278618
RAI	1	0.0002699784017278618
DUSTOUR	1	0.0002699784017278618
ASWAQ	1	0.0002699784017278618
Israel	1	0.0002699784017278618
AHRONOTH	1	0.0002699784017278618
Coordination	1	0.0002699784017278618
alliance	1	0.0002699784017278618
Academy	1	0.0002699784017278618
Agrarian	1	0.0002699784017278618
Platinum	1	0.0002699784017278618
Merchant	1	0.0002699784017278618
Banking	1	0.0002699784017278618
HELENS	1	0.0002699784017278618
Broncos	1	0.0002699784017278618
Kremenchuk	1	0.0002699784017278618
Poltava	1	0.0002699784017278618
Donetsk	1	0.0002699784017278618
Kryvy	1	0.0002699784017278618
Rig	1	0.0002699784017278618
Lviv	1	0.0002699784017278618
Ivano-Frankivsk	1	0.0002699784017278618
Kirovohrad	1	0.0002699784017278618
Odessa	1	0.0002699784017278618
Dnipropetrovsk	1	0.0002699784017278618
TE	1	0.0002699784017278618
Fehervar	1	0.0002699784017278618
Paulo-Santos	1	0.0002699784017278618
Carril	1	0.0002699784017278618
Oeste	1	0.0002699784017278618
Sarsfield	1	0.0002699784017278618
Plate	1	0.0002699784017278618
Plata	1	0.0002699784017278618
Lorenzo	1	0.0002699784017278618
Espanol	1	0.0002699784017278618
Fes	1	0.0002699784017278618
Massira	1	0.0002699784017278618
Sale	1	0.0002699784017278618
Kacem	1	0.0002699784017278618
Jadida	1	0.0002699784017278618
Agadir	1	0.0002699784017278618
Zastava	1	0.0002699784017278618
Money	1	0.0002699784017278618
Bulgaria	1	0.0002699784017278618
Z	1	0.0002699784017278618
Holding	1	0.0002699784017278618
SA	1	0.0002699784017278618
Defence	1	0.0002699784017278618
Run	1	0.0002699784017278618
Middle	1	0.0002699784017278618
Sheriff	1	0.0002699784017278618
Dole	1	0.0002699784017278618
Force	1	0.0002699784017278618
Oil	1	0.0002699784017278618
Shamrock	1	0.0002699784017278618
North	1	0.0002699784017278618
America	1	0.0002699784017278618
Johnson	1	0.0002699784017278618
Baker	1	0.0002699784017278618
Watts	1	0.0002699784017278618
KENNY	1	0.0002699784017278618
BUILDING	1	0.0002699784017278618
AUTHORITY	1	0.0002699784017278618
One	1	0.0002699784017278618
Brooks	1	0.0002699784017278618
Mayer	1	0.0002699784017278618
Washington	1	0.0002699784017278618
Friends	1	0.0002699784017278618
Caland	1	0.0002699784017278618
1	1	0.0002699784017278618
BA	1	0.0002699784017278618
MONDE	1	0.0002699784017278618
Philippine	1	0.0002699784017278618
Coconut	1	0.0002699784017278618
Associations	1	0.0002699784017278618
Philippines	1	0.0002699784017278618
PRESSE	1	0.0002699784017278618
TEMPS	1	0.0002699784017278618
Special	1	0.0002699784017278618
Elections	1	0.0002699784017278618
Treasuries	1	0.0002699784017278618
Wood	1	0.0002699784017278618
Elves	1	0.0002699784017278618
is	1	0.0002699784017278618
Ours	1	0.0002699784017278618
UK	1	0.0002699784017278618
Alert	1	0.0002699784017278618
Indonesia	1	0.0002699784017278618
ROVERS	1	0.0002699784017278618
Soccer	1	0.0002699784017278618
Xamax	1	0.0002699784017278618
S.A.	1	0.0002699784017278618
Barings	1	0.0002699784017278618
Hoare	1	0.0002699784017278618
Govett	1	0.0002699784017278618
a.s.	1	0.0002699784017278618
TLUMACOV	1	0.0002699784017278618
SPORITELNA	1	0.0002699784017278618
KLADNO	1	0.0002699784017278618
BANKA	1	0.0002699784017278618
ZAV	1	0.0002699784017278618
IKS	1	0.0002699784017278618
KB	1	0.0002699784017278618
PLUS	1	0.0002699784017278618
UHELNA	1	0.0002699784017278618
CESKY	1	0.0002699784017278618
TELECOM	1	0.0002699784017278618
PLZEN	1	0.0002699784017278618
ZELEZARNY	1	0.0002699784017278618
STAVBY	1	0.0002699784017278618
Options	1	0.0002699784017278618
Frederick	1	0.0002699784017278618
Pharamceutical	1	0.0002699784017278618
Faulding	1	0.0002699784017278618
Free	1	0.0002699784017278618
Area	1	0.0002699784017278618
Economy	1	0.0002699784017278618
Venezolana	1	0.0002699784017278618
Guayana	1	0.0002699784017278618
Nuevo	1	0.0002699784017278618
Diario	1	0.0002699784017278618
Matahari	1	0.0002699784017278618
Putra	1	0.0002699784017278618
Prima	1	0.0002699784017278618
Convention	1	0.0002699784017278618
Abortion	1	0.0002699784017278618
Action	1	0.0002699784017278618
Realtors	1	0.0002699784017278618
Syndicale	1	0.0002699784017278618
Unitaire	1	0.0002699784017278618
Poulenc	1	0.0002699784017278618
Virieu	1	0.0002699784017278618
Delmas	1	0.0002699784017278618
Vileujeux	1	0.0002699784017278618
Alsthom	1	0.0002699784017278618
Optics	1	0.0002699784017278618
ISLAND	1	0.0002699784017278618
Bhavan	1	0.0002699784017278618
Dan	1	0.0002699784017278618
Love	1	0.0002699784017278618
central	1	0.0002699784017278618
Nepal	1	0.0002699784017278618
Marxist-Leninist	1	0.0002699784017278618
Patrika	1	0.0002699784017278618
Vermont	1	0.0002699784017278618
Media	1	0.0002699784017278618
Germany	1	0.0002699784017278618
Bond	1	0.0002699784017278618
Marion	1	0.0002699784017278618
Roussel	1	0.0002699784017278618
Rifle	1	0.0002699784017278618
Wahlen	1	0.0002699784017278618
Communist	1	0.0002699784017278618
Aluminium	1	0.0002699784017278618
self-rule	1	0.0002699784017278618
Dealers	1	0.0002699784017278618
Pork	1	0.0002699784017278618
Marketing	1	0.0002699784017278618
Leger	1	0.0002699784017278618
Games	1	0.0002699784017278618
Hockey	1	0.0002699784017278618
STAR	1	0.0002699784017278618
SHELL	1	0.0002699784017278618
Kfar	1	0.0002699784017278618
Sava	1	0.0002699784017278618
Zafririm	1	0.0002699784017278618
Holon	1	0.0002699784017278618
Tel	1	0.0002699784017278618
Rishon	1	0.0002699784017278618
Beersheva	1	0.0002699784017278618
Herzliya	1	0.0002699784017278618
Canaries	1	0.0002699784017278618
Waalijk	1	0.0002699784017278618
Hamburg	1	0.0002699784017278618
1860	1	0.0002699784017278618
04	1	0.0002699784017278618
SG	1	0.0002699784017278618
Drug	1	0.0002699784017278618
Brass	1	0.0002699784017278618
Servicenter	1	0.0002699784017278618
Nacional	1	0.0002699784017278618
del	1	0.0002699784017278618
Petroleo	1	0.0002699784017278618
Oriente	1	0.0002699784017278618
Steel	1	0.0002699784017278618
Region	1	0.0002699784017278618
Project	1	0.0002699784017278618
Staff	1	0.0002699784017278618
Universities	1	0.0002699784017278618
Balewa	1	0.0002699784017278618
Jone	1	0.0002699784017278618
Rican	1	0.0002699784017278618
Volcanic	1	0.0002699784017278618
Seismologicial	1	0.0002699784017278618
do	1	0.0002699784017278618
Rio	1	0.0002699784017278618
Doce	1	0.0002699784017278618
Legislative	1	0.0002699784017278618
CO	1	0.0002699784017278618
Oklahoma	1	0.0002699784017278618
Producers	1	0.0002699784017278618
Agricultural	1	0.0002699784017278618
Fla.	1	0.0002699784017278618
Florida	1	0.0002699784017278618
AMRO	1	0.0002699784017278618
Canard	1	0.0002699784017278618
Enchaine	1	0.0002699784017278618
Suisse	1	0.0002699784017278618
Editorial	1	0.0002699784017278618
Muslim	1	0.0002699784017278618
Companies	1	0.0002699784017278618
Stahl	1	0.0002699784017278618
Rohren	1	0.0002699784017278618
Fishermen	1	0.0002699784017278618
Fisheries	1	0.0002699784017278618
Express	1	0.0002699784017278618
Veritas	1	0.0002699784017278618
Iberfreight	1	0.0002699784017278618
Assurance	1	0.0002699784017278618
Fac	1	0.0002699784017278618
Assoc	1	0.0002699784017278618
Lufkin	1	0.0002699784017278618
Jenrette	1	0.0002699784017278618
Lloyd	1	0.0002699784017278618
Archaeological	1	0.0002699784017278618
Acucar	1	0.0002699784017278618
KATHIMERINI	1	0.0002699784017278618
Metro	1	0.0002699784017278618
Greece	1	0.0002699784017278618
LOOS	1	0.0002699784017278618
Loos	1	0.0002699784017278618
Q4	1	0.0002699784017278618
Ek	1	0.0002699784017278618
Automobile	1	0.0002699784017278618
Sakigake	1	0.0002699784017278618
Kay	1	0.0002699784017278618
Finance	1	0.0002699784017278618
WEI	1	0.0002699784017278618
PO	1	0.0002699784017278618
PAO	1	0.0002699784017278618
DAILY	1	0.0002699784017278618
CHINA	1	0.0002699784017278618
MORNING	1	0.0002699784017278618
KONG	1	0.0002699784017278618
ECONOMIC	1	0.0002699784017278618
Prisoners	1	0.0002699784017278618
Support	1	0.0002699784017278618
Santander	1	0.0002699784017278618
Atlantic	1	0.0002699784017278618
Limited	1	0.0002699784017278618
Lions	1	0.0002699784017278618
Argyle	1	0.0002699784017278618
OGILVY	1	0.0002699784017278618
MATHER	1	0.0002699784017278618
democracy	1	0.0002699784017278618
Ogilvy	1	0.0002699784017278618
Mather	1	0.0002699784017278618
Futures	1	0.0002699784017278618
MATIN	1	0.0002699784017278618
VOIE	1	0.0002699784017278618
JOUR	1	0.0002699784017278618
Gazprom	1	0.0002699784017278618
Nacion	1	0.0002699784017278618
Ensemble	1	0.0002699784017278618
pour	1	0.0002699784017278618
les	1	0.0002699784017278618
Droits	1	0.0002699784017278618
l'Homme	1	0.0002699784017278618
Tribunal	1	0.0002699784017278618
Churches	1	0.0002699784017278618
Ecumenical	1	0.0002699784017278618
Bishops	1	0.0002699784017278618
Corruption	1	0.0002699784017278618
Aspiration	1	0.0002699784017278618
Flour	1	0.0002699784017278618
Dreyfus	1	0.0002699784017278618
USDA	1	0.0002699784017278618
division	1	0.0002699784017278618
Soybean	1	0.0002699784017278618
Procurement	1	0.0002699784017278618
Grain	1	0.0002699784017278618
Jewellers	1	0.0002699784017278618
Bills	1	0.0002699784017278618
Coalition	1	0.0002699784017278618
Domestic	1	0.0002699784017278618
Violence	1	0.0002699784017278618
Herald	1	0.0002699784017278618
DLA	1	0.0002699784017278618
Defense	1	0.0002699784017278618
Logistics	1	0.0002699784017278618
AND	1	0.0002699784017278618
CEDAR	1	0.0002699784017278618
RAPIDS	1	0.0002699784017278618
RECORDER	1	0.0002699784017278618
Southern	1	0.0002699784017278618
Northern	1	0.0002699784017278618
NATION	1	0.0002699784017278618
Textile	1	0.0002699784017278618
System	1	0.0002699784017278618
High	1	0.0002699784017278618
pvt	1	0.0002699784017278618
MUSLIM	1	0.0002699784017278618
California	1	0.0002699784017278618
Munis	1	0.0002699784017278618
Municipals	1	0.0002699784017278618
Stephens	1	0.0002699784017278618
Quist	1	0.0002699784017278618
Subsidiaries	1	0.0002699784017278618
Ottawa	1	0.0002699784017278618
Burea	1	0.0002699784017278618
Eslami	1	0.0002699784017278618
Wall	1	0.0002699784017278618
Cos	1	0.0002699784017278618
Lion	1	0.0002699784017278618
Hotels	1	0.0002699784017278618
Bells	1	0.0002699784017278618
Block	1	0.0002699784017278618
Justice	1	0.0002699784017278618
Safety	1	0.0002699784017278618
Archives	1	0.0002699784017278618
Illinois	1	0.0002699784017278618
at	1	0.0002699784017278618
Carbondale	1	0.0002699784017278618
Daughters	1	0.0002699784017278618
Confederacy	1	0.0002699784017278618
Corse	1	0.0002699784017278618
Figaro	1	0.0002699784017278618
Derivatives	1	0.0002699784017278618
Stockholm	1	0.0002699784017278618
Investments	1	0.0002699784017278618
Meteorological	1	0.0002699784017278618
Matin	1	0.0002699784017278618
Housing	1	0.0002699784017278618
Chemical	1	0.0002699784017278618
Dacom	1	0.0002699784017278618
Made	1	0.0002699784017278618
3	1	0.0002699784017278618
No.3	1	0.0002699784017278618
No	1	0.0002699784017278618
Petrolem	1	0.0002699784017278618
Publications	1	0.0002699784017278618
Spain	1	0.0002699784017278618
Lybrand	1	0.0002699784017278618
Biehl	1	0.0002699784017278618
Kaiser	1	0.0002699784017278618
Funds	1	0.0002699784017278618
