NEW YORK 	30	0.012072434607645875
European Union 	20	0.008048289738430584
KANSAS CITY 	16	0.006438631790744467
Ajax Amsterdam 	16	0.006438631790744467
ST LOUIS 	15	0.006036217303822937
LOS ANGELES 	15	0.006036217303822937
SAN FRANCISCO 	15	0.006036217303822937
SAN DIEGO 	14	0.005633802816901409
PSV Eindhoven 	13	0.005231388329979879
St Pauli 	13	0.005231388329979879
Manchester United 	12	0.00482897384305835
Sydney Newsroom 	12	0.00482897384305835
London Newsroom 	11	0.004426559356136821
United Nations 	11	0.004426559356136821
Hansa Rostock 	11	0.004426559356136821
Lloyd 's 	11	0.004426559356136821
NEC Nijmegen 	10	0.004024144869215292
Borussia Dortmund 	10	0.004024144869215292
Fortuna Sittard 	10	0.004024144869215292
New York 	9	0.0036217303822937627
NAC Breda 	9	0.0036217303822937627
St Helens 	9	0.0036217303822937627
Vitesse Arnhem 	9	0.0036217303822937627
Bayer Leverkusen 	9	0.0036217303822937627
Bayern Munich 	9	0.0036217303822937627
Foreign Ministry 	8	0.0032193158953722333
Gloria Bistrita 	8	0.0032193158953722333
News Corp 	8	0.0032193158953722333
RUGBY UNION 	8	0.0032193158953722333
Graafschap Doetinchem 	8	0.0032193158953722333
Willem II Tilburg 	8	0.0032193158953722333
Sparta Rotterdam 	8	0.0032193158953722333
AZ Alkmaar 	8	0.0032193158953722333
Arminia Bielefeld 	8	0.0032193158953722333
Borussia Moenchengladbach 	8	0.0032193158953722333
Werder Bremen 	8	0.0032193158953722333
Fortuna Duesseldorf 	8	0.0032193158953722333
European Commission 	7	0.0028169014084507044
Athens Newsroom 	7	0.0028169014084507044
Paris St Germain 	7	0.0028169014084507044
Crystal Palace 	7	0.0028169014084507044
Twente Enschede 	7	0.0028169014084507044
Feyenoord Rotterdam 	7	0.0028169014084507044
1860 Munich 	7	0.0028169014084507044
Advanced Medical 	7	0.0028169014084507044
ISS Inc 	7	0.0028169014084507044
Kurdistan Democratic Party 	6	0.002414486921529175
California Angels 	6	0.002414486921529175
Palestinian Authority 	6	0.002414486921529175
U.S. Municipal Desk 	6	0.002414486921529175
Organisation for Security and Cooperation in Europe 	6	0.002414486921529175
Queens Park Rangers 	6	0.002414486921529175
West Bromwich 	6	0.002414486921529175
Sheffield United 	6	0.002414486921529175
Port Vale 	6	0.002414486921529175
All Blacks 	6	0.002414486921529175
Le Havre 	6	0.002414486921529175
RKC Waalwijk 	6	0.002414486921529175
Roda JC Kerkrade 	6	0.002414486921529175
VfB Stuttgart 	6	0.002414486921529175
Internet Startup 	6	0.002414486921529175
St. Louis Cardinals 	6	0.002414486921529175
Sudan Airways 	6	0.002414486921529175
Supreme Court 	6	0.002414486921529175
Brush Wellman 	6	0.002414486921529175
Central Bank 	6	0.002414486921529175
CDU / CSU 	6	0.002414486921529175
Elect Res 	6	0.002414486921529175
SBC Warburg 	6	0.002414486921529175
Chemlon Humenne 	5	0.002012072434607646
Ruch Chorzow 	5	0.002012072434607646
Red Star 	5	0.002012072434607646
Seattle Mariners 	5	0.002012072434607646
Cincinnati Reds 	5	0.002012072434607646
St Louis 	5	0.002012072434607646
Oakland Athletics 	5	0.002012072434607646
Moody 's Investors Service 	5	0.002012072434607646
interior ministry 	5	0.002012072434607646
Security Council 	5	0.002012072434607646
Missionaries of Charity 	5	0.002012072434607646
Moscow Newsroom 	5	0.002012072434607646
Legia Warsaw 	5	0.002012072434607646
State Department 	5	0.002012072434607646
Patriotic Union of Kurdistan 	5	0.002012072434607646
Merrill Lynch 	5	0.002012072434607646
Manchester City 	5	0.002012072434607646
Bristol City 	5	0.002012072434607646
Atlanta Braves 	5	0.002012072434607646
Chicago Cubs 	5	0.002012072434607646
Florida Marlins 	5	0.002012072434607646
San Francisco Giants 	5	0.002012072434607646
Sao Paulo 	5	0.002012072434607646
Atletico Madrid 	5	0.002012072434607646
Le Monde 	4	0.0016096579476861167
Agriculture Ministry 	4	0.0016096579476861167
Baltimore Orioles 	4	0.0016096579476861167
New York Yankees 	4	0.0016096579476861167
Texas Rangers 	4	0.0016096579476861167
Cleveland Indians 	4	0.0016096579476861167
Red Sox 	4	0.0016096579476861167
Chicago White Sox 	4	0.0016096579476861167
White Sox 	4	0.0016096579476861167
Toronto Blue Jays 	4	0.0016096579476861167
Milwaukee Brewers 	4	0.0016096579476861167
OFFICIAL JOURNAL 	4	0.0016096579476861167
Moody 's 	4	0.0016096579476861167
Detroit Tigers 	4	0.0016096579476861167
Kurdistan Workers Party 	4	0.0016096579476861167
Liberation Tigers of Tamil Eelam 	4	0.0016096579476861167
Dutch PTT 	4	0.0016096579476861167
Sheffield Wednesday 	4	0.0016096579476861167
Aston Villa 	4	0.0016096579476861167
Notts County 	4	0.0016096579476861167
Leyton Orient 	4	0.0016096579476861167
Amica Wronki 	4	0.0016096579476861167
Hutnik Krakow 	4	0.0016096579476861167
Sokol Tychy 	4	0.0016096579476861167
Lech Poznan 	4	0.0016096579476861167
Slask Wroclaw 	4	0.0016096579476861167
Odra Wodzislaw 	4	0.0016096579476861167
GKS Katowice 	4	0.0016096579476861167
GKS Belchatow 	4	0.0016096579476861167
VfL Bochum 	4	0.0016096579476861167
MSV Duisburg 	4	0.0016096579476861167
Interior Ministry 	4	0.0016096579476861167
Jiul Petrosani 	4	0.0016096579476861167
West Coast 	4	0.0016096579476861167
St Kilda 	4	0.0016096579476861167
North Melbourne 	4	0.0016096579476861167
Sydney Bulldogs 	4	0.0016096579476861167
South Queensland 	4	0.0016096579476861167
Gold Coast 	4	0.0016096579476861167
North Sydney 	4	0.0016096579476861167
South Sydney 	4	0.0016096579476861167
St George 	4	0.0016096579476861167
North Queensland 	4	0.0016096579476861167
Western Suburbs 	4	0.0016096579476861167
Sydney Tigers 	4	0.0016096579476861167
Western Reds 	4	0.0016096579476861167
San Diego Padres 	4	0.0016096579476861167
Colorado Rockies 	4	0.0016096579476861167
Pittsburgh Pirates 	4	0.0016096579476861167
Los Angeles Dodgers 	4	0.0016096579476861167
Philadelphia Phillies 	4	0.0016096579476861167
Montreal Expos 	4	0.0016096579476861167
Houston Astros 	4	0.0016096579476861167
U.S. Treasury 	4	0.0016096579476861167
House of Representatives 	4	0.0016096579476861167
Securities and Exchange Commission 	4	0.0016096579476861167
MOODY 'S 	4	0.0016096579476861167
Reform Party 	4	0.0016096579476861167
O Globo 	4	0.0016096579476861167
U.S. Postal 	4	0.0016096579476861167
New Democracy 	4	0.0016096579476861167
Khmer Rouge 	4	0.0016096579476861167
Volkswagen AG 	3	0.0012072434607645875
Mujahideen Khalq 	3	0.0012072434607645875
Paris Newsroom 	3	0.0012072434607645875
Finance Ministry 	3	0.0012072434607645875
Atletico Paranaense 	3	0.0012072434607645875
Atletico Mineiro 	3	0.0012072434607645875
Sport Recife 	3	0.0012072434607645875
Vasco da Gama 	3	0.0012072434607645875
New York Mets 	3	0.0012072434607645875
Sofia Newsroom 	3	0.0012072434607645875
In Home Health 	3	0.0012072434607645875
U.S. District Court 	3	0.0012072434607645875
UNITED NATIONS 	3	0.0012072434607645875
Air Cargo Newsroom 	3	0.0012072434607645875
The Times 	3	0.0012072434607645875
East Stirling 	3	0.0012072434607645875
World XI 	3	0.0012072434607645875
National Assembly 	3	0.0012072434607645875
Reuters Toronto Bureau 	3	0.0012072434607645875
New York Stock Exchange 	3	0.0012072434607645875
Royal Oak 	3	0.0012072434607645875
Frankfurt Newsroom 	3	0.0012072434607645875
Companion Marble 	3	0.0012072434607645875
Nottingham Forest 	3	0.0012072434607645875
West Ham 	3	0.0012072434607645875
Bristol Rovers 	3	0.0012072434607645875
Rakow Czestochowa 	3	0.0012072434607645875
Stomil Olsztyn 	3	0.0012072434607645875
Wisla Krakow 	3	0.0012072434607645875
Gornik Zabrze 	3	0.0012072434607645875
Polonia Warsaw 	3	0.0012072434607645875
Zaglebie Lubin 	3	0.0012072434607645875
LKS Lodz 	3	0.0012072434607645875
Philippine Basketball Association 	3	0.0012072434607645875
Standard Liege 	3	0.0012072434607645875
Cercle Brugge 	3	0.0012072434607645875
Sint Truiden 	3	0.0012072434607645875
FC Linz 	3	0.0012072434607645875
Austria Vienna 	3	0.0012072434607645875
Admira / Wacker 	3	0.0012072434607645875
Sturm Graz 	3	0.0012072434607645875
Linzer ASK 	3	0.0012072434607645875
FC Tirol Innsbruck 	3	0.0012072434607645875
SV Salzburg 	3	0.0012072434607645875
SV Ried 	3	0.0012072434607645875
Socialist Party 	3	0.0012072434607645875
Widzew Lodz 	3	0.0012072434607645875
Dinamo Bucharest 	3	0.0012072434607645875
Minnesota Twins 	3	0.0012072434607645875
St Gallen 	3	0.0012072434607645875
National Party 	3	0.0012072434607645875
La Jornada 	3	0.0012072434607645875
Yedioth Ahronoth 	3	0.0012072434607645875
Formula Shell 	3	0.0012072434607645875
Provisional Election Commission 	3	0.0012072434607645875
Republican Party 	3	0.0012072434607645875
Bank of France 	3	0.0012072434607645875
Tamil Tiger 	3	0.0012072434607645875
American Stock Exchange 	3	0.0012072434607645875
National Election Commission 	3	0.0012072434607645875
Democratic Party 	3	0.0012072434607645875
Mentmore Abbey 	3	0.0012072434607645875
San Diego 	3	0.0012072434607645875
Dream Team 	3	0.0012072434607645875
La Voie 	3	0.0012072434607645875
Gazeta Wyborcza 	3	0.0012072434607645875
First Union 	3	0.0012072434607645875
Bank of Japan 	3	0.0012072434607645875
OM Gruppen 	3	0.0012072434607645875
Daewoo Corp 	3	0.0012072434607645875
Selection Committee 	3	0.0012072434607645875
BBC radio 	2	0.0008048289738430583
People 's Daily 	2	0.0008048289738430583
BAYERISCHE VEREINSBANK 	2	0.0008048289738430583
Israel Radio 	2	0.0008048289738430583
NIDA'A AL-WATAN 	2	0.0008048289738430583
Bank of Finland 	2	0.0008048289738430583
Helsinki Newsroom 	2	0.0008048289738430583
AEK Larnaca 	2	0.0008048289738430583
Nyva Vinnytsya 	2	0.0008048289738430583
RAF Riga 	2	0.0008048289738430583
Varteks Varazdin 	2	0.0008048289738430583
Kispest Honved 	2	0.0008048289738430583
IFK Gothenburg 	2	0.0008048289738430583
Prague Newsroom 	2	0.0008048289738430583
Shining Path 	2	0.0008048289738430583
Palestinian Information Ministry 	2	0.0008048289738430583
U.N. Security Council 	2	0.0008048289738430583
United Nations General Assembly 	2	0.0008048289738430583
Ka Wah Bank 	2	0.0008048289738430583
Hong Kong Newsroom 	2	0.0008048289738430583
Indonesian Democratic Party 	2	0.0008048289738430583
International Monetary Fund 	2	0.0008048289738430583
Gazeta Shqiptare 	2	0.0008048289738430583
Daily Variety 	2	0.0008048289738430583
JORNAL DE ANGOLA 	2	0.0008048289738430583
UN Security Council 	2	0.0008048289738430583
JD Group 	2	0.0008048289738430583
Unitog Co 	2	0.0008048289738430583
American Airlines 	2	0.0008048289738430583
Hapoel Taibe 	2	0.0008048289738430583
Betar Jerusalem 	2	0.0008048289738430583
Dublin Newsroom 	2	0.0008048289738430583
Rapid Vienna 	2	0.0008048289738430583
News Agency of Nigeria 	2	0.0008048289738430583
Russian Weather Service 	2	0.0008048289738430583
Jordanian Arab Socialist Baath Party 	2	0.0008048289738430583
Reuter London Newsroom 	2	0.0008048289738430583
Microsoft Corp. 	2	0.0008048289738430583
Amsterdam Newsroom 	2	0.0008048289738430583
Liberal Party 	2	0.0008048289738430583
Toyota Australia 	2	0.0008048289738430583
Niugini Mining Ltd 	2	0.0008048289738430583
Battle Mountain 	2	0.0008048289738430583
Orii Corp 	2	0.0008048289738430583
State Planning Commission 	2	0.0008048289738430583
Dundee United 	2	0.0008048289738430583
East Fife 	2	0.0008048289738430583
St Mirren 	2	0.0008048289738430583
St Johnstone 	2	0.0008048289738430583
Ross County 	2	0.0008048289738430583
Queen 's Park 	2	0.0008048289738430583
Mladost ( L ) 	2	0.0008048289738430583
OFK Kikinda 	2	0.0008048289738430583
Buducnost ( V ) 	2	0.0008048289738430583
OFK Beograd 	2	0.0008048289738430583
Mladost ( BJ ) 	2	0.0008048289738430583
Alaska Milk 	2	0.0008048289738430583
Ginebra San Miguel 	2	0.0008048289738430583
Paris Saint-Germain 	2	0.0008048289738430583
Rapid Wien 	2	0.0008048289738430583
Red Cross 	2	0.0008048289738430583
China Daily 	2	0.0008048289738430583
Basque Homeland and Freedom 	2	0.0008048289738430583
Sun Microsystems 	2	0.0008048289738430583
A.S. Bacau 	2	0.0008048289738430583
Ceahlaul Piatra Neamt 	2	0.0008048289738430583
Otelul Galati 	2	0.0008048289738430583
F.C. Arges Dacia Pitesti 	2	0.0008048289738430583
F.C. Farul Constanta 	2	0.0008048289738430583
Sportul Studentesc 	2	0.0008048289738430583
Universitatea Craiova 	2	0.0008048289738430583
F.C. Petrolul Ploiesti 	2	0.0008048289738430583
Politehnica Timisoara 	2	0.0008048289738430583
F.C. Brasov 	2	0.0008048289738430583
F.C. National Bucharest 	2	0.0008048289738430583
Universitatea Cluj 	2	0.0008048289738430583
Rapid Bucharest 	2	0.0008048289738430583
Steaua Bucharest 	2	0.0008048289738430583
Alaniya Vladikavkaz 	2	0.0008048289738430583
Zhemchuzhina Sochi 	2	0.0008048289738430583
Baltika Kaliningrad 	2	0.0008048289738430583
Zenit St Petersburg 	2	0.0008048289738430583
Chernomorets Novorossiisk 	2	0.0008048289738430583
Rostselmash Rostov 	2	0.0008048289738430583
Lokomotiv Moscow 	2	0.0008048289738430583
Torpedo Moscow 	2	0.0008048289738430583
Rotor Volgograd 	2	0.0008048289738430583
Dynamo Moscow 	2	0.0008048289738430583
CSKA Moscow 	2	0.0008048289738430583
Kamaz Naberezhnye Chelny 	2	0.0008048289738430583
Lada Togliatti 	2	0.0008048289738430583
Spartak Moscow 	2	0.0008048289738430583
Krylya Sovetov Samara 	2	0.0008048289738430583
Lokomotiv Nizhny Novgorod 	2	0.0008048289738430583
Uralmash Yekaterinburg 	2	0.0008048289738430583
Sydney City 	2	0.0008048289738430583
Boston Red Sox 	2	0.0008048289738430583
Kansas City Royals 	2	0.0008048289738430583
Boca Juniors 	2	0.0008048289738430583
Bodo / Glimt 	2	0.0008048289738430583
MSV Duisberg 	2	0.0008048289738430583
Young Boys 	2	0.0008048289738430583
Club Brugge 	2	0.0008048289738430583
Press Trust of India 	2	0.0008048289738430583
Truth and Reconciliation Commission 	2	0.0008048289738430583
Popular Revolutionary Army 	2	0.0008048289738430583
Towers Perrin 	2	0.0008048289738430583
Awami League 	2	0.0008048289738430583
Bangladesh Nationalist Party 	2	0.0008048289738430583
Philip Morris 	2	0.0008048289738430583
Nyva Ternopil 	2	0.0008048289738430583
Inter Bratislava 	2	0.0008048289738430583
Slovan Bratislava 	2	0.0008048289738430583
Tatran Presov 	2	0.0008048289738430583
Artmedia Petrzalka 	2	0.0008048289738430583
JAS Bardejov 	2	0.0008048289738430583
DAC Dunajska Streda 	2	0.0008048289738430583
Spartak Trnava 	2	0.0008048289738430583
Dukla Banska Bystrica 	2	0.0008048289738430583
FC Nitra 	2	0.0008048289738430583
MSK Zilina 	2	0.0008048289738430583
FC Kosice 	2	0.0008048289738430583
Petrimex Prievidza 	2	0.0008048289738430583
FC Rimavska Sobota 	2	0.0008048289738430583
Lokomotiva Kosice 	2	0.0008048289738430583
Kerametal Dubnica 	2	0.0008048289738430583
Petra Drnovice 	2	0.0008048289738430583
Slovan Liberec 	2	0.0008048289738430583
SK Slavia Praha 	2	0.0008048289738430583
SK Ceske Budejovice 	2	0.0008048289738430583
FK Jablonec 	2	0.0008048289738430583
Viktoria Zizkov 	2	0.0008048289738430583
Banik Ostrava 	2	0.0008048289738430583
FK Teplice 	2	0.0008048289738430583
Boby Brno 	2	0.0008048289738430583
Sigma Olomouc 	2	0.0008048289738430583
FC Bohemians 	2	0.0008048289738430583
FC Karvina 	2	0.0008048289738430583
SK Hradec Kralove 	2	0.0008048289738430583
Kaucuk Opava 	2	0.0008048289738430583
Viktoria Plzen 	2	0.0008048289738430583
AC Sparta Praha 	2	0.0008048289738430583
Cruz Azul 	2	0.0008048289738430583
AC Milan 	2	0.0008048289738430583
Real Madrid 	2	0.0008048289738430583
Dnevi Avaz 	2	0.0008048289738430583
Security Ministry 	2	0.0008048289738430583
Banco de Mexico 	2	0.0008048289738430583
New Zealand Press Association 	2	0.0008048289738430583
Radio New Zealand 	2	0.0008048289738430583
Northcote College 	2	0.0008048289738430583
SIMEX Brent 	2	0.0008048289738430583
Singapore Newsroom 	2	0.0008048289738430583
Metro Holdings 	2	0.0008048289738430583
Karachi Stock Exchange 	2	0.0008048289738430583
Marion County Board of Education 	2	0.0008048289738430583
A.G. Edwards & Sons , Inc 	2	0.0008048289738430583
Washington Post 	2	0.0008048289738430583
Earth First 	2	0.0008048289738430583
WorldCom Inc 	2	0.0008048289738430583
MFS Communications Co Inc 	2	0.0008048289738430583
Pacific Stock Exchange 	2	0.0008048289738430583
Faulding Inc 	2	0.0008048289738430583
Catholic Information Office 	2	0.0008048289738430583
Radical Cause 	2	0.0008048289738430583
Eau Claire 	2	0.0008048289738430583
The Statesman 	2	0.0008048289738430583
Islamic Salvation Front 	2	0.0008048289738430583
Nepali Congress 	2	0.0008048289738430583
Penn Treaty 	2	0.0008048289738430583
Penn Treaty American Corp 	2	0.0008048289738430583
New York Newsdesk 	2	0.0008048289738430583
America Online 	2	0.0008048289738430583
Swiss Bank Corp 	2	0.0008048289738430583
Transkaryotic Therapies Inc 	2	0.0008048289738430583
British Data Management 	2	0.0008048289738430583
Tokyo Commodities Desk 	2	0.0008048289738430583
Saskatchewan Wheat Pool 	2	0.0008048289738430583
MX Onda 	2	0.0008048289738430583
Rugby Football Union 	2	0.0008048289738430583
Western Province 	2	0.0008048289738430583
Hapoel Beit She'an 	2	0.0008048289738430583
Los Angeles 	2	0.0008048289738430583
Fidelis Andria 	2	0.0008048289738430583
Federal Reserve 	2	0.0008048289738430583
New York Commodities 	2	0.0008048289738430583
New York Energy Desk 	2	0.0008048289738430583
Le Populaire 	2	0.0008048289738430583
State Council 	2	0.0008048289738430583
Suedwest LB 	2	0.0008048289738430583
American Names Association 	2	0.0008048289738430583
U.S. Court of Appeals 	2	0.0008048289738430583
Eva Tremila 	2	0.0008048289738430583
Swebus AB 	2	0.0008048289738430583
Democratic National United Movement 	2	0.0008048289738430583
Liu Chong Hing 	2	0.0008048289738430583
EL PAIS 	2	0.0008048289738430583
EL MUNDO 	2	0.0008048289738430583
DIARIO 16 	2	0.0008048289738430583
CINCO DIAS 	2	0.0008048289738430583
GACETA DE LOS NEGOCIOS 	2	0.0008048289738430583
Star magazine 	2	0.0008048289738430583
University of Pennsylvania 	2	0.0008048289738430583
Cargill Inc 	2	0.0008048289738430583
Conference Board 	2	0.0008048289738430583
SoCal Edison 	2	0.0008048289738430583
Sierra Semiconductor Corp 	2	0.0008048289738430583
International Business Machines Corp 	2	0.0008048289738430583
Slough Estates 	2	0.0008048289738430583
Civil War Conservation Corps 	2	0.0008048289738430583
Dacom International 	2	0.0008048289738430583
Daewoo Information 	2	0.0008048289738430583
Singapore Refining Company 	2	0.0008048289738430583
Welsh National Farmers ' Union 	1	0.00040241448692152917
Reuters Television 	1	0.00040241448692152917
Association for Relations Across the Taiwan Straits 	1	0.00040241448692152917
Federal office for motor vehicles 	1	0.00040241448692152917
Opel AG 	1	0.00040241448692152917
General Motors 	1	0.00040241448692152917
Lehman Brothers International 	1	0.00040241448692152917
VENANTIUS AB 	1	0.00040241448692152917
Lloyds Shipping 	1	0.00040241448692152917
Lloyds Shipping Intelligence Service 	1	0.00040241448692152917
Channel Two 	1	0.00040241448692152917
Kurdistan Democratic Party of Iran 	1	0.00040241448692152917
Iraqi Kurdish Patriotic Union of Kurdistan 	1	0.00040241448692152917
International Red Crescent 	1	0.00040241448692152917
Liberal Democratic party 	1	0.00040241448692152917
KinderCare Learning Centers Inc 	1	0.00040241448692152917
Southern New England Telecommunciations Corp 	1	0.00040241448692152917
Southern New England 	1	0.00040241448692152917
Wall Street bureau 	1	0.00040241448692152917
Gateway Data Sciences 	1	0.00040241448692152917
Consolidated Financial Data 	1	0.00040241448692152917
France Telecom 	1	0.00040241448692152917
Den Norske Stats Oljeselskap AS 	1	0.00040241448692152917
Status Weekly 	1	0.00040241448692152917
National Customs Board 	1	0.00040241448692152917
GLORIA BISTRITA 	1	0.00040241448692152917
F.C. VALLETTA 	1	0.00040241448692152917
F.C. Valletta 	1	0.00040241448692152917
F.C. La Valletta 	1	0.00040241448692152917
Cheveley Park Stud 	1	0.00040241448692152917
Glasgow Rangers 	1	0.00040241448692152917
Flamurtari Vlore 	1	0.00040241448692152917
Kotaik Abovyan 	1	0.00040241448692152917
Kareda Siauliai 	1	0.00040241448692152917
Tallinna Sadam 	1	0.00040241448692152917
Levski Sofia 	1	0.00040241448692152917
US Luxembourg 	1	0.00040241448692152917
Havnar Boltfelag 	1	0.00040241448692152917
Dynamo Batumi 	1	0.00040241448692152917
Sparta Prague 	1	0.00040241448692152917
Red Star Belgrade 	1	0.00040241448692152917
Hapoel Ironi 	1	0.00040241448692152917
Karabach Agdam 	1	0.00040241448692152917
Sloga Jugomagnat 	1	0.00040241448692152917
Add Hapoel Ironi 	1	0.00040241448692152917
Constructorul Chisinau 	1	0.00040241448692152917
Daily Telegraph 	1	0.00040241448692152917
Inter Milan 	1	0.00040241448692152917
In Home Health Inc 	1	0.00040241448692152917
U.S. Federal District Court 	1	0.00040241448692152917
Health Care Financing Administration 	1	0.00040241448692152917
Chicago Newsdesk 	1	0.00040241448692152917
Oppenheimer Capital 	1	0.00040241448692152917
Oppenheimer Capital LP 	1	0.00040241448692152917
Best Products Co 	1	0.00040241448692152917
Confederation of British Industry 	1	0.00040241448692152917
Oxford University 	1	0.00040241448692152917
Journal of the Royal College of Physicians 	1	0.00040241448692152917
British Heart Foundation 	1	0.00040241448692152917
Lichtwer Pharma GmbH 	1	0.00040241448692152917
Overseas Development Administration 	1	0.00040241448692152917
Economic Community of West African States 	1	0.00040241448692152917
Organisation of the Islamic Conference 	1	0.00040241448692152917
Duff & Phelps 	1	0.00040241448692152917
Thomson BankWatch 	1	0.00040241448692152917
Japan Credit Rating Agency 	1	0.00040241448692152917
Czech National Bank 	1	0.00040241448692152917
Bosnian Association for Refugees and Displaced Persons 	1	0.00040241448692152917
DNEVNI AVAZ 	1	0.00040241448692152917
Coast Guard 	1	0.00040241448692152917
Steel Industry Center 	1	0.00040241448692152917
Buenos Aires Newsroom 	1	0.00040241448692152917
Jungle Command 	1	0.00040241448692152917
Columbia University 	1	0.00040241448692152917
National Islamic Front 	1	0.00040241448692152917
Istanbul Newsroom 	1	0.00040241448692152917
Miss Universe Inc. 	1	0.00040241448692152917
Miss Venezuela Organisation 	1	0.00040241448692152917
Miss Universe Inc 	1	0.00040241448692152917
National Socialist German Workers ' Party Foreign Organisation 	1	0.00040241448692152917
NS Kampfruf 	1	0.00040241448692152917
National Socialist Battle Cry 	1	0.00040241448692152917
Department of Humanitarian affairs 	1	0.00040241448692152917
Algeria TV 	1	0.00040241448692152917
House of Commons 	1	0.00040241448692152917
Criminal Investigation Department 	1	0.00040241448692152917
Dhaka Stock Exchange 	1	0.00040241448692152917
National Bank 	1	0.00040241448692152917
Eastern Cables 	1	0.00040241448692152917
Apex Tannery 	1	0.00040241448692152917
Reserve bank of India 	1	0.00040241448692152917
Reserve Bank of India 	1	0.00040241448692152917
News Corp Ltd 	1	0.00040241448692152917
Fox Broadcasting 	1	0.00040241448692152917
First Pacific 	1	0.00040241448692152917
Asian Star TV 	1	0.00040241448692152917
The Sun 	1	0.00040241448692152917
TV Guide 	1	0.00040241448692152917
Reserve Bank of Australia 	1	0.00040241448692152917
Bank of New Zealand 	1	0.00040241448692152917
Power NZ ODV 	1	0.00040241448692152917
Power New Zealand 	1	0.00040241448692152917
Ministry of Commerce 	1	0.00040241448692152917
Correction Department 	1	0.00040241448692152917
Tokyo Soir 	1	0.00040241448692152917
Tokyo Soir Co Ltd 	1	0.00040241448692152917
HSBC Markets 	1	0.00040241448692152917
Hong Kong Interbank 	1	0.00040241448692152917
Hong Kong Central Moneymarkets Unit 	1	0.00040241448692152917
Super Indah Makmur 	1	0.00040241448692152917
PT VDH Teguh Sakti 	1	0.00040241448692152917
Van Der Horst 	1	0.00040241448692152917
Bank Duta 	1	0.00040241448692152917
Ciputra Development 	1	0.00040241448692152917
Council of Europe 	1	0.00040241448692152917
Western European Union 	1	0.00040241448692152917
State Customs Committee 	1	0.00040241448692152917
Paramount Pictures 	1	0.00040241448692152917
Northern Transvaal 	1	0.00040241448692152917
SC Espinho 	1	0.00040241448692152917
ST PAULI 	1	0.00040241448692152917
x-AEK Athens 	1	0.00040241448692152917
x-Club Brugge 	1	0.00040241448692152917
Casino Graz 	1	0.00040241448692152917
Alania Vladikavkaz 	1	0.00040241448692152917
x-Cercle Brugge 	1	0.00040241448692152917
Brann Bergen 	1	0.00040241448692152917
Government of National Unity and Reconciliation 	1	0.00040241448692152917
Ulster Petroleums Ltd 	1	0.00040241448692152917
TVX Gold Inc 	1	0.00040241448692152917
Kinross Gold Corp 	1	0.00040241448692152917
Scorpion Minerals Inc 	1	0.00040241448692152917
Barrington Research Associates Inc 	1	0.00040241448692152917
Property Capital 	1	0.00040241448692152917
Property Capital Trust 	1	0.00040241448692152917
Securities and Exchnage Commission 	1	0.00040241448692152917
Berkshire Hathaway Inc 	1	0.00040241448692152917
AMR Corp 	1	0.00040241448692152917
Department of Transportation 	1	0.00040241448692152917
Federal Aviation Administration 	1	0.00040241448692152917
Petrobulk Rainbow 	1	0.00040241448692152917
Port Christine 	1	0.00040241448692152917
Kpaitan Stankov 	1	0.00040241448692152917
AP Moller 	1	0.00040241448692152917
SKS Tana 	1	0.00040241448692152917
Northsea Chaser 	1	0.00040241448692152917
Neptune Crux 	1	0.00040241448692152917
World Bridge 	1	0.00040241448692152917
LG Caltex 	1	0.00040241448692152917
Hebrew University 	1	0.00040241448692152917
Football Association of Ireland 	1	0.00040241448692152917
Rally for the Return of Refugees and Democracy in Rwanda 	1	0.00040241448692152917
National Bank of Hungary 	1	0.00040241448692152917
Amazon Affairs Department 	1	0.00040241448692152917
Foreign Affairs 	1	0.00040241448692152917
Trade and Industry 	1	0.00040241448692152917
Chesapeake Police Department 	1	0.00040241448692152917
Lufthansa Cargo AG 	1	0.00040241448692152917
Deutsche Lufthansa AG 	1	0.00040241448692152917
Weather Services Corporation 	1	0.00040241448692152917
U.S. State Department 	1	0.00040241448692152917
Kathmandu Post 	1	0.00040241448692152917
Paribas Capital Markets OTC 	1	0.00040241448692152917
International Bonds 	1	0.00040241448692152917
Goldman Sachs 	1	0.00040241448692152917
Goldman Sachs & Co Wertpapier GmbH 	1	0.00040241448692152917
Continental AG 	1	0.00040241448692152917
Goldman Sachs & Co 	1	0.00040241448692152917
Beirut Secondary Market 	1	0.00040241448692152917
Beirut Stock Exchange 	1	0.00040241448692152917
Ciments Libanais 	1	0.00040241448692152917
Ciments Blancs 	1	0.00040241448692152917
The Walt Disney Co 	1	0.00040241448692152917
Networks Services Division 	1	0.00040241448692152917
Ameritech Corp. 	1	0.00040241448692152917
BellSouth Corp. 	1	0.00040241448692152917
GTE Corp. 	1	0.00040241448692152917
SBC Communications 	1	0.00040241448692152917
Southern New England Telecommunications Corp. 	1	0.00040241448692152917
LG Electronics Inc. 	1	0.00040241448692152917
Kalf , Voorhis & Co 	1	0.00040241448692152917
Natural Law Party 	1	0.00040241448692152917
The Natural Law Party 	1	0.00040241448692152917
Times of London 	1	0.00040241448692152917
Giga Information Group 	1	0.00040241448692152917
Gartner Group 	1	0.00040241448692152917
Symantec Corp. 	1	0.00040241448692152917
Touchstone Software Corp. 	1	0.00040241448692152917
PC Data Inc 	1	0.00040241448692152917
U.S. Department of Health and Human Services 	1	0.00040241448692152917
Arkansas State Police 	1	0.00040241448692152917
Bureau of Alcohol , Tobacco and Firearms 	1	0.00040241448692152917
EVEREN Securities Inc 	1	0.00040241448692152917
Royal Oak Mines Inc 	1	0.00040241448692152917
Reuters Chicago Newsdesk 	1	0.00040241448692152917
SunGard Shareholder Systems Inc 	1	0.00040241448692152917
SunGard Data Systems Inc 	1	0.00040241448692152917
Securities Products Business 	1	0.00040241448692152917
CheckFree Corp 	1	0.00040241448692152917
Alpha Techs 	1	0.00040241448692152917
Alpha Technologies Group Inc 	1	0.00040241448692152917
Lockhart Industries Inc 	1	0.00040241448692152917
Koninklijke PTT Nederland NV 	1	0.00040241448692152917
Koninklijke Boskalis Westminster NV 	1	0.00040241448692152917
Deutsche Bahn 	1	0.00040241448692152917
Deutsche Bahn AG 	1	0.00040241448692152917
New Scientist 	1	0.00040241448692152917
Moss Landing Marine Laboratories 	1	0.00040241448692152917
U.S. Navy 	1	0.00040241448692152917
Australia Senate 	1	0.00040241448692152917
Australian Democrats 	1	0.00040241448692152917
Labor Party 	1	0.00040241448692152917
Battle Mountain Gold 	1	0.00040241448692152917
Niugini Mining 	1	0.00040241448692152917
Yonsei University 	1	0.00040241448692152917
China National Nonferrous Metals Import and Export Corp 	1	0.00040241448692152917
London Metal Exchange 	1	0.00040241448692152917
Bloomsbury Minerals Economics 	1	0.00040241448692152917
Sumitomo Corp 	1	0.00040241448692152917
Companion Building Material 	1	0.00040241448692152917
Stock Exchange 	1	0.00040241448692152917
Hong Kong News Room 	1	0.00040241448692152917
Softbank Corp 	1	0.00040241448692152917
Kingston Technology Co 	1	0.00040241448692152917
Shanghai Post and Telecomm 	1	0.00040241448692152917
Shanghai Posts and Telecommunications Equipment Co 	1	0.00040241448692152917
Spar AG 	1	0.00040241448692152917
Les Echos 	1	0.00040241448692152917
Rothschild & Cie 	1	0.00040241448692152917
IRISH INDEPENDENT 	1	0.00040241448692152917
Irish Permanent 	1	0.00040241448692152917
Irish Navy 	1	0.00040241448692152917
Air Corps 	1	0.00040241448692152917
Irish Department of Enterprise and Employment 	1	0.00040241448692152917
Taylor Asset Managers 	1	0.00040241448692152917
Tilcon Inc 	1	0.00040241448692152917
IRISH TIMES 	1	0.00040241448692152917
Dunnes Stores 	1	0.00040241448692152917
Ford China 	1	0.00040241448692152917
Ford Motor Co 	1	0.00040241448692152917
Jiangling Motors Corp 	1	0.00040241448692152917
China Securities 	1	0.00040241448692152917
Jiangling Motors Group 	1	0.00040241448692152917
Greenock Morton 	1	0.00040241448692152917
Queen of the South 	1	0.00040241448692152917
Tottenham Hotspur 	1	0.00040241448692152917
Queen 's Park Rangers 	1	0.00040241448692152917
Buducnost ( P ) 	1	0.00040241448692152917
Radnicki ( N ) 	1	0.00040241448692152917
Purefoods Hotdogs 	1	0.00040241448692152917
Action Against Hunger 	1	0.00040241448692152917
Public Service Commission 	1	0.00040241448692152917
Public Service Association 	1	0.00040241448692152917
Public Service , Labour and Social Welfare 	1	0.00040241448692152917
al-Ingaz al-Watani 	1	0.00040241448692152917
National Democratic Alliance 	1	0.00040241448692152917
Zeri i Popullit 	1	0.00040241448692152917
Islamic Revolutionary Court 	1	0.00040241448692152917
Golden Crescent 	1	0.00040241448692152917
Movement of Socialist Democrats 	1	0.00040241448692152917
National Hurricane Center 	1	0.00040241448692152917
Bild am Sonntag 	1	0.00040241448692152917
Northern League 	1	0.00040241448692152917
Human Rights National Observatory 	1	0.00040241448692152917
El Mundo 	1	0.00040241448692152917
Centre for Sociological Studies 	1	0.00040241448692152917
Popular Party 	1	0.00040241448692152917
Sun Microsystems Inc. 	1	0.00040241448692152917
Bessemer Venture Partners 	1	0.00040241448692152917
RSA Data Security 	1	0.00040241448692152917
Security Dynamics Technologies Inc. 	1	0.00040241448692152917
Apple Computer Inc. 	1	0.00040241448692152917
Oracle Systems 	1	0.00040241448692152917
Kleiner Perkins Caufield & Byers 	1	0.00040241448692152917
Kleiner Perkins 	1	0.00040241448692152917
International Business Machines Corp. 	1	0.00040241448692152917
PSI Net 	1	0.00040241448692152917
Crvena zvezda 	1	0.00040241448692152917
Polonia Warszawa 	1	0.00040241448692152917
Chindia Tirgoviste 	1	0.00040241448692152917
F.C. Chindia Tirgoviste 	1	0.00040241448692152917
Tekstilshik Kamyshin 	1	0.00040241448692152917
Tekstilshchik Kamyshin 	1	0.00040241448692152917
Triple-A Columbus 	1	0.00040241448692152917
FC Porto 	1	0.00040241448692152917
Gil Vicente 	1	0.00040241448692152917
Roda JC 	1	0.00040241448692152917
Board of Control for Cricket in India 	1	0.00040241448692152917
United News of India 	1	0.00040241448692152917
African National Congress 	1	0.00040241448692152917
Freedom Front 	1	0.00040241448692152917
University of the Witwatersrand 	1	0.00040241448692152917
Mexican Army 	1	0.00040241448692152917
Revolutionary Armed Forces of Colombia 	1	0.00040241448692152917
Democratic Karen Buddhist Army 	1	0.00040241448692152917
Karen National Union 	1	0.00040241448692152917
JORDAN TIMES 	1	0.00040241448692152917
AL RAI 	1	0.00040241448692152917
AD DUSTOUR 	1	0.00040241448692152917
AL ASWAQ 	1	0.00040241448692152917
Bank of Israel 	1	0.00040241448692152917
YEDIOTH AHRONOTH 	1	0.00040241448692152917
JERUSALEM POST 	1	0.00040241448692152917
Federal Bureau of Investigation 	1	0.00040241448692152917
Kabul Radio 	1	0.00040241448692152917
Supreme Coordination Council alliance 	1	0.00040241448692152917
Mironivka Wheat Institute 	1	0.00040241448692152917
Ukrainian Academy of Agrarian Sciences 	1	0.00040241448692152917
Gencor Ltd 	1	0.00040241448692152917
Impala Platinum Holdings Ltd 	1	0.00040241448692152917
Ingwe Coal Corporation Ltd 	1	0.00040241448692152917
Lonrho Plc 	1	0.00040241448692152917
Malbak Ltd 	1	0.00040241448692152917
IVAC Medical 	1	0.00040241448692152917
Advanced Medical Inc. 	1	0.00040241448692152917
IVAC Medical Systems Inc. 	1	0.00040241448692152917
Eli Lilly & Co 	1	0.00040241448692152917
IMED Corp. 	1	0.00040241448692152917
Eli Lilly 	1	0.00040241448692152917
DLJ Merchant Banking Partners LP 	1	0.00040241448692152917
River Medical Inc. 	1	0.00040241448692152917
Mallinckrodt Group Inc 	1	0.00040241448692152917
ST HELENS 	1	0.00040241448692152917
London Broncos 	1	0.00040241448692152917
Queen of the 	1	0.00040241448692152917
Dynamo Kiev 	1	0.00040241448692152917
Kremin Kremenchuk 	1	0.00040241448692152917
Vorskla Poltava 	1	0.00040241448692152917
Torpedo Zaporizhya 	1	0.00040241448692152917
Shakhtar Donetsk 	1	0.00040241448692152917
Kryvbas Kryvy Rig 	1	0.00040241448692152917
Karpaty Lviv 	1	0.00040241448692152917
Prykarpattya Ivano-Frankivsk 	1	0.00040241448692152917
Zirka-Nibas Kirovohrad 	1	0.00040241448692152917
Chornomorets Odessa 	1	0.00040241448692152917
Metalurg Zaporizhya 	1	0.00040241448692152917
Dnipro Dnipropetrovsk 	1	0.00040241448692152917
CSKA Kiev 	1	0.00040241448692152917
Ujpest TE 	1	0.00040241448692152917
Parmalat / Fehervar FC 	1	0.00040241448692152917
Sao Paulo-Santos 	1	0.00040241448692152917
Ferro Carril Oeste 	1	0.00040241448692152917
Newell 's Old Boys 	1	0.00040241448692152917
Velez Sarsfield 	1	0.00040241448692152917
Racing Club 	1	0.00040241448692152917
Rosario Central 	1	0.00040241448692152917
River Plate 	1	0.00040241448692152917
Gimnasia-La Plata 	1	0.00040241448692152917
San Lorenzo 	1	0.00040241448692152917
Deportivo Espanol 	1	0.00040241448692152917
Widad Fes 	1	0.00040241448692152917
Raja Casablanca 	1	0.00040241448692152917
Jeunesse Massira 	1	0.00040241448692152917
Widad Casablanca 	1	0.00040241448692152917
Sporting Sale 	1	0.00040241448692152917
Sidi Kacem 	1	0.00040241448692152917
Royal Armed Forces 	1	0.00040241448692152917
El Jadida 	1	0.00040241448692152917
Hassania Agadir 	1	0.00040241448692152917
Lamonts Apparel 	1	0.00040241448692152917
Lamonts Apparel Inc 	1	0.00040241448692152917
Yugo Zastava 	1	0.00040241448692152917
Belgrade Newsroom 	1	0.00040241448692152917
Zagreb Money Market 	1	0.00040241448692152917
Zagreb Newsroom 	1	0.00040241448692152917
SVCD Bulgaria 	1	0.00040241448692152917
Balkan Airlines 	1	0.00040241448692152917
Mostostal Z 	1	0.00040241448692152917
Mostostal Zabrze Holding SA 	1	0.00040241448692152917
Polish Development Bank 	1	0.00040241448692152917
Warsaw Newsroom 	1	0.00040241448692152917
Civil Defence and Coast Guard 	1	0.00040241448692152917
Public Transport Corporation 	1	0.00040241448692152917
Singapore International Monetary Exchange 	1	0.00040241448692152917
International Petroleum Exchange 	1	0.00040241448692152917
First Capital Corp 	1	0.00040241448692152917
U.S. Senate Intelligence Committee 	1	0.00040241448692152917
Defence and Aviation 	1	0.00040241448692152917
Saudi Press Agency 	1	0.00040241448692152917
Doe Run 	1	0.00040241448692152917
Parkway Middle School 	1	0.00040241448692152917
Broward County Sheriff 's Office 	1	0.00040241448692152917
Gingrich / Dole Congress 	1	0.00040241448692152917
Gingrich Congress 	1	0.00040241448692152917
Dole White House 	1	0.00040241448692152917
Handgun Control Inc. 	1	0.00040241448692152917
Air Force 	1	0.00040241448692152917
Indian Oil Corp 	1	0.00040241448692152917
Environment Canada 	1	0.00040241448692152917
Brush Wellman Inc 	1	0.00040241448692152917
New York Times 	1	0.00040241448692152917
Cleveland Newsdesk 	1	0.00040241448692152917
Salomon Brothers 	1	0.00040241448692152917
Diamond Shamrock Inc 	1	0.00040241448692152917
Sun Co 	1	0.00040241448692152917
Tosco Corp 	1	0.00040241448692152917
Total Petroleum ( North America ) Ltd 	1	0.00040241448692152917
Valero Energy Corp 	1	0.00040241448692152917
WesBanco Bank 	1	0.00040241448692152917
Steptoe & Johnson 	1	0.00040241448692152917
Ferris , Baker Watts , Inc. 	1	0.00040241448692152917
J.J. KENNY 	1	0.00040241448692152917
OHIO BUILDING AUTHORITY 	1	0.00040241448692152917
Goldman , Sachs & Co 	1	0.00040241448692152917
Banc One Capital Corporation 	1	0.00040241448692152917
S.B.K- Brooks Investment Corp 	1	0.00040241448692152917
Seasongood & Mayer 	1	0.00040241448692152917
The Washington Post 	1	0.00040241448692152917
Sidwell Friends School 	1	0.00040241448692152917
IHC Caland 	1	0.00040241448692152917
Fokker Aviation 	1	0.00040241448692152917
Europe 1 	1	0.00040241448692152917
European Court of Human Rights 	1	0.00040241448692152917
Rabobank Nederland BA 	1	0.00040241448692152917
LE MONDE 	1	0.00040241448692152917
Atria Oy 	1	0.00040241448692152917
Chart Thai 	1	0.00040241448692152917
Fontaine Co Ltd 	1	0.00040241448692152917
International Philippine 	1	0.00040241448692152917
United Coconut Associations of the Philippines 	1	0.00040241448692152917
Nomura Research Institute Ltd 	1	0.00040241448692152917
Aronkasei Co Ltd 	1	0.00040241448692152917
LA PRESSE 	1	0.00040241448692152917
LE TEMPS 	1	0.00040241448692152917
United Nations Special Commission 	1	0.00040241448692152917
Lebanon First 	1	0.00040241448692152917
Lebanese Association for the Democracy of Elections 	1	0.00040241448692152917
THE TIMES 	1	0.00040241448692152917
wall Street 	1	0.00040241448692152917
U.S. Treasuries 	1	0.00040241448692152917
Fahnestock & Co 	1	0.00040241448692152917
Iraqi Community Association 	1	0.00040241448692152917
Tarmac Plc 	1	0.00040241448692152917
Costain Group Plc 	1	0.00040241448692152917
Hanson Plc 	1	0.00040241448692152917
Berkshire Wood Elves 	1	0.00040241448692152917
The Land is Ours 	1	0.00040241448692152917
Alarm UK 	1	0.00040241448692152917
Road Alert 	1	0.00040241448692152917
Construction Industry Council 	1	0.00040241448692152917
Jakarta Post 	1	0.00040241448692152917
Bank Indonesia 	1	0.00040241448692152917
RAITH ROVERS 	1	0.00040241448692152917
Raith Rovers 	1	0.00040241448692152917
Raith Rovers FC 	1	0.00040241448692152917
MANCHESTER CITY 	1	0.00040241448692152917
Romanian Soccer Federation 	1	0.00040241448692152917
Neuchatel Xamax 	1	0.00040241448692152917
US Postal 	1	0.00040241448692152917
Cofinec S.A. 	1	0.00040241448692152917
ING Barings 	1	0.00040241448692152917
ABN-AMRO Hoare Govett 	1	0.00040241448692152917
Krpaco a.s. 	1	0.00040241448692152917
Prague Stock Exchange 	1	0.00040241448692152917
AGROTONZ TLUMACOV 	1	0.00040241448692152917
BARUM HOLDING 	1	0.00040241448692152917
CESKA SPORITELNA 	1	0.00040241448692152917
CKD PRAHA HOLDING 	1	0.00040241448692152917
KABLO KLADNO 	1	0.00040241448692152917
KOMERCNI BANKA 	1	0.00040241448692152917
LECIVA PRAHA 	1	0.00040241448692152917
MORAV.CHEMIC. ZAV 	1	0.00040241448692152917
PF IKS KB PLUS 	1	0.00040241448692152917
SOKOLOVSKA UHELNA 	1	0.00040241448692152917
SPIF CESKY 	1	0.00040241448692152917
SPT TELECOM 	1	0.00040241448692152917
SKODA PLZEN 	1	0.00040241448692152917
TRINECKE ZELEZARNY 	1	0.00040241448692152917
VODNI STAVBY PRAHA 	1	0.00040241448692152917
Chicago Board Options Exchange 	1	0.00040241448692152917
The New York Times 	1	0.00040241448692152917
Purdue Frederick Co 	1	0.00040241448692152917
Purepac Pharamceutical 	1	0.00040241448692152917
Zeneca Group Plc 	1	0.00040241448692152917
F.H. Faulding & Co 	1	0.00040241448692152917
Leeds United 	1	0.00040241448692152917
Sudan People 's Liberation Army 	1	0.00040241448692152917
Catholic Information office 	1	0.00040241448692152917
Central European Free Trade Area 	1	0.00040241448692152917
Chamber of Economy 	1	0.00040241448692152917
Party of Social Democracy 	1	0.00040241448692152917
National Unity Party 	1	0.00040241448692152917
Transportation Ministry 	1	0.00040241448692152917
Judicial Police 	1	0.00040241448692152917
Corporacion Venezolana de Guayana 	1	0.00040241448692152917
El Nuevo Diario 	1	0.00040241448692152917
Military College 	1	0.00040241448692152917
PT Matahari Putra Prima 	1	0.00040241448692152917
Democrat National Convention 	1	0.00040241448692152917
National Abortion Rights Action League 	1	0.00040241448692152917
Republican House 	1	0.00040241448692152917
ABC News 	1	0.00040241448692152917
Robert W. Baird 	1	0.00040241448692152917
Robert W. Baird & Co . 	1	0.00040241448692152917
, Inc. 	1	0.00040241448692152917
Massachusetts Association of Realtors 	1	0.00040241448692152917
Federation Syndicale Unitaire 	1	0.00040241448692152917
Rhone Poulenc 	1	0.00040241448692152917
Cheuvreux de Virieu 	1	0.00040241448692152917
Mercantile & General 	1	0.00040241448692152917
Scac Delmas Vileujeux 	1	0.00040241448692152917
Alcatel Alsthom 	1	0.00040241448692152917
Oakley Inc 	1	0.00040241448692152917
Gentext Optics Inc 	1	0.00040241448692152917
Essilor International 	1	0.00040241448692152917
DAILY NEWS 	1	0.00040241448692152917
THE ISLAND 	1	0.00040241448692152917
Ruhunu University 	1	0.00040241448692152917
Shishu Bhavan 	1	0.00040241448692152917
Prem Dan 	1	0.00040241448692152917
Gift of Love 	1	0.00040241448692152917
State ( central ) Bank 	1	0.00040241448692152917
United People 's Front Nepal 	1	0.00040241448692152917
Communist United Marxist-Leninist 	1	0.00040241448692152917
Banglabazar Patrika 	1	0.00040241448692152917
U.N. General Assembly 	1	0.00040241448692152917
Barrick Gold Corp 	1	0.00040241448692152917
Arequipa Resources Ltd 	1	0.00040241448692152917
Merrion Insurance Company Inc 	1	0.00040241448692152917
Health Insurance of Vermont 	1	0.00040241448692152917
AOL Europe 	1	0.00040241448692152917
Bertelsmann AG 	1	0.00040241448692152917
AdOn GmbH 	1	0.00040241448692152917
New Media 	1	0.00040241448692152917
AOL Germany 	1	0.00040241448692152917
Power Corp 	1	0.00040241448692152917
Dominion Bond Rating Service 	1	0.00040241448692152917
Power Corp of Canada 	1	0.00040241448692152917
Power Financial Corp 	1	0.00040241448692152917
Information Ministry 	1	0.00040241448692152917
Morgan Stanley and Co Inc 	1	0.00040241448692152917
Hoechst Marion Roussel Inc 	1	0.00040241448692152917
National Rifle Association 	1	0.00040241448692152917
Electoral Research Group 	1	0.00040241448692152917
Forschungsgruppe Wahlen 	1	0.00040241448692152917
British Data 	1	0.00040241448692152917
Immigration Service 	1	0.00040241448692152917
Macedonian Communist Party 	1	0.00040241448692152917
Japan Aluminium Federation 	1	0.00040241448692152917
United Nations Human Rights Commission 	1	0.00040241448692152917
U.N. Human Rights Commission 	1	0.00040241448692152917
Cooperative Bank 	1	0.00040241448692152917
Cooperative Bank of Taiwan 	1	0.00040241448692152917
Taipei Newsroom 	1	0.00040241448692152917
Palestinian self-rule Authority 	1	0.00040241448692152917
Palestine Liberation Organisation 	1	0.00040241448692152917
National Association of Securities Dealers 	1	0.00040241448692152917
Saskatchewan Pork International Marketing Group 	1	0.00040241448692152917
Man City 	1	0.00040241448692152917
Jockey Club 	1	0.00040241448692152917
St Leger 	1	0.00040241448692152917
2000 Games 	1	0.00040241448692152917
Griqualand West 	1	0.00040241448692152917
South African Hockey Association 	1	0.00040241448692152917
RED STAR 	1	0.00040241448692152917
FORMULA SHELL 	1	0.00040241448692152917
Hapoel Kfar Sava 	1	0.00040241448692152917
Hapoel Zafririm Holon 	1	0.00040241448692152917
Hapoel Tel Aviv 	1	0.00040241448692152917
Maccabi Haifa 	1	0.00040241448692152917
Hapoel Jerusalem 	1	0.00040241448692152917
Hapoel Petah Tikva 	1	0.00040241448692152917
Hapoel Ironi Rishon 	1	0.00040241448692152917
Maccabi Petah Tikva 	1	0.00040241448692152917
Hapoel Haifa 	1	0.00040241448692152917
Tel Aviv 	1	0.00040241448692152917
Hapoel Beersheva 	1	0.00040241448692152917
Maccabi Herzliya 	1	0.00040241448692152917
Newell Old Boys 	1	0.00040241448692152917
The Canaries 	1	0.00040241448692152917
RKC Waalijk 	1	0.00040241448692152917
SV Hamburg 	1	0.00040241448692152917
Munich 1860 	1	0.00040241448692152917
Schalke 04 	1	0.00040241448692152917
Paris SG 	1	0.00040241448692152917
Arch Petroleum Inc 	1	0.00040241448692152917
Trax Petroleums Ltd 	1	0.00040241448692152917
Biogen Inc 	1	0.00040241448692152917
Berlex Laboratories 	1	0.00040241448692152917
Schering AG 	1	0.00040241448692152917
U.S. Food and Drug Administration 	1	0.00040241448692152917
BioVest Research , Inc 	1	0.00040241448692152917
Chiron Corp 	1	0.00040241448692152917
Treasury Department 	1	0.00040241448692152917
Copper and Brass Servicenter Association 	1	0.00040241448692152917
Harleysville Group 	1	0.00040241448692152917
Empresa Nacional del Petroleo 	1	0.00040241448692152917
Ecuadorian Oriente 	1	0.00040241448692152917
European Coal and Steel Community 	1	0.00040241448692152917
Brotherhood of Nations 	1	0.00040241448692152917
Department of Transport 	1	0.00040241448692152917
Four Nations TV Committee 	1	0.00040241448692152917
British Broadcasting Corporation 	1	0.00040241448692152917
Vancouver Sun 	1	0.00040241448692152917
Eastern Region Brigade 	1	0.00040241448692152917
Revolutionary United Front 	1	0.00040241448692152917
Liberia Council 	1	0.00040241448692152917
Constitutional Rights Project 	1	0.00040241448692152917
Academic Staff Union of Universities 	1	0.00040241448692152917
Tafawa Balewa University 	1	0.00040241448692152917
CentrInvest Securities 	1	0.00040241448692152917
U.S. Securities and Exchange Commission 	1	0.00040241448692152917
Koha Jone 	1	0.00040241448692152917
Bucharest Newsroom 	1	0.00040241448692152917
Costa Rican Volcanic and Seismologicial Observatory 	1	0.00040241448692152917
Vale do Rio Doce 	1	0.00040241448692152917
Arthur Yates 	1	0.00040241448692152917
Arthur Yates and Co 	1	0.00040241448692152917
PLO Council 	1	0.00040241448692152917
Palestinian Legislative Council 	1	0.00040241448692152917
Iraqi News Agency 	1	0.00040241448692152917
National Guard 	1	0.00040241448692152917
JOHNSON CO 	1	0.00040241448692152917
Oklahoma State University 	1	0.00040241448692152917
Oklahoma Wheat Commission 	1	0.00040241448692152917
University of Oklahoma 	1	0.00040241448692152917
Texas Wheat Producers 	1	0.00040241448692152917
Agricultural Statistics Service 	1	0.00040241448692152917
Texas Agricultural Statistics Service 	1	0.00040241448692152917
First Union National Bank of Fla. 	1	0.00040241448692152917
First Union National Bank of Florida 	1	0.00040241448692152917
First Union Corp 	1	0.00040241448692152917
Amoco Corp 	1	0.00040241448692152917
Ministry of Petroleum and Minerals 	1	0.00040241448692152917
Defence Ministry 	1	0.00040241448692152917
ABN AMRO 	1	0.00040241448692152917
Le Canard Enchaine 	1	0.00040241448692152917
Credit Suisse 	1	0.00040241448692152917
Zurich Editorial 	1	0.00040241448692152917
Pakistan Muslim League 	1	0.00040241448692152917
Mohajir National Movement 	1	0.00040241448692152917
Associated Cement Companies 	1	0.00040241448692152917
Welspun Stahl Rohren Ltd 	1	0.00040241448692152917
Indusind Bank 	1	0.00040241448692152917
UTI Bank 	1	0.00040241448692152917
All Fishermen 's Association 	1	0.00040241448692152917
Indian Fisheries Department 	1	0.00040241448692152917
Bombay Commodities 	1	0.00040241448692152917
Conservative New Democracy 	1	0.00040241448692152917
British Airways 	1	0.00040241448692152917
U.S. Transportation Department 	1	0.00040241448692152917
Air Express International 	1	0.00040241448692152917
Bureau Veritas 	1	0.00040241448692152917
AEI Iberfreight 	1	0.00040241448692152917
Financial Security Assurance 	1	0.00040241448692152917
Colorado Health Fac . 	1	0.00040241448692152917
Auth . 	1	0.00040241448692152917
Benevolent Assoc . 	1	0.00040241448692152917
Colorado Christian Home 	1	0.00040241448692152917
Career Horizons 	1	0.00040241448692152917
Donaldson Lufkin & Jenrette 	1	0.00040241448692152917
Career Horizons Inc 	1	0.00040241448692152917
Northern States Power Co 	1	0.00040241448692152917
Lloyd 's of London 	1	0.00040241448692152917
Association of Lloyd 's 	1	0.00040241448692152917
Fourth Circuit 	1	0.00040241448692152917
Ninth Circuit 	1	0.00040241448692152917
French Archaeological Society 	1	0.00040241448692152917
Archaeological Society 	1	0.00040241448692152917
Pao de Acucar 	1	0.00040241448692152917
FINANCIAL KATHIMERINI 	1	0.00040241448692152917
Athens Metro 	1	0.00040241448692152917
State National Bank of Greece 	1	0.00040241448692152917
HOEK LOOS 	1	0.00040241448692152917
Hoek Loos NV 	1	0.00040241448692152917
Stagecoach Holdings Plc 	1	0.00040241448692152917
Guinness Peat 	1	0.00040241448692152917
Guinness Peat Group Plc 	1	0.00040241448692152917
Physicians Insurance Co 	1	0.00040241448692152917
Tyndall Australia Ltd 	1	0.00040241448692152917
Mid-East Minerals Ltd 	1	0.00040241448692152917
Newcrest Q4 	1	0.00040241448692152917
Newcrest Mining Ltd 	1	0.00040241448692152917
Shanghai Ek Chor 	1	0.00040241448692152917
Shanghai-Ek Chor Motorcycle Co 	1	0.00040241448692152917
Shanghai-Ek Chor 	1	0.00040241448692152917
Shanghai Automobile Corporation 	1	0.00040241448692152917
Ek Chor China Motorcycle 	1	0.00040241448692152917
New Party Sakigake 	1	0.00040241448692152917
Liberal Democratic Party 	1	0.00040241448692152917
Social Democratic Party 	1	0.00040241448692152917
Liu Chong Hing Investment Ltd 	1	0.00040241448692152917
Writers Association 	1	0.00040241448692152917
Hwa Kay Thai Holdings Ltd 	1	0.00040241448692152917
Ministry of Finance 	1	0.00040241448692152917
WEN WEI PO 	1	0.00040241448692152917
MING PAO DAILY NEWS 	1	0.00040241448692152917
SOUTH CHINA MORNING POST 	1	0.00040241448692152917
HONG KONG ECONOMIC TIMES 	1	0.00040241448692152917
Legal Department 	1	0.00040241448692152917
Addameer Prisoners Support Association 	1	0.00040241448692152917
Banco Santander 	1	0.00040241448692152917
Caja de Madrid 	1	0.00040241448692152917
North Atlantic Treaty Organisation 	1	0.00040241448692152917
Aaxis Limited 	1	0.00040241448692152917
U.N. Department of Humanitarian Affairs 	1	0.00040241448692152917
EU Commission 	1	0.00040241448692152917
National Farmers Union 	1	0.00040241448692152917
British Lions 	1	0.00040241448692152917
Zimbabwe Football Association 	1	0.00040241448692152917
Plymouth Argyle 	1	0.00040241448692152917
BOLD / OGILVY , MATHER 	1	0.00040241448692152917
New democracy 	1	0.00040241448692152917
Bold / Ogilvy and Mather 	1	0.00040241448692152917
London International Financial Futures Exchange 	1	0.00040241448692152917
Republican Front 	1	0.00040241448692152917
Patriotic Salvation Movement 	1	0.00040241448692152917
FRATERNITE MATIN 	1	0.00040241448692152917
LA VOIE 	1	0.00040241448692152917
LE JOUR 	1	0.00040241448692152917
National Security Council 	1	0.00040241448692152917
RAO Gazprom 	1	0.00040241448692152917
Federal Securities Corporation 	1	0.00040241448692152917
Central Office of Statistics and Information 	1	0.00040241448692152917
La Nacion 	1	0.00040241448692152917
National Human Rights Commission 	1	0.00040241448692152917
Revolutionary Workers ' Party 	1	0.00040241448692152917
Agir Ensemble pour les Droits de l'Homme 	1	0.00040241448692152917
Red Brigade 	1	0.00040241448692152917
TV Globo 	1	0.00040241448692152917
Supreme Federal Tribunal 	1	0.00040241448692152917
National Council of Christian Churches of Brazil 	1	0.00040241448692152917
Coordinate of Ecumenical Service 	1	0.00040241448692152917
National Conference of Bishops of Brazil 	1	0.00040241448692152917
Independent Commission Against Corruption 	1	0.00040241448692152917
Rajapat Institute 	1	0.00040241448692152917
New Aspiration Party 	1	0.00040241448692152917
Piper Jaffray 	1	0.00040241448692152917
Piper Jaffray Inc 	1	0.00040241448692152917
Human Gene Therapy 	1	0.00040241448692152917
Institute for Human Gene Therapy 	1	0.00040241448692152917
Taiwan Flour Mills Assn 	1	0.00040241448692152917
Louis Dreyfus Corp 	1	0.00040241448692152917
Commodity Credit Corp of USDA 	1	0.00040241448692152917
Japanese Food Agency 	1	0.00040241448692152917
Taichung division 	1	0.00040241448692152917
Breakfast Soybean Procurement Assn 	1	0.00040241448692152917
Cyprus Grain Commission 	1	0.00040241448692152917
Somerset Jewellers 	1	0.00040241448692152917
Buffalo Bills 	1	0.00040241448692152917
D.C. Coalition Against Domestic Violence 	1	0.00040241448692152917
New York Post 	1	0.00040241448692152917
Checker 's 	1	0.00040241448692152917
Miami Herald 	1	0.00040241448692152917
U.S. DLA 	1	0.00040241448692152917
U.S. Defense Logistics Agency 	1	0.00040241448692152917
CLINTON AND CEDAR RAPIDS 	1	0.00040241448692152917
Pakistan People 's Party 	1	0.00040241448692152917
BUSINESS RECORDER 	1	0.00040241448692152917
Sui Southern Gas 	1	0.00040241448692152917
Sui Northern Gas 	1	0.00040241448692152917
FINANCIAL POST 	1	0.00040241448692152917
THE NATION 	1	0.00040241448692152917
Mohib Textile Mills 	1	0.00040241448692152917
THE NEWS 	1	0.00040241448692152917
Muslim Commercial Bank 	1	0.00040241448692152917
Vital Information System 	1	0.00040241448692152917
Duff and Phelps 	1	0.00040241448692152917
Credit Rating and Information Systems Ltd 	1	0.00040241448692152917
Sindh High Court 	1	0.00040241448692152917
Privatisation Commission 	1	0.00040241448692152917
Javedan Cement 	1	0.00040241448692152917
Dadabhoy Investment ( pvt ) Ltd 	1	0.00040241448692152917
THE MUSLIM 	1	0.00040241448692152917
Vicorp Restaurants 	1	0.00040241448692152917
Vicorp Restaurants Inc 	1	0.00040241448692152917
Bestop Inc 	1	0.00040241448692152917
Southern California Edison Co 	1	0.00040241448692152917
New York Power Desk 	1	0.00040241448692152917
Dreyfus Strategic Munis 	1	0.00040241448692152917
Dreyfus Strategic Municipals Inc 	1	0.00040241448692152917
Sierra Semiconductor 	1	0.00040241448692152917
Roberston Stephens & Co 	1	0.00040241448692152917
Soundview Financial Group 	1	0.00040241448692152917
Hambrecht & Quist 	1	0.00040241448692152917
Housecall Medical Resources Inc 	1	0.00040241448692152917
Morgan Stanley 	1	0.00040241448692152917
First Alliance 	1	0.00040241448692152917
First Alliance Corporation and Subsidiaries 	1	0.00040241448692152917
Slough Estates Plc 	1	0.00040241448692152917
British Land 	1	0.00040241448692152917
Land Securities 	1	0.00040241448692152917
Statistics Canada 	1	0.00040241448692152917
Reuters Ottawa Burea 	1	0.00040241448692152917
Jomhuri Eslami 	1	0.00040241448692152917
Keane Inc 	1	0.00040241448692152917
Life Insurance Co of Georgia 	1	0.00040241448692152917
Southland Life Insurance Co 	1	0.00040241448692152917
ING Group 	1	0.00040241448692152917
Life of Georgia 	1	0.00040241448692152917
Southland Life 	1	0.00040241448692152917
Wall Street Journal 	1	0.00040241448692152917
National Basketball Association 	1	0.00040241448692152917
America Online Inc 	1	0.00040241448692152917
The Wall Street Journal 	1	0.00040241448692152917
Baxter International Inc 	1	0.00040241448692152917
Immuno International AG 	1	0.00040241448692152917
Boeing Co 	1	0.00040241448692152917
Philip Morris Cos Inc 	1	0.00040241448692152917
Salomon Brothers Inc 	1	0.00040241448692152917
Red Lion Hotels Inc 	1	0.00040241448692152917
Doubletree Corp 	1	0.00040241448692152917
GTE Corp 	1	0.00040241448692152917
Baby Bells 	1	0.00040241448692152917
H&R Block Inc 	1	0.00040241448692152917
CompuServe Corp 	1	0.00040241448692152917
Federal Trade Commission and Justice Department 	1	0.00040241448692152917
National Transportation Safety Board 	1	0.00040241448692152917
National Archives 	1	0.00040241448692152917
Southern Illinois University at Carbondale 	1	0.00040241448692152917
American Studies 	1	0.00040241448692152917
American University 	1	0.00040241448692152917
United Daughters of the Confederacy 	1	0.00040241448692152917
National Park Service 	1	0.00040241448692152917
La Corse 	1	0.00040241448692152917
Le Figaro 	1	0.00040241448692152917
OM Gruppen AB 	1	0.00040241448692152917
London Securities & Derivatives Exchange 	1	0.00040241448692152917
OM Stockholm 	1	0.00040241448692152917
British Securities and Investments Board 	1	0.00040241448692152917
Vnukovo Airlines 	1	0.00040241448692152917
Royal Meteorological Institute 	1	0.00040241448692152917
Madrid Newsroom 	1	0.00040241448692152917
Le Matin 	1	0.00040241448692152917
Audi AG 	1	0.00040241448692152917
Kekkila Oy 	1	0.00040241448692152917
T&N Plc 	1	0.00040241448692152917
Television New Zealand 	1	0.00040241448692152917
Siam Commercial 	1	0.00040241448692152917
Siam Commercial Bank Plc 	1	0.00040241448692152917
Government Housing Bank 	1	0.00040241448692152917
Waterworks Authority 	1	0.00040241448692152917
Siam Commercial Bank 	1	0.00040241448692152917
M'bishi Gas 	1	0.00040241448692152917
Mitsubishi Gas Chemical Co Ltd 	1	0.00040241448692152917
Nomura Securities Co Ltd 	1	0.00040241448692152917
Tokyo-Mitsubishi Bank 	1	0.00040241448692152917
Daewoo Information Systems Co Ltd 	1	0.00040241448692152917
Dacom Corp 	1	0.00040241448692152917
Daewoo Dacom Communications 	1	0.00040241448692152917
Daewoo Group 	1	0.00040241448692152917
Seoul Newsroom 	1	0.00040241448692152917
Salomon & Taylor 	1	0.00040241448692152917
Salomon & Taylor Made Co Ltd 	1	0.00040241448692152917
Airport Facilities 	1	0.00040241448692152917
Airport Facilities Co Ltd 	1	0.00040241448692152917
CDU 3 	1	0.00040241448692152917
CDU No.3 	1	0.00040241448692152917
CDU No . 	1	0.00040241448692152917
Singapore Petroleum Company 	1	0.00040241448692152917
British Petrolem 	1	0.00040241448692152917
Chevron Corp 	1	0.00040241448692152917
Texaco Inc 	1	0.00040241448692152917
Loxley Publications Plc 	1	0.00040241448692152917
Bank of Spain 	1	0.00040241448692152917
Coopers and Lybrand 	1	0.00040241448692152917
Lenzing AG 	1	0.00040241448692152917
Foreign Office 	1	0.00040241448692152917
Chase Securities Inc. 	1	0.00040241448692152917
Goldman , Sachs and Co . 	1	0.00040241448692152917
Bailard , Biehl and Kaiser 	1	0.00040241448692152917
MainStay International Funds 	1	0.00040241448692152917
