Clinton	70	0.010606060606060607
Mark	58	0.008787878787878787
Michael	55	0.008333333333333333
David	50	0.007575757575757576
Paul	50	0.007575757575757576
John	49	0.007424242424242424
M.	46	0.0069696969696969695
Dole	36	0.005454545454545455
Arafat	35	0.005303030303030303
Wasim	34	0.005151515151515152
Thomas	33	0.005
A.	32	0.0048484848484848485
Yeltsin	32	0.0048484848484848485
Peter	31	0.004696969696969697
Lebed	30	0.004545454545454545
Dutroux	30	0.004545454545454545
Robert	29	0.004393939393939394
Waqar	28	0.004242424242424243
Martin	25	0.003787878787878788
Mushtaq	25	0.003787878787878788
Bill	25	0.003787878787878788
Steve	23	0.0034848484848484847
Alexander	23	0.0034848484848484847
G.	23	0.0034848484848484847
Alex	22	0.0033333333333333335
Ian	22	0.0033333333333333335
Jim	21	0.003181818181818182
D.	21	0.003181818181818182
Todd	21	0.003181818181818182
Richard	21	0.003181818181818182
Mother	21	0.003181818181818182
N.	20	0.0030303030303030303
Croft	20	0.0030303030303030303
Chris	19	0.0028787878787878787
R.	19	0.0028787878787878787
Aamir	19	0.0028787878787878787
Scott	18	0.0027272727272727275
P.	18	0.0027272727272727275
Saeed	18	0.0027272727272727275
Jose	18	0.0027272727272727275
Mullally	18	0.0027272727272727275
Bob	18	0.0027272727272727275
Wayne	17	0.002575757575757576
Netanyahu	16	0.0024242424242424242
C.	16	0.0024242424242424242
William	16	0.0024242424242424242
Rubin	16	0.0024242424242424242
Tim	15	0.0022727272727272726
Tom	15	0.0022727272727272726
S.	15	0.0022727272727272726
J.	15	0.0022727272727272726
Ijaz	15	0.0022727272727272726
Marcelo	15	0.0022727272727272726
Mike	15	0.0022727272727272726
Juan	15	0.0022727272727272726
Diana	15	0.0022727272727272726
Meri	15	0.0022727272727272726
Greg	14	0.0021212121212121214
Craig	14	0.0021212121212121214
George	14	0.0021212121212121214
Jason	14	0.0021212121212121214
Mohammad	14	0.0021212121212121214
Daniel	14	0.0021212121212121214
Andrea	14	0.0021212121212121214
Jeff	14	0.0021212121212121214
Boris	14	0.0021212121212121214
Alan	14	0.0021212121212121214
Gore	14	0.0021212121212121214
Medvedev	14	0.0021212121212121214
Salim	13	0.00196969696969697
Moin	13	0.00196969696969697
Marc	13	0.00196969696969697
Carlos	13	0.00196969696969697
Gary	13	0.00196969696969697
Cork	13	0.00196969696969697
Banharn	13	0.00196969696969697
Yasser	12	0.0018181818181818182
Inzamam-ul-Haq	12	0.0018181818181818182
Asif	12	0.0018181818181818182
Patrick	12	0.0018181818181818182
Andrei	12	0.0018181818181818182
Stephen	12	0.0018181818181818182
Pedro	12	0.0018181818181818182
Graf	12	0.0018181818181818182
Lauck	12	0.0018181818181818182
Brady	12	0.0018181818181818182
Christie	12	0.0018181818181818182
Weizman	12	0.0018181818181818182
Stich	12	0.0018181818181818182
Mickelson	11	0.0016666666666666668
Arantxa	11	0.0016666666666666668
Tony	11	0.0016666666666666668
Adrian	11	0.0016666666666666668
Jonathan	11	0.0016666666666666668
Andre	11	0.0016666666666666668
James	11	0.0016666666666666668
Benjamin	10	0.0015151515151515152
Saddam	10	0.0015151515151515152
Andrew	10	0.0015151515151515152
Chang	10	0.0015151515151515152
Frank	10	0.0015151515151515152
Lewis	10	0.0015151515151515152
Colin	10	0.0015151515151515152
Johan	10	0.0015151515151515152
Tsang	10	0.0015151515151515152
Graham	10	0.0015151515151515152
Simon	10	0.0015151515151515152
Costas	9	0.0013636363636363637
Peres	9	0.0013636363636363637
Philip	9	0.0013636363636363637
Fred	9	0.0013636363636363637
Kenneth	9	0.0013636363636363637
Jan	9	0.0013636363636363637
Stefan	9	0.0013636363636363637
Johnson	9	0.0013636363636363637
Carl	9	0.0013636363636363637
Max	9	0.0013636363636363637
Maria	9	0.0013636363636363637
Sampras	9	0.0013636363636363637
Machado	9	0.0013636363636363637
Roger	9	0.0013636363636363637
Sarah	9	0.0013636363636363637
Van	9	0.0013636363636363637
Ronald	9	0.0013636363636363637
Morris	9	0.0013636363636363637
Levy	8	0.0012121212121212121
Nick	8	0.0012121212121212121
Sven	8	0.0012121212121212121
Gilbert	8	0.0012121212121212121
Nathalie	8	0.0012121212121212121
Petr	8	0.0012121212121212121
Francisco	8	0.0012121212121212121
Pete	8	0.0012121212121212121
Christian	8	0.0012121212121212121
Fernando	8	0.0012121212121212121
Javier	8	0.0012121212121212121
Andy	8	0.0012121212121212121
Derek	8	0.0012121212121212121
Raymond	8	0.0012121212121212121
Philippoussis	8	0.0012121212121212121
Monica	8	0.0012121212121212121
Martinez	8	0.0012121212121212121
Ahmed	8	0.0012121212121212121
Aslan	8	0.0012121212121212121
Brunswijk	8	0.0012121212121212121
Fox	8	0.0012121212121212121
Brian	8	0.0012121212121212121
Jacques	8	0.0012121212121212121
Mika	8	0.0012121212121212121
Svetlana	8	0.0012121212121212121
Julie	8	0.0012121212121212121
Corser	8	0.0012121212121212121
Lance	8	0.0012121212121212121
Oncins	8	0.0012121212121212121
Gajdos	8	0.0012121212121212121
Billy	7	0.0010606060606060607
Davis	7	0.0010606060606060607
Stewart	7	0.0010606060606060607
Jack	7	0.0010606060606060607
Sergi	7	0.0010606060606060607
MaliVai	7	0.0010606060606060607
Cedric	7	0.0010606060606060607
Alberto	7	0.0010606060606060607
Terry	7	0.0010606060606060607
Marco	7	0.0010606060606060607
Lee	7	0.0010606060606060607
Miguel	7	0.0010606060606060607
Anne	7	0.0010606060606060607
Muster	7	0.0010606060606060607
Lindsay	7	0.0010606060606060607
Anthony	7	0.0010606060606060607
Mohamed	7	0.0010606060606060607
Kevorkian	7	0.0010606060606060607
Judith	7	0.0010606060606060607
Liam	7	0.0010606060606060607
Jean	7	0.0010606060606060607
K.	7	0.0010606060606060607
Jon	7	0.0010606060606060607
Williams	7	0.0010606060606060607
Darren	7	0.0010606060606060607
Kocinski	7	0.0010606060606060607
Takeda	7	0.0010606060606060607
Kabariti	7	0.0010606060606060607
O'Neal	7	0.0010606060606060607
Hasina	7	0.0010606060606060607
Gilbertson	7	0.0010606060606060607
Barbara	7	0.0010606060606060607
Hashimoto	7	0.0010606060606060607
Tapie	7	0.0010606060606060607
Iliescu	7	0.0010606060606060607
Ruutel	7	0.0010606060606060607
Perot	7	0.0010606060606060607
Dimitris	6	0.0009090909090909091
Shimon	6	0.0009090909090909091
Vladimir	6	0.0009090909090909091
Justin	6	0.0009090909090909091
Anders	6	0.0009090909090909091
Phil	6	0.0009090909090909091
Brad	6	0.0009090909090909091
Costantino	6	0.0009090909090909091
Kimiko	6	0.0009090909090909091
W.	6	0.0009090909090909091
Mikael	6	0.0009090909090909091
Newcombe	6	0.0009090909090909091
Abdul	6	0.0009090909090909091
Roberto	6	0.0009090909090909091
Kevin	6	0.0009090909090909091
Nicolas	6	0.0009090909090909091
Stephane	6	0.0009090909090909091
Johnny	6	0.0009090909090909091
Dean	6	0.0009090909090909091
Marcus	6	0.0009090909090909091
Anke	6	0.0009090909090909091
Conchita	6	0.0009090909090909091
Huber	6	0.0009090909090909091
Jana	6	0.0009090909090909091
Bernard	6	0.0009090909090909091
Volkova	6	0.0009090909090909091
Karina	6	0.0009090909090909091
Edgar	6	0.0009090909090909091
Erik	6	0.0009090909090909091
Luis	6	0.0009090909090909091
Dennis	6	0.0009090909090909091
Linford	6	0.0009090909090909091
Michelle	6	0.0009090909090909091
Dan	6	0.0009090909090909091
Stenning	6	0.0009090909090909091
Charles	6	0.0009090909090909091
Juha	6	0.0009090909090909091
Tommi	6	0.0009090909090909091
Smicer	6	0.0009090909090909091
Bourlet	6	0.0009090909090909091
Melissa	6	0.0009090909090909091
An	6	0.0009090909090909091
Eefje	6	0.0009090909090909091
Haga	6	0.0009090909090909091
Slight	6	0.0009090909090909091
Sandra	6	0.0009090909090909091
Popov	6	0.0009090909090909091
Stephanie	6	0.0009090909090909091
Chelsea	6	0.0009090909090909091
Cozma	6	0.0009090909090909091
Lanusse	6	0.0009090909090909091
Ieng	6	0.0009090909090909091
Tang	5	0.0007575757575757576
God	5	0.0007575757575757576
Alain	5	0.0007575757575757576
Naoko	5	0.0007575757575757576
Karol	5	0.0007575757575757576
Kenny	5	0.0007575757575757576
V.	5	0.0007575757575757576
Goran	5	0.0007575757575757576
Bohdan	5	0.0007575757575757576
Andreas	5	0.0007575757575757576
Magnus	5	0.0007575757575757576
Bernd	5	0.0007575757575757576
Stefano	5	0.0007575757575757576
Bobby	5	0.0007575757575757576
Jimmy	5	0.0007575757575757576
Antonio	5	0.0007575757575757576
Agassi	5	0.0007575757575757576
Amanda	5	0.0007575757575757576
Patricia	5	0.0007575757575757576
Dick	5	0.0007575757575757576
Ischinger	5	0.0007575757575757576
Gujral	5	0.0007575757575757576
Gerhard	5	0.0007575757575757576
Damon	5	0.0007575757575757576
Olivier	5	0.0007575757575757576
Salisbury	5	0.0007575757575757576
Mary	5	0.0007575757575757576
Ken	5	0.0007575757575757576
Barry	5	0.0007575757575757576
Donovan	5	0.0007575757575757576
Bailey	5	0.0007575757575757576
Natalya	5	0.0007575757575757576
Irina	5	0.0007575757575757576
Joseph	5	0.0007575757575757576
Frankie	5	0.0007575757575757576
Jens	5	0.0007575757575757576
Oliver	5	0.0007575757575757576
Norman	5	0.0007575757575757576
Davies	5	0.0007575757575757576
Necmettin	5	0.0007575757575757576
Tommy	5	0.0007575757575757576
Gianluca	5	0.0007575757575757576
Zinzan	5	0.0007575757575757576
Frederic	5	0.0007575757575757576
Prince	5	0.0007575757575757576
Stevanin	5	0.0007575757575757576
Yoshikawa	5	0.0007575757575757576
Aoki	5	0.0007575757575757576
Shane	5	0.0007575757575757576
Arnold	5	0.0007575757575757576
Perry	5	0.0007575757575757576
Larry	5	0.0007575757575757576
Magdalena	5	0.0007575757575757576
Hingis	5	0.0007575757575757576
Olsza	5	0.0007575757575757576
Elena	5	0.0007575757575757576
Reeve	5	0.0007575757575757576
Ata-ur-Rehman	5	0.0007575757575757576
Cyprien	5	0.0007575757575757576
Moura	5	0.0007575757575757576
Aki	5	0.0007575757575757576
Ross	5	0.0007575757575757576
Boardman	5	0.0007575757575757576
Albert	5	0.0007575757575757576
Owens	5	0.0007575757575757576
Tendulkar	5	0.0007575757575757576
Rosati	5	0.0007575757575757576
Bhutto	5	0.0007575757575757576
Pol	5	0.0007575757575757576
Kubo	5	0.0007575757575757576
Takemura	5	0.0007575757575757576
Banisadr	5	0.0007575757575757576
Irani	5	0.0007575757575757576
Kornblum	5	0.0007575757575757576
Yassin	5	0.0007575757575757576
Baker	5	0.0007575757575757576
Hope	5	0.0007575757575757576
Franz	4	0.0006060606060606061
Fischler	4	0.0006060606060606061
Hendrix	4	0.0006060606060606061
Zhirinovsky	4	0.0006060606060606061
Hidemichi	4	0.0006060606060606061
Duffy	4	0.0006060606060606061
Clarence	4	0.0006060606060606061
Hal	4	0.0006060606060606061
Corey	4	0.0006060606060606061
Willie	4	0.0006060606060606061
Henry	4	0.0006060606060606061
Mind	4	0.0006060606060606061
Sandrine	4	0.0006060606060606061
Richey	4	0.0006060606060606061
Hicham	4	0.0006060606060606061
I.	4	0.0006060606060606061
Jiri	4	0.0006060606060606061
Gabriel	4	0.0006060606060606061
Dave	4	0.0006060606060606061
Tomas	4	0.0006060606060606061
Sergei	4	0.0006060606060606061
Wang	4	0.0006060606060606061
Guy	4	0.0006060606060606061
Yevgeny	4	0.0006060606060606061
Mats	4	0.0006060606060606061
Karim	4	0.0006060606060606061
Cal	4	0.0006060606060606061
Ripken	4	0.0006060606060606061
Rolf	4	0.0006060606060606061
Raphael	4	0.0006060606060606061
Christophe	4	0.0006060606060606061
Retief	4	0.0006060606060606061
Crohn	4	0.0006060606060606061
Steffi	4	0.0006060606060606061
Seles	4	0.0006060606060606061
Martina	4	0.0006060606060606061
Tatyana	4	0.0006060606060606061
Pinas	4	0.0006060606060606061
Mubarak	4	0.0006060606060606061
Heinz-Harald	4	0.0006060606060606061
Rubens	4	0.0006060606060606061
Pollock	4	0.0006060606060606061
Troy	4	0.0006060606060606061
Masterkova	4	0.0006060606060606061
Allen	4	0.0006060606060606061
Ludmila	4	0.0006060606060606061
Jean-Paul	4	0.0006060606060606061
Laurent	4	0.0006060606060606061
Natalia	4	0.0006060606060606061
Eric	4	0.0006060606060606061
Ann	4	0.0006060606060606061
Juergen	4	0.0006060606060606061
Francis	4	0.0006060606060606061
Rui	4	0.0006060606060606061
Mario	4	0.0006060606060606061
Ibrahim	4	0.0006060606060606061
Glyn	4	0.0006060606060606061
Thompson	4	0.0006060606060606061
Phan	4	0.0006060606060606061
Howard	4	0.0006060606060606061
Bruno	4	0.0006060606060606061
Eddie	4	0.0006060606060606061
Giovanni	4	0.0006060606060606061
Neil	4	0.0006060606060606061
B.	4	0.0006060606060606061
Christopher	4	0.0006060606060606061
Chamorro	4	0.0006060606060606061
Boutros	4	0.0006060606060606061
Laurence	4	0.0006060606060606061
Bossi	4	0.0006060606060606061
Michel	4	0.0006060606060606061
Mayfair	4	0.0006060606060606061
Jarmo	4	0.0006060606060606061
Danny	4	0.0006060606060606061
Michele	4	0.0006060606060606061
Weaver	4	0.0006060606060606061
Pat	4	0.0006060606060606061
Kim	4	0.0006060606060606061
Fogarty	4	0.0006060606060606061
Alec	4	0.0006060606060606061
Batistuta	4	0.0006060606060606061
Oscar	4	0.0006060606060606061
Wilson	4	0.0006060606060606061
Anton	4	0.0006060606060606061
de	4	0.0006060606060606061
Abdul-Karim	4	0.0006060606060606061
Juppe	4	0.0006060606060606061
Sharpe	4	0.0006060606060606061
Ronaldo	4	0.0006060606060606061
Aleksandra	4	0.0006060606060606061
Jane	4	0.0006060606060606061
Nicole	4	0.0006060606060606061
Bonds	4	0.0006060606060606061
Whittall	4	0.0006060606060606061
Soren	4	0.0006060606060606061
Maskhadov	4	0.0006060606060606061
Raichev	4	0.0006060606060606061
Ryutaro	4	0.0006060606060606061
Specter	4	0.0006060606060606061
Reagan	4	0.0006060606060606061
Ekeus	4	0.0006060606060606061
Federico	4	0.0006060606060606061
Jans	4	0.0006060606060606061
Vyacheslav	4	0.0006060606060606061
Lennart	4	0.0006060606060606061
Rohrabacher	4	0.0006060606060606061
Ruth	4	0.0006060606060606061
Drew	4	0.0006060606060606061
Gavin	4	0.0006060606060606061
Allan	4	0.0006060606060606061
Jesse	4	0.0006060606060606061
Jayasuriya	4	0.0006060606060606061
Sharif	4	0.0006060606060606061
Palkhivala	4	0.0006060606060606061
Miltiadis	4	0.0006060606060606061
Lamm	4	0.0006060606060606061
Hatoyama	4	0.0006060606060606061
Antoine	4	0.0006060606060606061
Grobbelaar	4	0.0006060606060606061
Simpson	4	0.0006060606060606061
Fowler	4	0.0006060606060606061
Hassan	3	0.00045454545454545455
Massoud	3	0.00045454545454545455
Burhanuddin	3	0.00045454545454545455
Rabbani	3	0.00045454545454545455
Hariri	3	0.00045454545454545455
Ernie	3	0.00045454545454545455
Loren	3	0.00045454545454545455
D.A.	3	0.00045454545454545455
Satoshi	3	0.00045454545454545455
Seiki	3	0.00045454545454545455
REUTER	3	0.00045454545454545455
Pivotal	3	0.00045454545454545455
Yone	3	0.00045454545454545455
Ai	3	0.00045454545454545455
Dalglish	3	0.00045454545454545455
Duncan	3	0.00045454545454545455
Jackie	3	0.00045454545454545455
Roy	3	0.00045454545454545455
Renzo	3	0.00045454545454545455
Sebastien	3	0.00045454545454545455
Byron	3	0.00045454545454545455
Jeroen	3	0.00045454545454545455
Marina	3	0.00045454545454545455
Jordi	3	0.00045454545454545455
Jonas	3	0.00045454545454545455
Grant	3	0.00045454545454545455
Jean-Philippe	3	0.00045454545454545455
Doug	3	0.00045454545454545455
Felix	3	0.00045454545454545455
Guillaume	3	0.00045454545454545455
Kris	3	0.00045454545454545455
Chuck	3	0.00045454545454545455
Arnaud	3	0.00045454545454545455
Jared	3	0.00045454545454545455
Ivan	3	0.00045454545454545455
Arthur	3	0.00045454545454545455
Nilis	3	0.00045454545454545455
Ramon	3	0.00045454545454545455
Alexandre	3	0.00045454545454545455
Eamonn	3	0.00045454545454545455
Des	3	0.00045454545454545455
Derrick	3	0.00045454545454545455
Padraig	3	0.00045454545454545455
Jamie	3	0.00045454545454545455
Ricky	3	0.00045454545454545455
Yayuk	3	0.00045454545454545455
Natasha	3	0.00045454545454545455
Sanchez	3	0.00045454545454545455
Ruxandra	3	0.00045454545454545455
Ivanisevic	3	0.00045454545454545455
Tillstrom	3	0.00045454545454545455
Sam	3	0.00045454545454545455
Nelson	3	0.00045454545454545455
Louis	3	0.00045454545454545455
Daoud	3	0.00045454545454545455
Edward	3	0.00045454545454545455
Bertram	3	0.00045454545454545455
Pierre	3	0.00045454545454545455
Herve	3	0.00045454545454545455
Wolfgang	3	0.00045454545454545455
Mia	3	0.00045454545454545455
Rangarajan	3	0.00045454545454545455
Jesus	3	0.00045454545454545455
Megawati	3	0.00045454545454545455
Kuchma	3	0.00045454545454545455
Gabriela	3	0.00045454545454545455
Asa	3	0.00045454545454545455
Katarina	3	0.00045454545454545455
Shaun	3	0.00045454545454545455
Enqvist	3	0.00045454545454545455
O'Brien	3	0.00045454545454545455
Washington	3	0.00045454545454545455
Rafter	3	0.00045454545454545455
Moyer	3	0.00045454545454545455
Jay	3	0.00045454545454545455
Matt	3	0.00045454545454545455
Ato	3	0.00045454545454545455
Julia	3	0.00045454545454545455
Jorge	3	0.00045454545454545455
Ricardo	3	0.00045454545454545455
Domingos	3	0.00045454545454545455
Joao	3	0.00045454545454545455
Rene	3	0.00045454545454545455
Arjuna	3	0.00045454545454545455
Lloyd	3	0.00045454545454545455
Buffett	3	0.00045454545454545455
Helmut	3	0.00045454545454545455
Ali	3	0.00045454545454545455
Don	3	0.00045454545454545455
Jalal	3	0.00045454545454545455
White	3	0.00045454545454545455
Weld	3	0.00045454545454545455
Susan	3	0.00045454545454545455
Birendra	3	0.00045454545454545455
Jiang	3	0.00045454545454545455
Luehrs	3	0.00045454545454545455
Steven	3	0.00045454545454545455
Mohammed	3	0.00045454545454545455
Jennifer	3	0.00045454545454545455
Jos	3	0.00045454545454545455
Younis	3	0.00045454545454545455
Hussain	3	0.00045454545454545455
Dejan	3	0.00045454545454545455
Ruben	3	0.00045454545454545455
Joel	3	0.00045454545454545455
Penrose	3	0.00045454545454545455
Gatera	3	0.00045454545454545455
Hintsa	3	0.00045454545454545455
Moada	3	0.00045454545454545455
Shayne	3	0.00045454545454545455
Tortelli	3	0.00045454545454545455
Ray	3	0.00045454545454545455
H.	3	0.00045454545454545455
Vincent	3	0.00045454545454545455
Noriyuki	3	0.00045454545454545455
Wataru	3	0.00045454545454545455
Takuma	3	0.00045454545454545455
Glenn	3	0.00045454545454545455
Matthew	3	0.00045454545454545455
Ronnie	3	0.00045454545454545455
Krzysztof	3	0.00045454545454545455
Lotte	3	0.00045454545454545455
Rafael	3	0.00045454545454545455
Marty	3	0.00045454545454545455
Kurt	3	0.00045454545454545455
Klinsmann	3	0.00045454545454545455
Alessandro	3	0.00045454545454545455
Ferrigato	3	0.00045454545454545455
Armstrong	3	0.00045454545454545455
Pablo	3	0.00045454545454545455
Wouden	3	0.00045454545454545455
Blind	3	0.00045454545454545455
Sidhu	3	0.00045454545454545455
Sachin	3	0.00045454545454545455
Sean	3	0.00045454545454545455
Dirk	3	0.00045454545454545455
Vicente	3	0.00045454545454545455
Gerard	3	0.00045454545454545455
Odnosum	3	0.00045454545454545455
Makinen	3	0.00045454545454545455
Malcolm	3	0.00045454545454545455
Maleeva	3	0.00045454545454545455
Coetzer	3	0.00045454545454545455
Brenda	3	0.00045454545454545455
Helena	3	0.00045454545454545455
Petra	3	0.00045454545454545455
Anna	3	0.00045454545454545455
Wim	3	0.00045454545454545455
Brandes	3	0.00045454545454545455
Hogg	3	0.00045454545454545455
Flemming	3	0.00045454545454545455
McGrath	3	0.00045454545454545455
Reiffel	3	0.00045454545454545455
Amr	3	0.00045454545454545455
Talbott	3	0.00045454545454545455
Gingrich	3	0.00045454545454545455
Gephardt	3	0.00045454545454545455
Hillary	3	0.00045454545454545455
Omar	3	0.00045454545454545455
Sadiki	3	0.00045454545454545455
Glen	3	0.00045454545454545455
Lupu	3	0.00045454545454545455
Edberg	3	0.00045454545454545455
Iva	3	0.00045454545454545455
Kimberly	3	0.00045454545454545455
Robbie	3	0.00045454545454545455
Colonna	3	0.00045454545454545455
McEwen	3	0.00045454545454545455
Koerts	3	0.00045454545454545455
Teutenberg	3	0.00045454545454545455
Garang	3	0.00045454545454545455
Kwasniewski	3	0.00045454545454545455
SAO	3	0.00045454545454545455
Tansu	3	0.00045454545454545455
Stallone	3	0.00045454545454545455
Garrity	3	0.00045454545454545455
Rifkind	3	0.00045454545454545455
Masood	3	0.00045454545454545455
Klas	3	0.00045454545454545455
Alexei	3	0.00045454545454545455
Mariano	3	0.00045454545454545455
Botham	3	0.00045454545454545455
Will	3	0.00045454545454545455
Herschelle	3	0.00045454545454545455
Rodney	3	0.00045454545454545455
Fleurian	3	0.00045454545454545455
Basuki	3	0.00045454545454545455
Sosa	3	0.00045454545454545455
Pires	3	0.00045454545454545455
Foe	3	0.00045454545454545455
CHRISTIE	3	0.00045454545454545455
Sanath	3	0.00045454545454545455
Bedie	3	0.00045454545454545455
Kotlarska	3	0.00045454545454545455
Mokhoff	3	0.00045454545454545455
Samper	3	0.00045454545454545455
Terence	3	0.00045454545454545455
Benazir	3	0.00045454545454545455
Evert	3	0.00045454545454545455
Chiate	3	0.00045454545454545455
Ducruet	3	0.00045454545454545455
Dai	3	0.00045454545454545455
Magali	3	0.00045454545454545455
Felicia	3	0.00045454545454545455
Tanya	3	0.00045454545454545455
Annett	3	0.00045454545454545455
Sohail	3	0.00045454545454545455
Gough	3	0.00045454545454545455
Saqlain	3	0.00045454545454545455
Milosevic	3	0.00045454545454545455
Demel	3	0.00045454545454545455
Ballanger	3	0.00045454545454545455
Werner	2	0.00030303030303030303
Kathy	2	0.00030303030303030303
Lien	2	0.00030303030303030303
Skandalidis	2	0.00030303030303030303
Itamar	2	0.00030303030303030303
Abu	2	0.00030303030303030303
Berri	2	0.00030303030303030303
Sfeir	2	0.00030303030303030303
E.	2	0.00030303030303030303
O'Meara	2	0.00030303030303030303
Shigeki	2	0.00030303030303030303
Ilie	2	0.00030303030303030303
Eugen	2	0.00030303030303030303
Eveningperformance	2	0.00030303030303030303
Hever	2	0.00030303030303030303
Prescott	2	0.00030303030303030303
Younes	2	0.00030303030303030303
Ally	2	0.00030303030303030303
Gregory	2	0.00030303030303030303
Klimis	2	0.00030303030303030303
Gennadi	2	0.00030303030303030303
Luo	2	0.00030303030303030303
Hu	2	0.00030303030303030303
Hermawan	2	0.00030303030303030303
Liu	2	0.00030303030303030303
Li	2	0.00030303030303030303
Christine	2	0.00030303030303030303
Zhang	2	0.00030303030303030303
Sjeng	2	0.00030303030303030303
Galo	2	0.00030303030303030303
Shuzo	2	0.00030303030303030303
Marcos	2	0.00030303030303030303
Carl-Uwe	2	0.00030303030303030303
Filip	2	0.00030303030303030303
Sandon	2	0.00030303030303030303
Hernan	2	0.00030303030303030303
Nicklas	2	0.00030303030303030303
Jakob	2	0.00030303030303030303
Cecil	2	0.00030303030303030303
Vince	2	0.00030303030303030303
Davey	2	0.00030303030303030303
Rusty	2	0.00030303030303030303
Greer	2	0.00030303030303030303
Julian	2	0.00030303030303030303
Ed	2	0.00030303030303030303
Bonilla	2	0.00030303030303030303
Randy	2	0.00030303030303030303
Mo	2	0.00030303030303030303
Guzman	2	0.00030303030303030303
Luc	2	0.00030303030303030303
Cocu	2	0.00030303030303030303
Knup	2	0.00030303030303030303
Artur	2	0.00030303030303030303
Pascal	2	0.00030303030303030303
Woosnam	2	0.00030303030303030303
Bernhard	2	0.00030303030303030303
Ronan	2	0.00030303030303030303
Russell	2	0.00030303030303030303
Miles	2	0.00030303030303030303
Nestor	2	0.00030303030303030303
Lansana	2	0.00030303030303030303
Conte	2	0.00030303030303030303
Carlo	2	0.00030303030303030303
Mirhunisa	2	0.00030303030303030303
Cheung	2	0.00030303030303030303
Downer	2	0.00030303030303030303
Said	2	0.00030303030303030303
Taha	2	0.00030303030303030303
Hosni	2	0.00030303030303030303
Alicia	2	0.00030303030303030303
Smith	2	0.00030303030303030303
Louise	2	0.00030303030303030303
Hitler	2	0.00030303030303030303
Yasushi	2	0.00030303030303030303
Klaus	2	0.00030303030303030303
Siraj	2	0.00030303030303030303
Gupta	2	0.00030303030303030303
Rupert	2	0.00030303030303030303
Chua	2	0.00030303030303030303
Dmitry	2	0.00030303030303030303
Crawley	2	0.00030303030303030303
Habsudova	2	0.00030303030303030303
T.	2	0.00030303030303030303
POLLOCK	2	0.00030303030303030303
Ravanelli	2	0.00030303030303030303
Mulder	2	0.00030303030303030303
Ong	2	0.00030303030303030303
Davenport	2	0.00030303030303030303
Sorrento	2	0.00030303030303030303
Jacob	2	0.00030303030303030303
Fernandez	2	0.00030303030303030303
Mustapha	2	0.00030303030303030303
Karsten	2	0.00030303030303030303
Salah	2	0.00030303030303030303
Springer	2	0.00030303030303030303
Thon	2	0.00030303030303030303
MASTERKOVA	2	0.00030303030303030303
Mutola	2	0.00030303030303030303
Diego	2	0.00030303030303030303
Brigita	2	0.00030303030303030303
Aliuska	2	0.00030303030303030303
Gail	2	0.00030303030303030303
Merlene	2	0.00030303030303030303
Gwen	2	0.00030303030303030303
Olga	2	0.00030303030303030303
Dionne	2	0.00030303030303030303
Emilio	2	0.00030303030303030303
Sally	2	0.00030303030303030303
Pauline	2	0.00030303030303030303
Davidson	2	0.00030303030303030303
Samuel	2	0.00030303030303030303
Juliet	2	0.00030303030303030303
Samson	2	0.00030303030303030303
Jacqueline	2	0.00030303030303030303
Chandra	2	0.00030303030303030303
Galina	2	0.00030303030303030303
Cathy	2	0.00030303030303030303
Falilat	2	0.00030303030303030303
Fatima	2	0.00030303030303030303
Isaac	2	0.00030303030303030303
Yelena	2	0.00030303030303030303
Paulo	2	0.00030303030303030303
Helder	2	0.00030303030303030303
Vogts	2	0.00030303030303030303
Matthias	2	0.00030303030303030303
Steffen	2	0.00030303030303030303
Markus	2	0.00030303030303030303
Dieter	2	0.00030303030303030303
Dos	2	0.00030303030303030303
Butch	2	0.00030303030303030303
Karem	2	0.00030303030303030303
Sameh	2	0.00030303030303030303
Kennedy	2	0.00030303030303030303
Ryszard	2	0.00030303030303030303
Bucaram	2	0.00030303030303030303
Donald	2	0.00030303030303030303
Adel	2	0.00030303030303030303
Hussein	2	0.00030303030303030303
Curtis	2	0.00030303030303030303
Black	2	0.00030303030303030303
Glickman	2	0.00030303030303030303
Franny	2	0.00030303030303030303
Tracy	2	0.00030303030303030303
Coughlan	2	0.00030303030303030303
Ismail	2	0.00030303030303030303
Winkler	2	0.00030303030303030303
Jewell	2	0.00030303030303030303
Jerome	2	0.00030303030303030303
Roe	2	0.00030303030303030303
Costis	2	0.00030303030303030303
Harvey	2	0.00030303030303030303
Beaver	2	0.00030303030303030303
Sake	2	0.00030303030303030303
Kankkunen	2	0.00030303030303030303
Ukyo	2	0.00030303030303030303
Ilott	2	0.00030303030303030303
Dominic	2	0.00030303030303030303
Alistair	2	0.00030303030303030303
Brown	2	0.00030303030303030303
Gordon	2	0.00030303030303030303
Les	2	0.00030303030303030303
Joost	2	0.00030303030303030303
Edwin	2	0.00030303030303030303
Xavier	2	0.00030303030303030303
Miladin	2	0.00030303030303030303
Enzo	2	0.00030303030303030303
Becanovic	2	0.00030303030303030303
Caveglia	2	0.00030303030303030303
Scifo	2	0.00030303030303030303
Andersson	2	0.00030303030303030303
Keller	2	0.00030303030303030303
Bobic	2	0.00030303030303030303
Heinrich	2	0.00030303030303030303
Banda	2	0.00030303030303030303
Nicholas	2	0.00030303030303030303
Gcaleka	2	0.00030303030303030303
Karl	2	0.00030303030303030303
Violeta	2	0.00030303030303030303
Gyaicain	2	0.00030303030303030303
Khalfallah	2	0.00030303030303030303
McCurry	2	0.00030303030303030303
Ruehe	2	0.00030303030303030303
Cimicchi	2	0.00030303030303030303
Jeremy	2	0.00030303030303030303
Prasad	2	0.00030303030303030303
Luke	2	0.00030303030303030303
Martens	2	0.00030303030303030303
Theybers	2	0.00030303030303030303
Claus	2	0.00030303030303030303
Smets	2	0.00030303030303030303
Johansson	2	0.00030303030303030303
Moore	2	0.00030303030303030303
Camerlengo	2	0.00030303030303030303
Seguy	2	0.00030303030303030303
Vialle	2	0.00030303030303030303
Luciano	2	0.00030303030303030303
Fabien	2	0.00030303030303030303
Belmondo	2	0.00030303030303030303
Gounon	2	0.00030303030303030303
Silke	2	0.00030303030303030303
Inez	2	0.00030303030303030303
Margaret	2	0.00030303030303030303
Marcel	2	0.00030303030303030303
Osmond	2	0.00030303030303030303
SCHUMACHER	2	0.00030303030303030303
Aaron	2	0.00030303030303030303
Fujiwara	2	0.00030303030303030303
Ryo	2	0.00030303030303030303
Takeishi	2	0.00030303030303030303
Pier	2	0.00030303030303030303
Adam	2	0.00030303030303030303
Salou	2	0.00030303030303030303
Jacek	2	0.00030303030303030303
Marcin	2	0.00030303030303030303
Dariusz	2	0.00030303030303030303
Emmanuel	2	0.00030303030303030303
Alomar	2	0.00030303030303030303
Rodriguez	2	0.00030303030303030303
Wally	2	0.00030303030303030303
Vinny	2	0.00030303030303030303
Orlando	2	0.00030303030303030303
Francesco	2	0.00030303030303030303
Museeuw	2	0.00030303030303030303
Faber	2	0.00030303030303030303
Romano	2	0.00030303030303030303
Gaston	2	0.00030303030303030303
Gorre	2	0.00030303030303030303
Endt	2	0.00030303030303030303
Desmond	2	0.00030303030303030303
F.W.	2	0.00030303030303030303
Tutu	2	0.00030303030303030303
P.W.	2	0.00030303030303030303
Currin	2	0.00030303030303030303
Ejup	2	0.00030303030303030303
Suvit	2	0.00030303030303030303
Saleh	2	0.00030303030303030303
Ezer	2	0.00030303030303030303
Georges	2	0.00030303030303030303
Zicot	2	0.00030303030303030303
Thierry	2	0.00030303030303030303
Weinstein	2	0.00030303030303030303
Gulbuddin	2	0.00030303030303030303
Hekmatyar	2	0.00030303030303030303
Begum	2	0.00030303030303030303
Borsuk	2	0.00030303030303030303
Melanie	2	0.00030303030303030303
MAKINEN	2	0.00030303030303030303
Imran	2	0.00030303030303030303
Maslova	2	0.00030303030303030303
Smirnov	2	0.00030303030303030303
Narciso	2	0.00030303030303030303
Tulio	2	0.00030303030303030303
Carol	2	0.00030303030303030303
Angeles	2	0.00030303030303030303
Nana	2	0.00030303030303030303
Yi	2	0.00030303030303030303
Kafelnikov	2	0.00030303030303030303
Anne-Gaelle	2	0.00030303030303030303
Henrietta	2	0.00030303030303030303
Sabine	2	0.00030303030303030303
Cristina	2	0.00030303030303030303
Debbie	2	0.00030303030303030303
Kristina	2	0.00030303030303030303
Ines	2	0.00030303030303030303
Jaime	2	0.00030303030303030303
Linda	2	0.00030303030303030303
Dally	2	0.00030303030303030303
Leander	2	0.00030303030303030303
Alexandra	2	0.00030303030303030303
Els	2	0.00030303030303030303
Sammy	2	0.00030303030303030303
Guus	2	0.00030303030303030303
De	2	0.00030303030303030303
Pantic	2	0.00030303030303030303
Campbell	2	0.00030303030303030303
Streak	2	0.00030303030303030303
Healy	2	0.00030303030303030303
Stuart	2	0.00030303030303030303
Frowick	2	0.00030303030303030303
Viktor	2	0.00030303030303030303
Chernomyrdin	2	0.00030303030303030303
Yastrezhembsky	2	0.00030303030303030303
Naina	2	0.00030303030303030303
Humberto	2	0.00030303030303030303
Jetty	2	0.00030303030303030303
Misael	2	0.00030303030303030303
Wisinga	2	0.00030303030303030303
Fleuchaus	2	0.00030303030303030303
Julio	2	0.00030303030303030303
Al	2	0.00030303030303030303
Newt	2	0.00030303030303030303
Superman	2	0.00030303030303030303
Daschle	2	0.00030303030303030303
Lelouche	2	0.00030303030303030303
Herman	2	0.00030303030303030303
Wijffels	2	0.00030303030303030303
Garry	2	0.00030303030303030303
Alfred	2	0.00030303030303030303
Harding	2	0.00030303030303030303
Seve	2	0.00030303030303030303
Olazabal	2	0.00030303030303030303
Thomson	2	0.00030303030303030303
Leon	2	0.00030303030303030303
Graeme	2	0.00030303030303030303
Shadab	2	0.00030303030303030303
Gooch	2	0.00030303030303030303
Keith	2	0.00030303030303030303
Jansher	2	0.00030303030303030303
Brett	2	0.00030303030303030303
Mir	2	0.00030303030303030303
Jimy	2	0.00030303030303030303
Rita	2	0.00030303030303030303
Mariaan	2	0.00030303030303030303
Florencia	2	0.00030303030303030303
Paola	2	0.00030303030303030303
Kristie	2	0.00030303030303030303
Radka	2	0.00030303030303030303
Karin	2	0.00030303030303030303
Annabel	2	0.00030303030303030303
Tina	2	0.00030303030303030303
Tami	2	0.00030303030303030303
Amy	2	0.00030303030303030303
Lisa	2	0.00030303030303030303
Miriam	2	0.00030303030303030303
VanLandingham	2	0.00030303030303030303
Angel	2	0.00030303030303030303
Jeffrey	2	0.00030303030303030303
Roest	2	0.00030303030303030303
Korneev	2	0.00030303030303030303
Hansma	2	0.00030303030303030303
Jean-Pierre	2	0.00030303030303030303
Gianni	2	0.00030303030303030303
Bugno	2	0.00030303030303030303
Erdei	2	0.00030303030303030303
McCarthy	2	0.00030303030303030303
Nuour	2	0.00030303030303030303
Maureen	2	0.00030303030303030303
Aleksander	2	0.00030303030303030303
Enn	2	0.00030303030303030303
Xhelili	2	0.00030303030303030303
Rudolf	2	0.00030303030303030303
Eduardo	2	0.00030303030303030303
Hurte	2	0.00030303030303030303
Jetsi	2	0.00030303030303030303
Schutte	2	0.00030303030303030303
Ebe	2	0.00030303030303030303
Havel	2	0.00030303030303030303
Alejandro	2	0.00030303030303030303
Suleyman	2	0.00030303030303030303
Fulcheri	2	0.00030303030303030303
Casey	2	0.00030303030303030303
Amrollah	2	0.00030303030303030303
Khadga	2	0.00030303030303030303
Choudhury	2	0.00030303030303030303
Peiris	2	0.00030303030303030303
Kan	2	0.00030303030303030303
Sheu	2	0.00030303030303030303
Silvio	2	0.00030303030303030303
Oksana	2	0.00030303030303030303
Emanuele	2	0.00030303030303030303
Ove	2	0.00030303030303030303
Joakim	2	0.00030303030303030303
VAN	2	0.00030303030303030303
Kaspars	2	0.00030303030303030303
Capiot	2	0.00030303030303030303
Ozers	2	0.00030303030303030303
Edouard	2	0.00030303030303030303
Heiko	2	0.00030303030303030303
Dimitrios	2	0.00030303030303030303
Jean-Michel	2	0.00030303030303030303
BOARDMAN	2	0.00030303030303030303
Collinelli	2	0.00030303030303030303
Hoddle	2	0.00030303030303030303
Denny	2	0.00030303030303030303
Devon	2	0.00030303030303030303
Jones	2	0.00030303030303030303
Gibbs	2	0.00030303030303030303
Nicky	2	0.00030303030303030303
Jonathon	2	0.00030303030303030303
Zubair	2	0.00030303030303030303
Milinko	2	0.00030303030303030303
Hristo	2	0.00030303030303030303
Helmer	2	0.00030303030303030303
Marc-Vivien	2	0.00030303030303030303
Patrice	2	0.00030303030303030303
Loko	2	0.00030303030303030303
JOHNSON	2	0.00030303030303030303
OWENS	2	0.00030303030303030303
Rudi	2	0.00030303030303030303
Thiel	2	0.00030303030303030303
Romesh	2	0.00030303030303030303
Kaluwitharana	2	0.00030303030303030303
Aravinda	2	0.00030303030303030303
Dharmasena	2	0.00030303030303030303
Asanka	2	0.00030303030303030303
Hashan	2	0.00030303030303030303
Roshan	2	0.00030303030303030303
Kumara	2	0.00030303030303030303
Chaminda	2	0.00030303030303030303
Muthiah	2	0.00030303030303030303
Ravindra	2	0.00030303030303030303
O'Neill	2	0.00030303030303030303
Henri	2	0.00030303030303030303
Toure	2	0.00030303030303030303
Agnieszka	2	0.00030303030303030303
Kohl	2	0.00030303030303030303
Richter	2	0.00030303030303030303
Jerry	2	0.00030303030303030303
Evelyn	2	0.00030303030303030303
Nawaz	2	0.00030303030303030303
Omer	2	0.00030303030303030303
Akbel	2	0.00030303030303030303
Reppas	2	0.00030303030303030303
Weiss	2	0.00030303030303030303
Qidra	2	0.00030303030303030303
Dahman	2	0.00030303030303030303
Naish	2	0.00030303030303030303
Sorensen	2	0.00030303030303030303
Maarten	2	0.00030303030303030303
Olaf	2	0.00030303030303030303
Hans	2	0.00030303030303030303
Fredericks	2	0.00030303030303030303
Spot	2	0.00030303030303030303
Mobutu	2	0.00030303030303030303
Ikimi	2	0.00030303030303030303
Beatrix	2	0.00030303030303030303
Deby	2	0.00030303030303030303
Marriner	2	0.00030303030303030303
Filipovic	2	0.00030303030303030303
Pessina	2	0.00030303030303030303
King	2	0.00030303030303030303
Andrews	2	0.00030303030303030303
O.J.	2	0.00030303030303030303
Conroy	2	0.00030303030303030303
Noel	2	0.00030303030303030303
Lincoln	2	0.00030303030303030303
Puglisi	2	0.00030303030303030303
Utomo	2	0.00030303030303030303
Widness	2	0.00030303030303030303
Goulnara	2	0.00030303030303030303
Ingrid	2	0.00030303030303030303
Kombouare	2	0.00030303030303030303
Nikolaus	1	0.00015151515151515152
Loyola	1	0.00015151515151515152
Jimi	1	0.00015151515151515152
Shen	1	0.00015151515151515152
Toronto	1	0.00015151515151515152
Colleen	1	0.00015151515151515152
Rabinovich	1	0.00015151515151515152
Eliahu	1	0.00015151515151515152
Hafez	1	0.00015151515151515152
Assad	1	0.00015151515151515152
Tadeusz	1	0.00015151515151515152
Awdankiewicz	1	0.00015151515151515152
Nabil	1	0.00015151515151515152
Hilary	1	0.00015151515151515152
Blake	1	0.00015151515151515152
Maruyama	1	0.00015151515151515152
PIVOTAL	1	0.00015151515151515152
PRESCOTT	1	0.00015151515151515152
Royal	1	0.00015151515151515152
Berry	1	0.00015151515151515152
Shi-Ting	1	0.00015151515151515152
DALGLISH	1	0.00015151515151515152
Khan	1	0.00015151515151515152
FERGUSON	1	0.00015151515151515152
Ferguson	1	0.00015151515151515152
KEANE	1	0.00015151515151515152
MILLNS	1	0.00015151515151515152
Phillip	1	0.00015151515151515152
Lubarskij	1	0.00015151515151515152
Valkucak	1	0.00015151515151515152
Arkadiusz	1	0.00015151515151515152
Arwel	1	0.00015151515151515152
Miroslav	1	0.00015151515151515152
Zoran	1	0.00015151515151515152
Milenko	1	0.00015151515151515152
Pavlos	1	0.00015151515151515152
Mons	1	0.00015151515151515152
Ilian	1	0.00015151515151515152
Daniele	1	0.00015151515151515152
Agrins	1	0.00015151515151515152
Drazen	1	0.00015151515151515152
Miljenko	1	0.00015151515151515152
Jamir	1	0.00015151515151515152
Lumir	1	0.00015151515151515152
Horst	1	0.00015151515151515152
Zdenek	1	0.00015151515151515152
Moshe	1	0.00015151515151515152
Nissan	1	0.00015151515151515152
Ferenc	1	0.00015151515151515152
NEWCOMBE	1	0.00015151515151515152
Neale	1	0.00015151515151515152
Roche	1	0.00015151515151515152
Fraser	1	0.00015151515151515152
Hwang	1	0.00015151515151515152
Wijaya	1	0.00015151515151515152
Pang	1	0.00015151515151515152
Nunung	1	0.00015151515151515152
Fung	1	0.00015151515151515152
Cindana	1	0.00015151515151515152
1ama	1	0.00015151515151515152
Margit	1	0.00015151515151515152
Sun	1	0.00015151515151515152
Meluawati	1	0.00015151515151515152
Chan	1	0.00015151515151515152
Gong	1	0.00015151515151515152
Zeng	1	0.00015151515151515152
Ishwari	1	0.00015151515151515152
Olivia	1	0.00015151515151515152
Hendrik	1	0.00015151515151515152
Younnes	1	0.00015151515151515152
Mauricio	1	0.00015151515151515152
DAVEY	1	0.00015151515151515152
GREER	1	0.00015151515151515152
Mickey	1	0.00015151515151515152
Sterling	1	0.00015151515151515152
Cy	1	0.00015151515151515152
Chili	1	0.00015151515151515152
Dickson	1	0.00015151515151515152
Stanley	1	0.00015151515151515152
Jaha	1	0.00015151515151515152
COCU	1	0.00015151515151515152
KNUP	1	0.00015151515151515152
Yvan	1	0.00015151515151515152
Ciriaco	1	0.00015151515151515152
Murat	1	0.00015151515151515152
Kubilay	1	0.00015151515151515152
Lanner	1	0.00015151515151515152
Per	1	0.00015151515151515152
Chalmers	1	0.00015151515151515152
Cooper	1	0.00015151515151515152
Welch	1	0.00015151515151515152
Jose-Maria	1	0.00015151515151515152
Spence	1	0.00015151515151515152
Geoff	1	0.00015151515151515152
Gildea	1	0.00015151515151515152
Wakefield	1	0.00015151515151515152
Rosemary	1	0.00015151515151515152
Lynda	1	0.00015151515151515152
Stoltenberg	1	0.00015151515151515152
Rosset	1	0.00015151515151515152
Masserigne	1	0.00015151515151515152
Malu	1	0.00015151515151515152
Danielle	1	0.00015151515151515152
Kazimierz	1	0.00015151515151515152
Komarica	1	0.00015151515151515152
Lawrence	1	0.00015151515151515152
Italo	1	0.00015151515151515152
Abimael	1	0.00015151515151515152
Ronny	1	0.00015151515151515152
Freddy	1	0.00015151515151515152
Ro	1	0.00015151515151515152
Desi	1	0.00015151515151515152
Qian	1	0.00015151515151515152
Dalai	1	0.00015151515151515152
Mutawakel	1	0.00015151515151515152
Turabi	1	0.00015151515151515152
Burcin	1	0.00015151515151515152
Kieran	1	0.00015151515151515152
Marta	1	0.00015151515151515152
Nikki	1	0.00015151515151515152
Geoffrey	1	0.00015151515151515152
Lou	1	0.00015151515151515152
Guenter	1	0.00015151515151515152
Manfred	1	0.00015151515151515152
Hans-Otto	1	0.00015151515151515152
Sieg	1	0.00015151515151515152
Akashi	1	0.00015151515151515152
Claverie	1	0.00015151515151515152
Kennedys	1	0.00015151515151515152
Erdmann	1	0.00015151515151515152
Kinkel	1	0.00015151515151515152
I.K.	1	0.00015151515151515152
Inderjit	1	0.00015151515151515152
H.D.	1	0.00015151515151515152
Chakravarty	1	0.00015151515151515152
Saint	1	0.00015151515151515152
Agnes	1	0.00015151515151515152
Teresa	1	0.00015151515151515152
Therese	1	0.00015151515151515152
Lachlan	1	0.00015151515151515152
Vivit	1	0.00015151515151515152
Westlake	1	0.00015151515151515152
Rostislav	1	0.00015151515151515152
Leonid	1	0.00015151515151515152
Adelbert	1	0.00015151515151515152
Hennady	1	0.00015151515151515152
Gjon	1	0.00015151515151515152
Musa	1	0.00015151515151515152
Cruise	1	0.00015151515151515152
Goldman	1	0.00015151515151515152
CRAWLEY	1	0.00015151515151515152
Akram	1	0.00015151515151515152
RAVANELLI	1	0.00015151515151515152
Fabrizio	1	0.00015151515151515152
Bryan	1	0.00015151515151515152
Ferreira	1	0.00015151515151515152
Pioline	1	0.00015151515151515152
Korda	1	0.00015151515151515152
MULDER	1	0.00015151515151515152
Japie	1	0.00015151515151515152
Danie	1	0.00015151515151515152
Pieter	1	0.00015151515151515152
Snyman	1	0.00015151515151515152
Markgraaff	1	0.00015151515151515152
Ijaya	1	0.00015151515151515152
Chen	1	0.00015151515151515152
CHANDA	1	0.00015151515151515152
Chanda	1	0.00015151515151515152
Meredith	1	0.00015151515151515152
SORRENTO	1	0.00015151515151515152
Norm	1	0.00015151515151515152
Rocky	1	0.00015151515151515152
Coppinger	1	0.00015151515151515152
Clemens	1	0.00015151515151515152
Garret	1	0.00015151515151515152
Travis	1	0.00015151515151515152
Melvin	1	0.00015151515151515152
Damion	1	0.00015151515151515152
Hill	1	0.00015151515151515152
Otis	1	0.00015151515151515152
Hanson	1	0.00015151515151515152
Predrosa	1	0.00015151515151515152
Nail	1	0.00015151515151515152
Harald	1	0.00015151515151515152
SALAH	1	0.00015151515151515152
Haile	1	0.00015151515151515152
Baeron	1	0.00015151515151515152
Driller	1	0.00015151515151515152
Trulsen	1	0.00015151515151515152
Sobotzik	1	0.00015151515151515152
Wilmots	1	0.00015151515151515152
Jonzon	1	0.00015151515151515152
Riley	1	0.00015151515151515152
Smyth	1	0.00015151515151515152
MITCHELL	1	0.00015151515151515152
Mitchell	1	0.00015151515151515152
Jackson	1	0.00015151515151515152
Engquist	1	0.00015151515151515152
Devers	1	0.00015151515151515152
Ottey	1	0.00015151515151515152
Ilke	1	0.00015151515151515152
Ellina	1	0.00015151515151515152
Franka	1	0.00015151515151515152
Mette	1	0.00015151515151515152
Nicoleta	1	0.00015151515151515152
Yulia	1	0.00015151515151515152
Dawn	1	0.00015151515151515152
Hubert	1	0.00015151515151515152
Roberta	1	0.00015151515151515152
Fernanda	1	0.00015151515151515152
Paula	1	0.00015151515151515152
Catherine	1	0.00015151515151515152
Annette	1	0.00015151515151515152
Bruny	1	0.00015151515151515152
Rohan	1	0.00015151515151515152
Torrance	1	0.00015151515151515152
Dusan	1	0.00015151515151515152
Calvin	1	0.00015151515151515152
Chryste	1	0.00015151515151515152
Zhanna	1	0.00015151515151515152
Regina	1	0.00015151515151515152
Carla	1	0.00015151515151515152
Yekaterina	1	0.00015151515151515152
Margret	1	0.00015151515151515152
Leah	1	0.00015151515151515152
Sinead	1	0.00015151515151515152
Moses	1	0.00015151515151515152
Gideon	1	0.00015151515151515152
Larbi	1	0.00015151515151515152
Eliud	1	0.00015151515151515152
Anthuan	1	0.00015151515151515152
Sunday	1	0.00015151515151515152
Lamont	1	0.00015151515151515152
Malgorzata	1	0.00015151515151515152
Anja	1	0.00015151515151515152
Veerle	1	0.00015151515151515152
Eleonora	1	0.00015151515151515152
Anneke	1	0.00015151515151515152
Inger	1	0.00015151515151515152
Zundra	1	0.00015151515151515152
Marie-Jose	1	0.00015151515151515152
Maicel	1	0.00015151515151515152
Hana	1	0.00015151515151515152
Khalid	1	0.00015151515151515152
El	1	0.00015151515151515152
Noureddine	1	0.00015151515151515152
Fita	1	0.00015151515151515152
Lars	1	0.00015151515151515152
Virgilius	1	0.00015151515151515152
Vassiliy	1	0.00015151515151515152
Vaclavas	1	0.00015151515151515152
Yoelvis	1	0.00015151515151515152
Rogel	1	0.00015151515151515152
Sigurd	1	0.00015151515151515152
Elijah	1	0.00015151515151515152
Laban	1	0.00015151515151515152
Stefka	1	0.00015151515151515152
Inga	1	0.00015151515151515152
Alina	1	0.00015151515151515152
Hanna	1	0.00015151515151515152
Nele	1	0.00015151515151515152
Aloys	1	0.00015151515151515152
Mathias	1	0.00015151515151515152
Abel	1	0.00015151515151515152
Kamiel	1	0.00015151515151515152
Worku	1	0.00015151515151515152
JORGE	1	0.00015151515151515152
Vitor	1	0.00015151515151515152
Paulinho	1	0.00015151515151515152
Dimas	1	0.00015151515151515152
Oceano	1	0.00015151515151515152
VOGTS	1	0.00015151515151515152
Berti	1	0.00015151515151515152
Mehmet	1	0.00015151515151515152
Fredi	1	0.00015151515151515152
Muttiah	1	0.00015151515151515152
Cam	1	0.00015151515151515152
Ranatunga	1	0.00015151515151515152
Batterby	1	0.00015151515151515152
Battersby	1	0.00015151515151515152
Axworthy	1	0.00015151515151515152
Warren	1	0.00015151515151515152
Ori	1	0.00015151515151515152
Wojtek	1	0.00015151515151515152
Phelan	1	0.00015151515151515152
Damien	1	0.00015151515151515152
Umar	1	0.00015151515151515152
Innocent	1	0.00015151515151515152
Zbigniew	1	0.00015151515151515152
Goncharova	1	0.00015151515151515152
Granic	1	0.00015151515151515152
Mate	1	0.00015151515151515152
Abdala	1	0.00015151515151515152
Suharto	1	0.00015151515151515152
Mar'ie	1	0.00015151515151515152
Tungky	1	0.00015151515151515152
Rana	1	0.00015151515151515152
Allahu	1	0.00015151515151515152
Roosevelts	1	0.00015151515151515152
Theodore	1	0.00015151515151515152
Little	1	0.00015151515151515152
Prakash	1	0.00015151515151515152
Aishwarya	1	0.00015151515151515152
Madhusudan	1	0.00015151515151515152
Dhiraj	1	0.00015151515151515152
Dheeraj	1	0.00015151515151515152
Munakarmi	1	0.00015151515151515152
Benedict	1	0.00015151515151515152
Birnberg	1	0.00015151515151515152
Riza	1	0.00015151515151515152
Erbakan	1	0.00015151515151515152
Nacar	1	0.00015151515151515152
Redmond	1	0.00015151515151515152
Rob	1	0.00015151515151515152
Enderle	1	0.00015151515151515152
Karen	1	0.00015151515151515152
Tuan	1	0.00015151515151515152
Jordan	1	0.00015151515151515152
Fannie	1	0.00015151515151515152
Keiron	1	0.00015151515151515152
Amer	1	0.00015151515151515152
Lynne	1	0.00015151515151515152
KANKKUNEN	1	0.00015151515151515152
MCRAE	1	0.00015151515151515152
Kankunnen	1	0.00015151515151515152
Richardt	1	0.00015151515151515152
Sigeki	1	0.00015151515151515152
Faustino	1	0.00015151515151515152
Hannes	1	0.00015151515151515152
Stranksy	1	0.00015151515151515152
Culhane	1	0.00015151515151515152
Romeo	1	0.00015151515151515152
Marcio	1	0.00015151515151515152
Winston	1	0.00015151515151515152
Jari	1	0.00015151515151515152
van	1	0.00015151515151515152
Anto	1	0.00015151515151515152
Debbah	1	0.00015151515151515152
Drobnjak	1	0.00015151515151515152
Boutoille	1	0.00015151515151515152
Guivarc'h	1	0.00015151515151515152
Gravelaine	1	0.00015151515151515152
Traore	1	0.00015151515151515152
Bombarda	1	0.00015151515151515152
Zitelli	1	0.00015151515151515152
Bancarel	1	0.00015151515151515152
Wreh	1	0.00015151515151515152
Charvet	1	0.00015151515151515152
Molata	1	0.00015151515151515152
Haessler	1	0.00015151515151515152
Dundee	1	0.00015151515151515152
Balakow	1	0.00015151515151515152
Votava	1	0.00015151515151515152
Schwabl	1	0.00015151515151515152
Zorc	1	0.00015151515151515152
Moeller	1	0.00015151515151515152
Seeliger	1	0.00015151515151515152
Zeyer	1	0.00015151515151515152
Gaissmayer	1	0.00015151515151515152
Polster	1	0.00015151515151515152
Issa	1	0.00015151515151515152
Damian	1	0.00015151515151515152
Kamuzu	1	0.00015151515151515152
Emelia	1	0.00015151515151515152
Firmin	1	0.00015151515151515152
Kengo	1	0.00015151515151515152
Fatos	1	0.00015151515151515152
Sali	1	0.00015151515151515152
Servet	1	0.00015151515151515152
Gramoz	1	0.00015151515151515152
Birenda	1	0.00015151515151515152
Khemais	1	0.00015151515151515152
Majid	1	0.00015151515151515152
Janet	1	0.00015151515151515152
Lixion	1	0.00015151515151515152
Ignacio	1	0.00015151515151515152
Volker	1	0.00015151515151515152
Umberto	1	0.00015151515151515152
Gianfranco	1	0.00015151515151515152
Verona	1	0.00015151515151515152
Cesare	1	0.00015151515151515152
Dal	1	0.00015151515151515152
Stefaan	1	0.00015151515151515152
Hong	1	0.00015151515151515152
MICKELSON	1	0.00015151515151515152
Mayfiar	1	0.00015151515151515152
Brooks	1	0.00015151515151515152
Couples	1	0.00015151515151515152
Murphy	1	0.00015151515151515152
Handrik	1	0.00015151515151515152
Gert	1	0.00015151515151515152
Jacky	1	0.00015151515151515152
Dietmar	1	0.00015151515151515152
Lacher	1	0.00015151515151515152
Darryll	1	0.00015151515151515152
Luigi	1	0.00015151515151515152
Andi	1	0.00015151515151515152
Collin	1	0.00015151515151515152
Belometti	1	0.00015151515151515152
Dugmore	1	0.00015151515151515152
Jean-Denis	1	0.00015151515151515152
Pierre-Henri	1	0.00015151515151515152
Jean-Marc	1	0.00015151515151515152
Gerd	1	0.00015151515151515152
Ralf	1	0.00015151515151515152
Cor	1	0.00015151515151515152
Belim	1	0.00015151515151515152
Eichmann	1	0.00015151515151515152
Ruch	1	0.00015151515151515152
Bscher	1	0.00015151515151515152
Olofsson	1	0.00015151515151515152
della	1	0.00015151515151515152
Owen-Jones	1	0.00015151515151515152
Raphanel	1	0.00015151515151515152
Sarka	1	0.00015151515151515152
Ashia	1	0.00015151515151515152
Rodica	1	0.00015151515151515152
Deon	1	0.00015151515151515152
Isel	1	0.00015151515151515152
Gillian	1	0.00015151515151515152
Charmaine	1	0.00015151515151515152
Trond	1	0.00015151515151515152
Phylis	1	0.00015151515151515152
Patrik	1	0.00015151515151515152
Verbjorn	1	0.00015151515151515152
Benson	1	0.00015151515151515152
Berger	1	0.00015151515151515152
Yuuchi	1	0.00015151515151515152
Norihiko	1	0.00015151515151515152
Akira	1	0.00015151515151515152
Shiya	1	0.00015151515151515152
Keiichi	1	0.00015151515151515152
NINE	1	0.00015151515151515152
Yuuichi	1	0.00015151515151515152
Haruchika	1	0.00015151515151515152
Byas	1	0.00015151515151515152
HINCHCLIFFE	1	0.00015151515151515152
Hinchcliffe	1	0.00015151515151515152
Cruyff	1	0.00015151515151515152
Solskjaer	1	0.00015151515151515152
Warhurst	1	0.00015151515151515152
Bohinen	1	0.00015151515151515152
LEWIS	1	0.00015151515151515152
Bogdan	1	0.00015151515151515152
Slawomir	1	0.00015151515151515152
Marek	1	0.00015151515151515152
Bartlomiej	1	0.00015151515151515152
Tomasz	1	0.00015151515151515152
Mariusz	1	0.00015151515151515152
Srutwa	1	0.00015151515151515152
Indra	1	0.00015151515151515152
Marlene	1	0.00015151515151515152
Lisbet	1	0.00015151515151515152
Qiang	1	0.00015151515151515152
Yap	1	0.00015151515151515152
Cheah	1	0.00015151515151515152
Chong	1	0.00015151515151515152
Tan	1	0.00015151515151515152
Kyle	1	0.00015151515151515152
Palmeiro	1	0.00015151515151515152
Mariner	1	0.00015151515151515152
Bragg	1	0.00015151515151515152
Whitehurst	1	0.00015151515151515152
Rosado	1	0.00015151515151515152
McGriff	1	0.00015151515151515152
Ellis	1	0.00015151515151515152
Dante	1	0.00015151515151515152
Candiotti	1	0.00015151515151515152
Joey	1	0.00015151515151515152
Rickey	1	0.00015151515151515152
Hamilton	1	0.00015151515151515152
Chiquinho	1	0.00015151515151515152
Andrejez	1	0.00015151515151515152
Conde	1	0.00015151515151515152
Rodrigo	1	0.00015151515151515152
Valdo	1	0.00015151515151515152
Paulao	1	0.00015151515151515152
Idalecio	1	0.00015151515151515152
BATISTUTA	1	0.00015151515151515152
Franco	1	0.00015151515151515152
Batigol	1	0.00015151515151515152
Zieger	1	0.00015151515151515152
Witechek	1	0.00015151515151515152
Fabio	1	0.00015151515151515152
Maurizio	1	0.00015151515151515152
Bartoli	1	0.00015151515151515152
Baldato	1	0.00015151515151515152
Gabriele	1	0.00015151515151515152
FERRIGATO	1	0.00015151515151515152
Heinz-Peter	1	0.00015151515151515152
Ernest	1	0.00015151515151515152
Zeljko	1	0.00015151515151515152
Erwin	1	0.00015151515151515152
Taument	1	0.00015151515151515152
Hoogma	1	0.00015151515151515152
Roelofsen	1	0.00015151515151515152
Petrovic	1	0.00015151515151515152
Godee	1	0.00015151515151515152
Hamming	1	0.00015151515151515152
Dahl	1	0.00015151515151515152
BLIND	1	0.00015151515151515152
SIDHU	1	0.00015151515151515152
Navjot	1	0.00015151515151515152
Azharuddin	1	0.00015151515151515152
Fitzpatrick	1	0.00015151515151515152
Brooke	1	0.00015151515151515152
Bunce	1	0.00015151515151515152
Thabo	1	0.00015151515151515152
Coetzee	1	0.00015151515151515152
Constand	1	0.00015151515151515152
Boraine	1	0.00015151515151515152
Jannie	1	0.00015151515151515152
Samir	1	0.00015151515151515152
Edhem	1	0.00015151515151515152
Reuf	1	0.00015151515151515152
Anatoly	1	0.00015151515151515152
Liutauras	1	0.00015151515151515152
Shkirko	1	0.00015151515151515152
Movladi	1	0.00015151515151515152
Yehiel	1	0.00015151515151515152
Seneferu	1	0.00015151515151515152
Shabir	1	0.00015151515151515152
Marwan	1	0.00015151515151515152
Aryeh	1	0.00015151515151515152
Shumer	1	0.00015151515151515152
Erekat	1	0.00015151515151515152
Avraham	1	0.00015151515151515152
Kahalani	1	0.00015151515151515152
Geert	1	0.00015151515151515152
Detroux	1	0.00015151515151515152
Dostum	1	0.00015151515151515152
Jumbish	1	0.00015151515151515152
Anis	1	0.00015151515151515152
Rafiqul	1	0.00015151515151515152
Emajuddin	1	0.00015151515151515152
Irene	1	0.00015151515151515152
Josef	1	0.00015151515151515152
Hryhory	1	0.00015151515151515152
Shevchenko	1	0.00015151515151515152
Soprun	1	0.00015151515151515152
Borkus	1	0.00015151515151515152
Bobbie	1	0.00015151515151515152
Sebastian	1	0.00015151515151515152
Lasse	1	0.00015151515151515152
Angelo	1	0.00015151515151515152
Maakinen	1	0.00015151515151515152
Sainz	1	0.00015151515151515152
SHARPE	1	0.00015151515151515152
WASIM	1	0.00015151515151515152
Kapil	1	0.00015151515151515152
Courtney	1	0.00015151515151515152
Knight	1	0.00015151515151515152
Ashley	1	0.00015151515151515152
Bachirou	1	0.00015151515151515152
POPOV	1	0.00015151515151515152
Rimma	1	0.00015151515151515152
Vitaly	1	0.00015151515151515152
Zagalo	1	0.00015151515151515152
Enrique	1	0.00015151515151515152
Rebecca	1	0.00015151515151515152
HUBER	1	0.00015151515151515152
MALEEVA	1	0.00015151515151515152
STICH	1	0.00015151515151515152
Yvegeny	1	0.00015151515151515152
Haas	1	0.00015151515151515152
Malivai	1	0.00015151515151515152
Janette	1	0.00015151515151515152
Gala	1	0.00015151515151515152
Gloria	1	0.00015151515151515152
Corina	1	0.00015151515151515152
Sung-Hee	1	0.00015151515151515152
Meghann	1	0.00015151515151515152
Perfetti	1	0.00015151515151515152
Neville	1	0.00015151515151515152
Jill	1	0.00015151515151515152
Christina	1	0.00015151515151515152
Jolene	1	0.00015151515151515152
Tyler	1	0.00015151515151515152
Foster	1	0.00015151515151515152
Tavarez	1	0.00015151515151515152
Osvaldo	1	0.00015151515151515152
Trenidad	1	0.00015151515151515152
Chad	1	0.00015151515151515152
Jody	1	0.00015151515151515152
Donne	1	0.00015151515151515152
Wall	1	0.00015151515151515152
BONDS	1	0.00015151515151515152
JONK	1	0.00015151515151515152
Hiddink	1	0.00015151515151515152
Jaap	1	0.00015151515151515152
Aron	1	0.00015151515151515152
Pizzi	1	0.00015151515151515152
Esnaider	1	0.00015151515151515152
Flower	1	0.00015151515151515152
Decker	1	0.00015151515151515152
Shah	1	0.00015151515151515152
Ponting	1	0.00015151515151515152
Damein	1	0.00015151515151515152
Eddo	1	0.00015151515151515152
Heath	1	0.00015151515151515152
Agota	1	0.00015151515151515152
Kuperman	1	0.00015151515151515152
Alastair	1	0.00015151515151515152
Dragutin	1	0.00015151515151515152
Stanojlovic	1	0.00015151515151515152
Gordana	1	0.00015151515151515152
Kolumbina	1	0.00015151515151515152
Valentin	1	0.00015151515151515152
Valkov	1	0.00015151515151515152
Liliana	1	0.00015151515151515152
Piotr	1	0.00015151515151515152
Grabowksi	1	0.00015151515151515152
Grabowski	1	0.00015151515151515152
Regula	1	0.00015151515151515152
Vega	1	0.00015151515151515152
Alonso	1	0.00015151515151515152
Fagan	1	0.00015151515151515152
Arlen	1	0.00015151515151515152
Sultan	1	0.00015151515151515152
Moussa	1	0.00015151515151515152
Amina	1	0.00015151515151515152
Strobe	1	0.00015151515151515152
Georgy	1	0.00015151515151515152
Mr	1	0.00015151515151515152
McCullough	1	0.00015151515151515152
Gerald	1	0.00015151515151515152
Machnee	1	0.00015151515151515152
Timothy	1	0.00015151515151515152
Claude	1	0.00015151515151515152
Philippe	1	0.00015151515151515152
Seguin	1	0.00015151515151515152
Schumacher	1	0.00015151515151515152
Tareq	1	0.00015151515151515152
Nadarajah	1	0.00015151515151515152
Leonard	1	0.00015151515151515152
Edna	1	0.00015151515151515152
Steady	1	0.00015151515151515152
Watts	1	0.00015151515151515152
Sudradjat	1	0.00015151515151515152
OLAZABAL	1	0.00015151515151515152
Ballesteros	1	0.00015151515151515152
Montgomerie	1	0.00015151515151515152
Olly	1	0.00015151515151515152
Kostas	1	0.00015151515151515152
THOMSON	1	0.00015151515151515152
Boeta	1	0.00015151515151515152
Wessels	1	0.00015151515151515152
Preston	1	0.00015151515151515152
BALL	1	0.00015151515151515152
Ball	1	0.00015151515151515152
Nasser	1	0.00015151515151515152
Atherton	1	0.00015151515151515152
Caddick	1	0.00015151515151515152
Hick	1	0.00015151515151515152
Ealham	1	0.00015151515151515152
Thorpe	1	0.00015151515151515152
Rashid	1	0.00015151515151515152
GOOCH	1	0.00015151515151515152
Miron	1	0.00015151515151515152
Danut	1	0.00015151515151515152
Petre	1	0.00015151515151515152
Del	1	0.00015151515151515152
EDBERG	1	0.00015151515151515152
Krajicek	1	0.00015151515151515152
Rios	1	0.00015151515151515152
Majoli	1	0.00015151515151515152
Alexia	1	0.00015151515151515152
Ben	1	0.00015151515151515152
Dominique	1	0.00015151515151515152
Angelica	1	0.00015151515151515152
Marianne	1	0.00015151515151515152
Silvia	1	0.00015151515151515152
Adriana	1	0.00015151515151515152
Gigi	1	0.00015151515151515152
Joannette	1	0.00015151515151515152
Laxmi	1	0.00015151515151515152
Filippo	1	0.00015151515151515152
Kleinova	1	0.00015151515151515152
Kyoko	1	0.00015151515151515152
Pam	1	0.00015151515151515152
Virginia	1	0.00015151515151515152
Rika	1	0.00015151515151515152
Francesca	1	0.00015151515151515152
Tamer	1	0.00015151515151515152
Larisa	1	0.00015151515151515152
Lori	1	0.00015151515151515152
Zina	1	0.00015151515151515152
Rennae	1	0.00015151515151515152
Glenallen	1	0.00015151515151515152
Andres	1	0.00015151515151515152
Swift	1	0.00015151515151515152
Royce	1	0.00015151515151515152
Benes	1	0.00015151515151515152
Art	1	0.00015151515151515152
Acre	1	0.00015151515151515152
Felipe	1	0.00015151515151515152
Joe	1	0.00015151515151515152
CHANG	1	0.00015151515151515152
Alami	1	0.00015151515151515152
Tarango	1	0.00015151515151515152
Riedle	1	0.00015151515151515152
Tretschok	1	0.00015151515151515152
Decheiver	1	0.00015151515151515152
Balakov	1	0.00015151515151515152
Hagner	1	0.00015151515151515152
Schulz	1	0.00015151515151515152
Donkow	1	0.00015151515151515152
Ville	1	0.00015151515151515152
Teemu	1	0.00015151515151515152
Jyrki	1	0.00015151515151515152
Janne	1	0.00015151515151515152
Radek	1	0.00015151515151515152
CYPRIEN	1	0.00015151515151515152
Claudio	1	0.00015151515151515152
Gress	1	0.00015151515151515152
BUGNO	1	0.00015151515151515152
COLONNA	1	0.00015151515151515152
Endrio	1	0.00015151515151515152
Tristan	1	0.00015151515151515152
Emese	1	0.00015151515151515152
Gabor	1	0.00015151515151515152
Tamas	1	0.00015151515151515152
Sitanyi	1	0.00015151515151515152
Mick	1	0.00015151515151515152
Villa	1	0.00015151515151515152
Shay	1	0.00015151515151515152
Denis	1	0.00015151515151515152
Gareth	1	0.00015151515151515152
Niall	1	0.00015151515151515152
Eugene	1	0.00015151515151515152
Moira	1	0.00015151515151515152
Raniero	1	0.00015151515151515152
Lynch	1	0.00015151515151515152
Batchelor	1	0.00015151515151515152
Barton	1	0.00015151515151515152
Caesar	1	0.00015151515151515152
Guldimann	1	0.00015151515151515152
Milan	1	0.00015151515151515152
Kucan	1	0.00015151515151515152
Janez	1	0.00015151515151515152
Ion	1	0.00015151515151515152
Nastase	1	0.00015151515151515152
Gheorghe	1	0.00015151515151515152
Funar	1	0.00015151515151515152
Belinda	1	0.00015151515151515152
Heiki	1	0.00015151515151515152
Adnan	1	0.00015151515151515152
Eva	1	0.00015151515151515152
Marchal	1	0.00015151515151515152
Lambrecks	1	0.00015151515151515152
Quarracino	1	0.00015151515151515152
Bernini	1	0.00015151515151515152
Romina	1	0.00015151515151515152
Manuel	1	0.00015151515151515152
Alvarado	1	0.00015151515151515152
Vaclav	1	0.00015151515151515152
Hector	1	0.00015151515151515152
Peron	1	0.00015151515151515152
Ileana	1	0.00015151515151515152
Hanifah	1	0.00015151515151515152
Komala	1	0.00015151515151515152
Hasan	1	0.00015151515151515152
Muratovic	1	0.00015151515151515152
Gualtiero	1	0.00015151515151515152
Hall	1	0.00015151515151515152
Kate	1	0.00015151515151515152
Cynthia	1	0.00015151515151515152
Sylvester	1	0.00015151515151515152
Sophia	1	0.00015151515151515152
Flavin	1	0.00015151515151515152
Abyss	1	0.00015151515151515152
Norris	1	0.00015151515151515152
DeJesus	1	0.00015151515151515152
Pudvah	1	0.00015151515151515152
W.N.F.	1	0.00015151515151515152
Chandrika	1	0.00015151515151515152
Rupam	1	0.00015151515151515152
Pope	1	0.00015151515151515152
Mangala	1	0.00015151515151515152
Tarak	1	0.00015151515151515152
Das	1	0.00015151515151515152
Nanda	1	0.00015151515151515152
Sayed	1	0.00015151515151515152
Ahmad	1	0.00015151515151515152
Dana	1	0.00015151515151515152
Hamid	1	0.00015151515151515152
Gopal	1	0.00015151515151515152
Khum	1	0.00015151515151515152
Humayun	1	0.00015151515151515152
Rona	1	0.00015151515151515152
Bradys	1	0.00015151515151515152
Jodie	1	0.00015151515151515152
Glafcos	1	0.00015151515151515152
Denham	1	0.00015151515151515152
North	1	0.00015151515151515152
Naoto	1	0.00015151515151515152
Bongo	1	0.00015151515151515152
Heike	1	0.00015151515151515152
Fiona	1	0.00015151515151515152
Gabi	1	0.00015151515151515152
Sergey	1	0.00015151515151515152
Mariacarla	1	0.00015151515151515152
Nastja	1	0.00015151515151515152
Ana	1	0.00015151515151515152
Letitia	1	0.00015151515151515152
Kostantin	1	0.00015151515151515152
Virna	1	0.00015151515151515152
Lauren	1	0.00015151515151515152
Niclas	1	0.00015151515151515152
Chistian	1	0.00015151515151515152
Cevaer	1	0.00015151515151515152
Domingo	1	0.00015151515151515152
Harwood	1	0.00015151515151515152
Brenden	1	0.00015151515151515152
Teravainen	1	0.00015151515151515152
Oyvind	1	0.00015151515151515152
Neal	1	0.00015151515151515152
KELLY	1	0.00015151515151515152
Kelly	1	0.00015151515151515152
.Giuseppe	1	0.00015151515151515152
.Robbie	1	0.00015151515151515152
Giuseppe	1	0.00015151515151515152
Grzegorz	1	0.00015151515151515152
Ainars	1	0.00015151515151515152
Keiji	1	0.00015151515151515152
Masanaga	1	0.00015151515151515152
Pavel	1	0.00015151515151515152
Carsten	1	0.00015151515151515152
J	1	0.00015151515151515152
Obree	1	0.00015151515151515152
L.	1	0.00015151515151515152
FOWLER	1	0.00015151515151515152
MCMANAMAN	1	0.00015151515151515152
WEAVER	1	0.00015151515151515152
BAN	1	0.00015151515151515152
Double	1	0.00015151515151515152
REDGRAVE	1	0.00015151515151515152
Redgrave	1	0.00015151515151515152
BOTHAM	1	0.00015151515151515152
GATTING	1	0.00015151515151515152
CARLING	1	0.00015151515151515152
Rory	1	0.00015151515151515152
Hideo	1	0.00015151515151515152
Nomo	1	0.00015151515151515152
Benito	1	0.00015151515151515152
Smoltz	1	0.00015151515151515152
Neagle	1	0.00015151515151515152
Sheffield	1	0.00015151515151515152
Armando	1	0.00015151515151515152
MEHRTENS	1	0.00015151515151515152
Mehrtens	1	0.00015151515151515152
Blair	1	0.00015151515151515152
Jonah	1	0.00015151515151515152
Walter	1	0.00015151515151515152
Josh	1	0.00015151515151515152
Robin	1	0.00015151515151515152
Olo	1	0.00015151515151515152
BONNET	1	0.00015151515151515152
Giles	1	0.00015151515151515152
Bonnet	1	0.00015151515151515152
Featherstone	1	0.00015151515151515152
GIBBS	1	0.00015151515151515152
Woolmer	1	0.00015151515151515152
Adams	1	0.00015151515151515152
Kallis	1	0.00015151515151515152
Hansie	1	0.00015151515151515152
Jonty	1	0.00015151515151515152
Fanie	1	0.00015151515151515152
Daryll	1	0.00015151515151515152
Yuri	1	0.00015151515151515152
Vladislav	1	0.00015151515151515152
Donizetti	1	0.00015151515151515152
Zarak	1	0.00015151515151515152
Julien	1	0.00015151515151515152
Faheem	1	0.00015151515151515152
SELES	1	0.00015151515151515152
Courtois	1	0.00015151515151515152
MEDVEDEV	1	0.00015151515151515152
GRAF	1	0.00015151515151515152
Date	1	0.00015151515151515152
Maggie	1	0.00015151515151515152
SOSA	1	0.00015151515151515152
MARCELO	1	0.00015151515151515152
Henke	1	0.00015151515151515152
ROBSON	1	0.00015151515151515152
Julen	1	0.00015151515151515152
Robson	1	0.00015151515151515152
GABRICH	1	0.00015151515151515152
Iwan	1	0.00015151515151515152
Gabrich	1	0.00015151515151515152
Tijjani	1	0.00015151515151515152
Dani	1	0.00015151515151515152
Enrico	1	0.00015151515151515152
Ottavio	1	0.00015151515151515152
Arrigo	1	0.00015151515151515152
Ruggiero	1	0.00015151515151515152
Zickler	1	0.00015151515151515152
Rizzitelli	1	0.00015151515151515152
Sergio	1	0.00015151515151515152
Feldhoff	1	0.00015151515151515152
Akpoborie	1	0.00015151515151515152
Von	1	0.00015151515151515152
Hirsch	1	0.00015151515151515152
SMICER	1	0.00015151515151515152
Aime	1	0.00015151515151515152
Kader	1	0.00015151515151515152
Jean-Claude	1	0.00015151515151515152
Benoit	1	0.00015151515151515152
Leonardo	1	0.00015151515151515152
Schreuder	1	0.00015151515151515152
Vierklau	1	0.00015151515151515152
Vurens	1	0.00015151515151515152
Larsson	1	0.00015151515151515152
Schultz	1	0.00015151515151515152
Jongsma	1	0.00015151515151515152
Etienne	1	0.00015151515151515152
Vairelles	1	0.00015151515151515152
Ferhaoui	1	0.00015151515151515152
Lefevre	1	0.00015151515151515152
Giuly	1	0.00015151515151515152
Chaouch	1	0.00015151515151515152
Rouxel	1	0.00015151515151515152
Baret	1	0.00015151515151515152
Guivarch	1	0.00015151515151515152
Colleter	1	0.00015151515151515152
TENDULKAR	1	0.00015151515151515152
JAYASURIYA	1	0.00015151515151515152
Vass	1	0.00015151515151515152
Pushpakumara	1	0.00015151515151515152
Muralitharan	1	0.00015151515151515152
A.de	1	0.00015151515151515152
Tillekeratne	1	0.00015151515151515152
Kumble	1	0.00015151515151515152
Srinath	1	0.00015151515151515152
Kapoor	1	0.00015151515151515152
Jadeja	1	0.00015151515151515152
Ganguly	1	0.00015151515151515152
Anil	1	0.00015151515151515152
Ajay	1	0.00015151515151515152
Sourav	1	0.00015151515151515152
Vinod	1	0.00015151515151515152
Rahul	1	0.00015151515151515152
Nayan	1	0.00015151515151515152
Javagal	1	0.00015151515151515152
Venkatesh	1	0.00015151515151515152
Ashish	1	0.00015151515151515152
Princeton	1	0.00015151515151515152
Lyman	1	0.00015151515151515152
Basie	1	0.00015151515151515152
Botha	1	0.00015151515151515152
Leslie	1	0.00015151515151515152
Wolf	1	0.00015151515151515152
Huw	1	0.00015151515151515152
Francois-Rene	1	0.00015151515151515152
Napoleon	1	0.00015151515151515152
Geronimo	1	0.00015151515151515152
Darius	1	0.00015151515151515152
Edvard	1	0.00015151515151515152
Wilhelmina	1	0.00015151515151515152
Juliana	1	0.00015151515151515152
J.S.	1	0.00015151515151515152
E.F.	1	0.00015151515151515152
Inspector	1	0.00015151515151515152
Todor	1	0.00015151515151515152
Goschen	1	0.00015151515151515152
Woodforde	1	0.00015151515151515152
Garrett	1	0.00015151515151515152
Lambert	1	0.00015151515151515152
Fallah	1	0.00015151515151515152
Sewa	1	0.00015151515151515152
Chiluba	1	0.00015151515151515152
Frederick	1	0.00015151515151515152
Remmy	1	0.00015151515151515152
Mushota	1	0.00015151515151515152
Luminzu	1	0.00015151515151515152
Shimaponda	1	0.00015151515151515152
Sidia	1	0.00015151515151515152
Ousmane	1	0.00015151515151515152
Kaba	1	0.00015151515151515152
Alhadji	1	0.00015151515151515152
Taylor	1	0.00015151515151515152
Elisha	1	0.00015151515151515152
O.K.	1	0.00015151515151515152
Jerzy	1	0.00015151515151515152
Tritan	1	0.00015151515151515152
Shehu	1	0.00015151515151515152
Lajos	1	0.00015151515151515152
Adem	1	0.00015151515151515152
Husein	1	0.00015151515151515152
Mandolina	1	0.00015151515151515152
Toomas	1	0.00015151515151515152
Bernardo	1	0.00015151515151515152
Arce	1	0.00015151515151515152
Ernesto	1	0.00015151515151515152
Adolfo	1	0.00015151515151515152
Myles	1	0.00015151515151515152
Dutra	1	0.00015151515151515152
Pelletreau	1	0.00015151515151515152
Talabani	1	0.00015151515151515152
Abdulsamad	1	0.00015151515151515152
Nancy	1	0.00015151515151515152
Kemp	1	0.00015151515151515152
Mosier	1	0.00015151515151515152
Nsanze	1	0.00015151515151515152
Julius	1	0.00015151515151515152
Mothusi	1	0.00015151515151515152
Buyoya	1	0.00015151515151515152
Zardari	1	0.00015151515151515152
Nani	1	0.00015151515151515152
P.V.	1	0.00015151515151515152
N.J.	1	0.00015151515151515152
Bose	1	0.00015151515151515152
Chinnathambi	1	0.00015151515151515152
Arulanandam	1	0.00015151515151515152
Adelt	1	0.00015151515151515152
MILTIADIS	1	0.00015151515151515152
Simitis	1	0.00015151515151515152
Wafa	1	0.00015151515151515152
Mahmoud	1	0.00015151515151515152
Dore	1	0.00015151515151515152
Yitzhak	1	0.00015151515151515152
Ciller	1	0.00015151515151515152
Prodi	1	0.00015151515151515152
Head	1	0.00015151515151515152
Gale	1	0.00015151515151515152
Norton	1	0.00015151515151515152
Adolf	1	0.00015151515151515152
Theodoros	1	0.00015151515151515152
Fili	1	0.00015151515151515152
Caroline	1	0.00015151515151515152
Rainier	1	0.00015151515151515152
Grace	1	0.00015151515151515152
Houteman	1	0.00015151515151515152
Anita	1	0.00015151515151515152
Yannos	1	0.00015151515151515152
Constantine	1	0.00015151515151515152
Maryborough	1	0.00015151515151515152
Ta	1	0.00015151515151515152
Masayoshi	1	0.00015151515151515152
Yukio	1	0.00015151515151515152
Stromme	1	0.00015151515151515152
Hwa	1	0.00015151515151515152
Khaled	1	0.00015151515151515152
Nahed	1	0.00015151515151515152
Aleix	1	0.00015151515151515152
Abolhassan	1	0.00015151515151515152
Kiely	1	0.00015151515151515152
Goosen	1	0.00015151515151515152
Iain	1	0.00015151515151515152
Eriksson	1	0.00015151515151515152
Coltart	1	0.00015151515151515152
Affleck	1	0.00015151515151515152
SORENSEN	1	0.00015151515151515152
Giunluca	1	0.00015151515151515152
Wilfried	1	0.00015151515151515152
Bart	1	0.00015151515151515152
Ekimov	1	0.00015151515151515152
Dekker	1	0.00015151515151515152
Breukink	1	0.00015151515151515152
Voskamp	1	0.00015151515151515152
Moreau	1	0.00015151515151515152
Darryn	1	0.00015151515151515152
Florian	1	0.00015151515151515152
Georgios	1	0.00015151515151515152
Lampros	1	0.00015151515151515152
Vasilopoulos	1	0.00015151515151515152
Kathrin	1	0.00015151515151515152
CROFT	1	0.00015151515151515152
Anwar	1	0.00015151515151515152
Headley	1	0.00015151515151515152
LOMBARDI	1	0.00015151515151515152
Servais	1	0.00015151515151515152
Lombardi	1	0.00015151515151515152
Den	1	0.00015151515151515152
Lietti	1	0.00015151515151515152
TELFER	1	0.00015151515151515152
Telfer	1	0.00015151515151515152
GROBBELAAR	1	0.00015151515151515152
Bruce	1	0.00015151515151515152
Heng	1	0.00015151515151515152
Lila	1	0.00015151515151515152
Nanne	1	0.00015151515151515152
Wengert	1	0.00015151515151515152
Ozzie	1	0.00015151515151515152
Baldwin	1	0.00015151515151515152
Rick	1	0.00015151515151515152
Hentgen	1	0.00015151515151515152
Orel	1	0.00015151515151515152
Hershiser	1	0.00015151515151515152
MARTINEZ	1	0.00015151515151515152
Tauziat	1	0.00015151515151515152
NEAGLE	1	0.00015151515151515152
Ron	1	0.00015151515151515152
Andruw	1	0.00015151515151515152
Abdellaoui	1	0.00015151515151515152
Graef	1	0.00015151515151515152
BAILEY	1	0.00015151515151515152
Harrison	1	0.00015151515151515152
Lindy	1	0.00015151515151515152
Hasely	1	0.00015151515151515152
Gina	1	0.00015151515151515152
EMON	1	0.00015151515151515152
Emon	1	0.00015151515151515152
Ferdy	1	0.00015151515151515152
Veldman	1	0.00015151515151515152
Witschge	1	0.00015151515151515152
SPOT	1	0.00015151515151515152
Yoka	1	0.00015151515151515152
Idriss	1	0.00015151515151515152
Douati	1	0.00015151515151515152
Severin	1	0.00015151515151515152
Slobodan	1	0.00015151515151515152
Biljana	1	0.00015151515151515152
Artyom	1	0.00015151515151515152
Emanuil	1	0.00015151515151515152
Vukasin	1	0.00015151515151515152
Matos	1	0.00015151515151515152
Piotti	1	0.00015151515151515152
Mayor	1	0.00015151515151515152
Aguirre	1	0.00015151515151515152
Lucas	1	0.00015151515151515152
Chatichai	1	0.00015151515151515152
Chavalit	1	0.00015151515151515152
Dianne	1	0.00015151515151515152
Feinstein	1	0.00015151515151515152
Franklin	1	0.00015151515151515152
Goldstein	1	0.00015151515151515152
Schein	1	0.00015151515151515152
Earl	1	0.00015151515151515152
Feugill	1	0.00015151515151515152
Green	1	0.00015151515151515152
Shahid	1	0.00015151515151515152
Qotbuddin	1	0.00015151515151515152
Justice	1	0.00015151515151515152
Hari	1	0.00015151515151515152
DENVER	1	0.00015151515151515152
Sabourin	1	0.00015151515151515152
R	1	0.00015151515151515152
Elias	1	0.00015151515151515152
Randall	1	0.00015151515151515152
Gallagher	1	0.00015151515151515152
Patsy	1	0.00015151515151515152
Nigel	1	0.00015151515151515152
Leila	1	0.00015151515151515152
Abraham	1	0.00015151515151515152
Ulysses	1	0.00015151515151515152
Budge	1	0.00015151515151515152
Sylvie	1	0.00015151515151515152
Jean-Louis	1	0.00015151515151515152
Santa	1	0.00015151515151515152
Salvatore	1	0.00015151515151515152
Nitto	1	0.00015151515151515152
Botta	1	0.00015151515151515152
Pietro	1	0.00015151515151515152
Rune	1	0.00015151515151515152
Ilkka	1	0.00015151515151515152
Laasonen	1	0.00015151515151515152
Herbert	1	0.00015151515151515152
Joyce	1	0.00015151515151515152
Doreen	1	0.00015151515151515152
Lasa-Zabala	1	0.00015151515151515152
Donna	1	0.00015151515151515152
Perelstein	1	0.00015151515151515152
Ewald	1	0.00015151515151515152
BALLANGER	1	0.00015151515151515152
Samokhalova	1	0.00015151515151515152
Quigley	1	0.00015151515151515152
Faure	1	0.00015151515151515152
Dubnicoff	1	0.00015151515151515152
Neumann	1	0.00015151515151515152
Tatiana	1	0.00015151515151515152
Tea	1	0.00015151515151515152
KOMBOUARE	1	0.00015151515151515152
Morton	1	0.00015151515151515152
Norifumi	1	0.00015151515151515152
Luca	1	0.00015151515151515152
Tadayuki	1	0.00015151515151515152
Shinichi	1	0.00015151515151515152
Bradley	1	0.00015151515151515152
