Ahmed	41	0.009054770318021202
Akram	36	0.007950530035335688
Younis	25	0.005521201413427562
Khan	24	0.00530035335689046
Clinton	23	0.0050795053003533566
de	22	0.004858657243816254
Martin	22	0.004858657243816254
Teresa	20	0.00441696113074205
Sohail	19	0.004196113074204947
van	16	0.0035335689045936395
Sanchez	16	0.0035335689045936395
Anwar	16	0.0035335689045936395
Russell	15	0.0033127208480565372
Yeltsin	15	0.0033127208480565372
Malik	13	0.002871024734982332
Johnson	13	0.002871024734982332
Jones	12	0.00265017667844523
Arafat	12	0.00265017667844523
Rose	12	0.00265017667844523
Thorpe	12	0.00265017667844523
Brown	12	0.00265017667844523
Lebed	12	0.00265017667844523
Waugh	12	0.00265017667844523
Vicario	11	0.002429328621908127
Lewis	11	0.002429328621908127
White	10	0.002208480565371025
Atherton	10	0.002208480565371025
Crawley	10	0.002208480565371025
Mujtaba	10	0.002208480565371025
Ferreira	10	0.002208480565371025
Hill	10	0.002208480565371025
der	9	0.001987632508833922
Netanyahu	9	0.001987632508833922
Stewart	9	0.001987632508833922
Washington	9	0.001987632508833922
Philippoussis	9	0.001987632508833922
Woodbridge	9	0.001987632508833922
Williams	9	0.001987632508833922
Croft	8	0.0017667844522968198
Mullally	8	0.0017667844522968198
Rios	8	0.0017667844522968198
Van	8	0.0017667844522968198
Seles	8	0.0017667844522968198
Martinez	8	0.0017667844522968198
Gough	8	0.0017667844522968198
Dole	8	0.0017667844522968198
Simitis	7	0.0015459363957597172
Hussein	7	0.0015459363957597172
Campbell	7	0.0015459363957597172
Walker	7	0.0015459363957597172
Knight	7	0.0015459363957597172
Muster	7	0.0015459363957597172
Rafter	7	0.0015459363957597172
O'Brien	7	0.0015459363957597172
Sampras	7	0.0015459363957597172
Angel	7	0.0015459363957597172
Schumacher	7	0.0015459363957597172
Wilson	7	0.0015459363957597172
Armstrong	7	0.0015459363957597172
Brady	7	0.0015459363957597172
Kelly	7	0.0015459363957597172
Peres	6	0.001325088339222615
Mayfair	6	0.001325088339222615
Rocca	6	0.001325088339222615
Date	6	0.001325088339222615
Chang	6	0.001325088339222615
Bruguera	6	0.001325088339222615
Damm	6	0.001325088339222615
El	6	0.001325088339222615
Akam	6	0.001325088339222615
Tillstrom	6	0.001325088339222615
Rosset	6	0.001325088339222615
Pioline	6	0.001325088339222615
Stoltenberg	6	0.001325088339222615
Medvedev	6	0.001325088339222615
Costa	6	0.001325088339222615
Enqvist	6	0.001325088339222615
Lawrie	6	0.001325088339222615
Linhart	6	0.001325088339222615
Miller	6	0.001325088339222615
Huber	6	0.001325088339222615
Davenport	6	0.001325088339222615
Maskhadov	6	0.001325088339222615
Smith	6	0.001325088339222615
Fairbrother	6	0.001325088339222615
Anderson	6	0.001325088339222615
Mitchell	6	0.001325088339222615
Christie	6	0.001325088339222615
Turner	6	0.001325088339222615
Makinen	6	0.001325088339222615
Irani	6	0.001325088339222615
Brooke	6	0.001325088339222615
Dutroux	6	0.001325088339222615
Eriksson	6	0.001325088339222615
Morris	6	0.001325088339222615
Boardman	6	0.001325088339222615
Collinelli	6	0.001325088339222615
Lloyd	5	0.0011042402826855124
Kontogiannis	5	0.0011042402826855124
Norman	5	0.0011042402826855124
Kucera	5	0.0011042402826855124
Wells	5	0.0011042402826855124
Giles	5	0.0011042402826855124
Moxon	5	0.0011042402826855124
Ferguson	5	0.0011042402826855124
Korda	5	0.0011042402826855124
Vacek	5	0.0011042402826855124
Black	5	0.0011042402826855124
Ulihrach	5	0.0011042402826855124
Henman	5	0.0011042402826855124
Edberg	5	0.0011042402826855124
Stich	5	0.0011042402826855124
Davis	5	0.0011042402826855124
Broadhurst	5	0.0011042402826855124
Roe	5	0.0011042402826855124
Carter	5	0.0011042402826855124
Eales	5	0.0011042402826855124
Coetzer	5	0.0011042402826855124
Novotna	5	0.0011042402826855124
De	5	0.0011042402826855124
Berger	5	0.0011042402826855124
Villeneuve	5	0.0011042402826855124
Hakkinen	5	0.0011042402826855124
Alesi	5	0.0011042402826855124
Habsudova	5	0.0011042402826855124
Gooch	5	0.0011042402826855124
Woosnam	5	0.0011042402826855124
Cea	5	0.0011042402826855124
Bailey	5	0.0011042402826855124
Freeman	5	0.0011042402826855124
Lopez	5	0.0011042402826855124
Haj	5	0.0011042402826855124
Yihye	5	0.0011042402826855124
Erbakan	5	0.0011042402826855124
Ali	5	0.0011042402826855124
Kankkunen	5	0.0011042402826855124
Tendulkar	5	0.0011042402826855124
Maleeva	5	0.0011042402826855124
Boer	5	0.0011042402826855124
Strang	5	0.0011042402826855124
Reagan	5	0.0011042402826855124
Heeswijk	5	0.0011042402826855124
Silva	5	0.0011042402826855124
Pot	5	0.0011042402826855124
Levy	4	0.0008833922261484099
Juppe	4	0.0008833922261484099
Goydos	4	0.0008833922261484099
Stricker	4	0.0008833922261484099
Waldorf	4	0.0008833922261484099
Lehman	4	0.0008833922261484099
Games	4	0.0008833922261484099
Testud	4	0.0008833922261484099
Tauziat	4	0.0008833922261484099
Joyce	4	0.0008833922261484099
Reneberg	4	0.0008833922261484099
Fulton	4	0.0008833922261484099
Nixon	4	0.0008833922261484099
Vaughan	4	0.0008833922261484099
Hussain	4	0.0008833922261484099
Salisbury	4	0.0008833922261484099
Cork	4	0.0008833922261484099
Nestor	4	0.0008833922261484099
Ivanisevic	4	0.0008833922261484099
Carlsen	4	0.0008833922261484099
Berasategui	4	0.0008833922261484099
Voinea	4	0.0008833922261484099
Johansson	4	0.0008833922261484099
Krajicek	4	0.0008833922261484099
Agassi	4	0.0008833922261484099
Alami	4	0.0008833922261484099
Adams	4	0.0008833922261484099
Gustafsson	4	0.0008833922261484099
Palmer	4	0.0008833922261484099
Rodriguez	4	0.0008833922261484099
Young	4	0.0008833922261484099
Pyman	4	0.0008833922261484099
Lomas	4	0.0008833922261484099
Graf	4	0.0008833922261484099
Zvereva	4	0.0008833922261484099
Hingis	4	0.0008833922261484099
Coulthard	4	0.0008833922261484099
Frentzen	4	0.0008833922261484099
Brundle	4	0.0008833922261484099
Barrichello	4	0.0008833922261484099
Herbert	4	0.0008833922261484099
Panis	4	0.0008833922261484099
Robinson	4	0.0008833922261484099
Blakey	4	0.0008833922261484099
McGrath	4	0.0008833922261484099
Thompson	4	0.0008833922261484099
Warner	4	0.0008833922261484099
Masterkova	4	0.0008833922261484099
Mutola	4	0.0008833922261484099
Ames	4	0.0008833922261484099
Chapman	4	0.0008833922261484099
Ezinwa	4	0.0008833922261484099
Fredericks	4	0.0008833922261484099
Edwards	4	0.0008833922261484099
Markov	4	0.0008833922261484099
Santos	4	0.0008833922261484099
Davies	4	0.0008833922261484099
Weld	4	0.0008833922261484099
Roosevelt	4	0.0008833922261484099
Gronholm	4	0.0008833922261484099
Preston	4	0.0008833922261484099
Veldman	4	0.0008833922261484099
Kytolehto	4	0.0008833922261484099
King	4	0.0008833922261484099
Graham	4	0.0008833922261484099
Headley	4	0.0008833922261484099
O'Neill	4	0.0008833922261484099
Montgomerie	4	0.0008833922261484099
Allenby	4	0.0008833922261484099
Azharuddin	4	0.0008833922261484099
al-Kabariti	4	0.0008833922261484099
Botham	4	0.0008833922261484099
Fine	4	0.0008833922261484099
Olsza	4	0.0008833922261484099
Gastel	4	0.0008833922261484099
Flower	4	0.0008833922261484099
Hashimoto	4	0.0008833922261484099
Thomson	4	0.0008833922261484099
Wiesner	4	0.0008833922261484099
Clayton	4	0.0008833922261484099
Colonna	4	0.0008833922261484099
Koerts	4	0.0008833922261484099
Teutenberg	4	0.0008833922261484099
Capiot	4	0.0008833922261484099
Meri	4	0.0008833922261484099
Ruutel	4	0.0008833922261484099
Carling	4	0.0008833922261484099
Owens	4	0.0008833922261484099
Jayasuriya	4	0.0008833922261484099
Evert	4	0.0008833922261484099
Sary	4	0.0008833922261484099
Rabbani	3	0.0006625441696113075
Tanaka	3	0.0006625441696113075
Leonard	3	0.0006625441696113075
Brooks	3	0.0006625441696113075
Herron	3	0.0006625441696113075
Love	3	0.0006625441696113075
Forsbrand	3	0.0006625441696113075
Faldo	3	0.0006625441696113075
Cook	3	0.0006625441696113075
Els	3	0.0006625441696113075
Hoch	3	0.0006625441696113075
Roberts	3	0.0006625441696113075
Funk	3	0.0006625441696113075
Struver	3	0.0006625441696113075
Cejka	3	0.0006625441696113075
Sutton	3	0.0006625441696113075
Weibring	3	0.0006625441696113075
Bryant	3	0.0006625441696113075
Parry	3	0.0006625441696113075
Ginn	3	0.0006625441696113075
Pavin	3	0.0006625441696113075
Stadler	3	0.0006625441696113075
Stankowski	3	0.0006625441696113075
Furyk	3	0.0006625441696113075
Higashi	3	0.0006625441696113075
Wood	3	0.0006625441696113075
McCarron	3	0.0006625441696113075
Westner	3	0.0006625441696113075
Schneiter	3	0.0006625441696113075
Watson	3	0.0006625441696113075
Okuda	3	0.0006625441696113075
Weaver	3	0.0006625441696113075
Kijimuta	3	0.0006625441696113075
Kamio	3	0.0006625441696113075
Sugiyama	3	0.0006625441696113075
Aynaoui	3	0.0006625441696113075
Arazi	3	0.0006625441696113075
Cox	3	0.0006625441696113075
Lathwell	3	0.0006625441696113075
Symonds	3	0.0006625441696113075
Cowan	3	0.0006625441696113075
Simmons	3	0.0006625441696113075
Archer	3	0.0006625441696113075
Dowman	3	0.0006625441696113075
McNamara	3	0.0006625441696113075
Novak	3	0.0006625441696113075
Corretja	3	0.0006625441696113075
Furlan	3	0.0006625441696113075
Clavet	3	0.0006625441696113075
Gaudenzi	3	0.0006625441696113075
Woodruff	3	0.0006625441696113075
Millns	3	0.0006625441696113075
Woodforde	3	0.0006625441696113075
Wong	3	0.0006625441696113075
Chen	3	0.0006625441696113075
Rikl	3	0.0006625441696113075
Kafelnikov	3	0.0006625441696113075
Fleurian	3	0.0006625441696113075
Stark	3	0.0006625441696113075
Mantilla	3	0.0006625441696113075
Moya	3	0.0006625441696113075
Siemerink	3	0.0006625441696113075
Lapentti	3	0.0006625441696113075
Raoux	3	0.0006625441696113075
Knowles	3	0.0006625441696113075
Goossens	3	0.0006625441696113075
Frana	3	0.0006625441696113075
Courier	3	0.0006625441696113075
Grabb	3	0.0006625441696113075
Boetsch	3	0.0006625441696113075
Tarango	3	0.0006625441696113075
Radulescu	3	0.0006625441696113075
Gumy	3	0.0006625441696113075
Hlasek	3	0.0006625441696113075
Kennedy	3	0.0006625441696113075
Ripken	3	0.0006625441696113075
Bonilla	3	0.0006625441696113075
Guzman	3	0.0006625441696113075
Cocu	3	0.0006625441696113075
Riley	3	0.0006625441696113075
Darcy	3	0.0006625441696113075
Goosen	3	0.0006625441696113075
Suneson	3	0.0006625441696113075
Field	3	0.0006625441696113075
Westwood	3	0.0006625441696113075
Bjorn	3	0.0006625441696113075
Roca	3	0.0006625441696113075
Harrington	3	0.0006625441696113075
Gogele	3	0.0006625441696113075
Jonzon	3	0.0006625441696113075
Karlsson	3	0.0006625441696113075
Carlos	3	0.0006625441696113075
Ponting	3	0.0006625441696113075
Berkrot	3	0.0006625441696113075
Basuki	3	0.0006625441696113075
Dragomir	3	0.0006625441696113075
Murray	3	0.0006625441696113075
Fox	3	0.0006625441696113075
Drummond	3	0.0006625441696113075
Sabatini	3	0.0006625441696113075
Carlsson	3	0.0006625441696113075
Studenikova	3	0.0006625441696113075
Hooper	3	0.0006625441696113075
Curran	3	0.0006625441696113075
Pollock	3	0.0006625441696113075
Hock	3	0.0006625441696113075
Jr	3	0.0006625441696113075
Buhner	3	0.0006625441696113075
Finley	3	0.0006625441696113075
Fernandez	3	0.0006625441696113075
Lane	3	0.0006625441696113075
Maria	3	0.0006625441696113075
Boldon	3	0.0006625441696113075
Jackson	3	0.0006625441696113075
Voronova	3	0.0006625441696113075
Richardson	3	0.0006625441696113075
Garcia	3	0.0006625441696113075
Oliveira	3	0.0006625441696113075
Pinto	3	0.0006625441696113075
Muralitharan	3	0.0006625441696113075
Ranatunga	3	0.0006625441696113075
Healy	3	0.0006625441696113075
Lynch	3	0.0006625441696113075
Kohl	3	0.0006625441696113075
Muhammad	3	0.0006625441696113075
Talabani	3	0.0006625441696113075
Lee	3	0.0006625441696113075
Taylor	3	0.0006625441696113075
Sainz	3	0.0006625441696113075
Irvine	3	0.0006625441696113075
Salo	3	0.0006625441696113075
Diniz	3	0.0006625441696113075
Verstappen	3	0.0006625441696113075
Mickelson	3	0.0006625441696113075
Prichard	3	0.0006625441696113075
Kruger	3	0.0006625441696113075
Sar	3	0.0006625441696113075
Smicer	3	0.0006625441696113075
Boutros-Ghali	3	0.0006625441696113075
Lejeune	3	0.0006625441696113075
Russo	3	0.0006625441696113075
Marchal	3	0.0006625441696113075
Lambrecks	3	0.0006625441696113075
Antonio	3	0.0006625441696113075
Jensen	3	0.0006625441696113075
Doorn	3	0.0006625441696113075
Haga	3	0.0006625441696113075
Aoki	3	0.0006625441696113075
Maynard	3	0.0006625441696113075
Castilla	3	0.0006625441696113075
Marshall	3	0.0006625441696113075
Klerk	3	0.0006625441696113075
Weizman	3	0.0006625441696113075
Rashid	3	0.0006625441696113075
Dostum	3	0.0006625441696113075
Perry	3	0.0006625441696113075
Schultz-McCarthy	3	0.0006625441696113075
Sukova	3	0.0006625441696113075
Paulus	3	0.0006625441696113075
Haas	3	0.0006625441696113075
Courtois	3	0.0006625441696113075
Kock	3	0.0006625441696113075
Witschge	3	0.0006625441696113075
Shah	3	0.0006625441696113075
Evans	3	0.0006625441696113075
Dekker	3	0.0006625441696113075
Cesar	3	0.0006625441696113075
Rodham	3	0.0006625441696113075
Majoli	3	0.0006625441696113075
Ellwood	3	0.0006625441696113075
Po	3	0.0006625441696113075
McEwen	3	0.0006625441696113075
den	3	0.0006625441696113075
Wolf	3	0.0006625441696113075
Corini	3	0.0006625441696113075
Hincapie	3	0.0006625441696113075
Tikhomirov	3	0.0006625441696113075
PAULO	3	0.0006625441696113075
Ciller	3	0.0006625441696113075
Levenson	3	0.0006625441696113075
Coceres	3	0.0006625441696113075
Gilford	3	0.0006625441696113075
Hedblom	3	0.0006625441696113075
Moreau	3	0.0006625441696113075
Hutton	3	0.0006625441696113075
Jahan	3	0.0006625441696113075
Kaluwitharana	3	0.0006625441696113075
Konan	3	0.0006625441696113075
Ludwig	3	0.0006625441696113075
Bakker	3	0.0006625441696113075
Faure	3	0.0006625441696113075
Ballanger	3	0.0006625441696113075
Dubnicoff	3	0.0006625441696113075
Neumann	3	0.0006625441696113075
Mushtaq	3	0.0006625441696113075
Simpson	3	0.0006625441696113075
Zwingmann	2	0.00044169611307420494
Fischler	2	0.00044169611307420494
Shubei	2	0.00044169611307420494
Skandalidis	2	0.00044169611307420494
Rabinovich	2	0.00044169611307420494
Abu	2	0.00044169611307420494
Rdainah	2	0.00044169611307420494
Zhirinovsky	2	0.00044169611307420494
Couples	2	0.00044169611307420494
Lazar	2	0.00044169611307420494
Voica	2	0.00044169611307420494
Agius	2	0.00044169611307420494
Prescott	2	0.00044169611307420494
Duffield	2	0.00044169611307420494
Candy	2	0.00044169611307420494
Rutter	2	0.00044169611307420494
Golf	2	0.00044169611307420494
Lenham	2	0.00044169611307420494
Drakes	2	0.00044169611307420494
McCoist	2	0.00044169611307420494
Bak	2	0.00044169611307420494
Alexandrou	2	0.00044169611307420494
Horvath	2	0.00044169611307420494
Andersson	2	0.00044169611307420494
Fraser	2	0.00044169611307420494
Yigang	2	0.00044169611307420494
Kantharoopan	2	0.00044169611307420494
Indra	2	0.00044169611307420494
Zhilan	2	0.00044169611307420494
Susanto	2	0.00044169611307420494
Ning	2	0.00044169611307420494
Larsson	2	0.00044169611307420494
Volkov	2	0.00044169611307420494
Olhovskiy	2	0.00044169611307420494
Carretero	2	0.00044169611307420494
Burillo	2	0.00044169611307420494
Bjorkman	2	0.00044169611307420494
Schalken	2	0.00044169611307420494
Schaller	2	0.00044169611307420494
Stafford	2	0.00044169611307420494
Forget	2	0.00044169611307420494
Meligeni	2	0.00044169611307420494
Draper	2	0.00044169611307420494
Blanco	2	0.00044169611307420494
Kroslak	2	0.00044169611307420494
Matsuoka	2	0.00044169611307420494
Flach	2	0.00044169611307420494
Wilander	2	0.00044169611307420494
Haarhuis	2	0.00044169611307420494
Tebbutt	2	0.00044169611307420494
Karbacher	2	0.00044169611307420494
Ondruska	2	0.00044169611307420494
Humphries	2	0.00044169611307420494
Steeb	2	0.00044169611307420494
Wheaton	2	0.00044169611307420494
Kim	2	0.00044169611307420494
Simian	2	0.00044169611307420494
Dewulf	2	0.00044169611307420494
Filippini	2	0.00044169611307420494
Stolle	2	0.00044169611307420494
Pescosolido	2	0.00044169611307420494
Pereira	2	0.00044169611307420494
Kulti	2	0.00044169611307420494
Mamiit	2	0.00044169611307420494
Prinosil	2	0.00044169611307420494
Carbonell	2	0.00044169611307420494
Etchebarren	2	0.00044169611307420494
Greer	2	0.00044169611307420494
Tavarez	2	0.00044169611307420494
Key	2	0.00044169611307420494
Vaughn	2	0.00044169611307420494
Jaha	2	0.00044169611307420494
Numan	2	0.00044169611307420494
Nilis	2	0.00044169611307420494
Knup	2	0.00044169611307420494
Jorge	2	0.00044169611307420494
Vega	2	0.00044169611307420494
J.	2	0.00044169611307420494
Langer	2	0.00044169611307420494
Rafferty	2	0.00044169611307420494
Claydon	2	0.00044169611307420494
Smyth	2	0.00044169611307420494
Hawksworth	2	0.00044169611307420494
McGinley	2	0.00044169611307420494
Orr	2	0.00044169611307420494
Canizares	2	0.00044169611307420494
Coltart	2	0.00044169611307420494
Price	2	0.00044169611307420494
Marsh	2	0.00044169611307420494
Wakefield	2	0.00044169611307420494
Conte	2	0.00044169611307420494
Toure	2	0.00044169611307420494
Mandela	2	0.00044169611307420494
Komarica	2	0.00044169611307420494
Mubarak	2	0.00044169611307420494
Akashi	2	0.00044169611307420494
Primakov	2	0.00044169611307420494
Mia	2	0.00044169611307420494
Rangarajan	2	0.00044169611307420494
Murdoch	2	0.00044169611307420494
Sukarnoputri	2	0.00044169611307420494
Goldman	2	0.00044169611307420494
Harden	2	0.00044169611307420494
Munton	2	0.00044169611307420494
Illingworth	2	0.00044169611307420494
Lampitt	2	0.00044169611307420494
Robson	2	0.00044169611307420494
Ewe	2	0.00044169611307420494
Rubin	2	0.00044169611307420494
Devereaux	2	0.00044169611307420494
Charlton	2	0.00044169611307420494
O'Leary	2	0.00044169611307420494
Acre	2	0.00044169611307420494
Hissou	2	0.00044169611307420494
Borrego	2	0.00044169611307420494
Engquist	2	0.00044169611307420494
Bukovec	2	0.00044169611307420494
Adkins	2	0.00044169611307420494
Devers	2	0.00044169611307420494
Ottey	2	0.00044169611307420494
Torrence	2	0.00044169611307420494
Valle	2	0.00044169611307420494
Pieters	2	0.00044169611307420494
Ottoz	2	0.00044169611307420494
Onyali	2	0.00044169611307420494
Privalova	2	0.00044169611307420494
Cuthbert	2	0.00044169611307420494
Crowley	2	0.00044169611307420494
Kosgei	2	0.00044169611307420494
Mills	2	0.00044169611307420494
Kamoga	2	0.00044169611307420494
Sturrup	2	0.00044169611307420494
Ogunkoya	2	0.00044169611307420494
Malone	2	0.00044169611307420494
Tanui	2	0.00044169611307420494
Mayock	2	0.00044169611307420494
Koech	2	0.00044169611307420494
Barros	2	0.00044169611307420494
Todt	2	0.00044169611307420494
Sammer	2	0.00044169611307420494
Freund	2	0.00044169611307420494
Schneider	2	0.00044169611307420494
Koepke	2	0.00044169611307420494
Helmer	2	0.00044169611307420494
Bierhoff	2	0.00044169611307420494
Klinsmann	2	0.00044169611307420494
Axworthy	2	0.00044169611307420494
Rahman	2	0.00044169611307420494
Tsang	2	0.00044169611307420494
Bolger	2	0.00044169611307420494
Birch	2	0.00044169611307420494
Ibrahim	2	0.00044169611307420494
Barzani	2	0.00044169611307420494
Pelletreau	2	0.00044169611307420494
Zemin	2	0.00044169611307420494
Wolk	2	0.00044169611307420494
Henderson	2	0.00044169611307420494
Grech	2	0.00044169611307420494
McRae	2	0.00044169611307420494
Richards	2	0.00044169611307420494
Katayama	2	0.00044169611307420494
Lamy	2	0.00044169611307420494
Maruyama	2	0.00044169611307420494
Parsons	2	0.00044169611307420494
Alleyne	2	0.00044169611307420494
Julian	2	0.00044169611307420494
Spiring	2	0.00044169611307420494
Watkinson	2	0.00044169611307420494
Speak	2	0.00044169611307420494
Ferdinand	2	0.00044169611307420494
Westhuizen	2	0.00044169611307420494
Culhane	2	0.00044169611307420494
Tomasson	2	0.00044169611307420494
Drobnjak	2	0.00044169611307420494
Gravelaine	2	0.00044169611307420494
Wreh	2	0.00044169611307420494
Charles	2	0.00044169611307420494
Chamorro	2	0.00044169611307420494
McCurry	2	0.00044169611307420494
Maso	2	0.00044169611307420494
Lovell	2	0.00044169611307420494
Bourlet	2	0.00044169611307420494
Moore	2	0.00044169611307420494
Noce	2	0.00044169611307420494
Hansen	2	0.00044169611307420494
Renk	2	0.00044169611307420494
Pukstys	2	0.00044169611307420494
Malakwen	2	0.00044169611307420494
Radstrom	2	0.00044169611307420494
Takeda	2	0.00044169611307420494
Yoshikawa	2	0.00044169611307420494
Corser	2	0.00044169611307420494
Kocinski	2	0.00044169611307420494
Slight	2	0.00044169611307420494
Francesco	2	0.00044169611307420494
Chili	2	0.00044169611307420494
Crafar	2	0.00044169611307420494
Gobert	2	0.00044169611307420494
Hodgson	2	0.00044169611307420494
Hoddle	2	0.00044169611307420494
Anderton	2	0.00044169611307420494
Mieciel	2	0.00044169611307420494
Palmeiro	2	0.00044169611307420494
Abbott	2	0.00044169611307420494
Wickman	2	0.00044169611307420494
McGriff	2	0.00044169611307420494
Piazza	2	0.00044169611307420494
Batistuta	2	0.00044169611307420494
Savicevic	2	0.00044169611307420494
Tabarez	2	0.00044169611307420494
Davids	2	0.00044169611307420494
Ferrigato	2	0.00044169611307420494
Bartoli	2	0.00044169611307420494
Museeuw	2	0.00044169611307420494
Sciandri	2	0.00044169611307420494
Baker	2	0.00044169611307420494
Taument	2	0.00044169611307420494
Arum	2	0.00044169611307420494
Blind	2	0.00044169611307420494
Fitzpatrick	2	0.00044169611307420494
Bunce	2	0.00044169611307420494
Tutu	2	0.00044169611307420494
Botha	2	0.00044169611307420494
Weinstein	2	0.00044169611307420494
Hekmatyar	2	0.00044169611307420494
Khaleda	2	0.00044169611307420494
Zia	2	0.00044169611307420494
Rush	2	0.00044169611307420494
Gibbs	2	0.00044169611307420494
Cottey	2	0.00044169611307420494
Weston	2	0.00044169611307420494
Gonzalez	2	0.00044169611307420494
Montolio	2	0.00044169611307420494
Jing-Qian	2	0.00044169611307420494
Finn	2	0.00044169611307420494
Sidot	2	0.00044169611307420494
Vitoux	2	0.00044169611307420494
Delgado	2	0.00044169611307420494
Nagyova	2	0.00044169611307420494
Schett	2	0.00044169611307420494
Torrens-Valero	2	0.00044169611307420494
Spirlea	2	0.00044169611307420494
Jose	2	0.00044169611307420494
Gaidano	2	0.00044169611307420494
Dier	2	0.00044169611307420494
Kournikova	2	0.00044169611307420494
Rittner	2	0.00044169611307420494
Brandi	2	0.00044169611307420494
Gorrochategui	2	0.00044169611307420494
Oncins	2	0.00044169611307420494
Shi-Ting	2	0.00044169611307420494
Wild	2	0.00044169611307420494
Pitkowski	2	0.00044169611307420494
Randriantefy	2	0.00044169611307420494
Paes	2	0.00044169611307420494
Fusai	2	0.00044169611307420494
Dechy	2	0.00044169611307420494
Chi	2	0.00044169611307420494
Callens	2	0.00044169611307420494
Baudone	2	0.00044169611307420494
Foster	2	0.00044169611307420494
Gagne	2	0.00044169611307420494
Sosa	2	0.00044169611307420494
Hiddink	2	0.00044169611307420494
Jonk	2	0.00044169611307420494
Bergkamp	2	0.00044169611307420494
Slater	2	0.00044169611307420494
Law	2	0.00044169611307420494
Bevan	2	0.00044169611307420494
Hogg	2	0.00044169611307420494
Reiffel	2	0.00044169611307420494
Wishart	2	0.00044169611307420494
Whittall	2	0.00044169611307420494
Streak	2	0.00044169611307420494
Brandes	2	0.00044169611307420494
Fleming	2	0.00044169611307420494
Frowick	2	0.00044169611307420494
Chernomyrdin	2	0.00044169611307420494
Yastrzhembsky	2	0.00044169611307420494
Hueite	2	0.00044169611307420494
Zyrecha	2	0.00044169611307420494
Kors	2	0.00044169611307420494
Valerio	2	0.00044169611307420494
Moreno	2	0.00044169611307420494
Grant	2	0.00044169611307420494
Gingrich	2	0.00044169611307420494
Kemp	2	0.00044169611307420494
Reeve	2	0.00044169611307420494
Gephardt	2	0.00044169611307420494
Daschle	2	0.00044169611307420494
Hinckley	2	0.00044169611307420494
Le	2	0.00044169611307420494
Gras	2	0.00044169611307420494
Silpa-archa	2	0.00044169611307420494
Ballesteros	2	0.00044169611307420494
Osborne	2	0.00044169611307420494
Kabir	2	0.00044169611307420494
Cairns	2	0.00044169611307420494
Harris	2	0.00044169611307420494
Frenz	2	0.00044169611307420494
Kneipp	2	0.00044169611307420494
Zaman	2	0.00044169611307420494
Gul	2	0.00044169611307420494
Szymanski	2	0.00044169611307420494
Pavel	2	0.00044169611307420494
Grande	2	0.00044169611307420494
Swardt	2	0.00044169611307420494
Labat	2	0.00044169611307420494
Suarez	2	0.00044169611307420494
Grossman	2	0.00044169611307420494
Wagner	2	0.00044169611307420494
Boogert	2	0.00044169611307420494
Campana	2	0.00044169611307420494
Kschwendt	2	0.00044169611307420494
Arendt	2	0.00044169611307420494
Likhovtseva	2	0.00044169611307420494
Langrova	2	0.00044169611307420494
Whitlinger	2	0.00044169611307420494
Frazier	2	0.00044169611307420494
Raymond	2	0.00044169611307420494
Dopfer	2	0.00044169611307420494
Sawamatsu	2	0.00044169611307420494
Oremans	2	0.00044169611307420494
Blijlevens	2	0.00044169611307420494
Marial	2	0.00044169611307420494
Markvart	2	0.00044169611307420494
Laca	2	0.00044169611307420494
Gajdos	2	0.00044169611307420494
Sierd	2	0.00044169611307420494
Zylstra	2	0.00044169611307420494
Hendrika	2	0.00044169611307420494
Coers	2	0.00044169611307420494
Huizinga	2	0.00044169611307420494
Henrique	2	0.00044169611307420494
Cardoso	2	0.00044169611307420494
Lanusse	2	0.00044169611307420494
Demirel	2	0.00044169611307420494
Perot	2	0.00044169611307420494
Das	2	0.00044169611307420494
Rifkind	2	0.00044169611307420494
Kan	2	0.00044169611307420494
May	2	0.00044169611307420494
Canonica	2	0.00044169611307420494
Howell	2	0.00044169611307420494
Sellberg	2	0.00044169611307420494
Haeggman	2	0.00044169611307420494
Gates	2	0.00044169611307420494
McAllister	2	0.00044169611307420494
HEESWIJK	2	0.00044169611307420494
Zabel	2	0.00044169611307420494
Zanoli	2	0.00044169611307420494
Citterio	2	0.00044169611307420494
Ozers	2	0.00044169611307420494
Szonn	2	0.00044169611307420494
Sandstod	2	0.00044169611307420494
Friedick	2	0.00044169611307420494
Lausberg	2	0.00044169611307420494
Thuet	2	0.00044169611307420494
Georgalis	2	0.00044169611307420494
Neiwand	2	0.00044169611307420494
Hubner	2	0.00044169611307420494
Gane	2	0.00044169611307420494
Curuchet	2	0.00044169611307420494
Ayres	2	0.00044169611307420494
Neagle	2	0.00044169611307420494
Sheffield	2	0.00044169611307420494
Mehrtens	2	0.00044169611307420494
Boje	2	0.00044169611307420494
Crookes	2	0.00044169611307420494
Eyles	2	0.00044169611307420494
Nicol	2	0.00044169611307420494
Ryan	2	0.00044169611307420494
Power	2	0.00044169611307420494
Shabana	2	0.00044169611307420494
Pantic	2	0.00044169611307420494
Stoichkov	2	0.00044169611307420494
Eduardo	2	0.00044169611307420494
Esnaider	2	0.00044169611307420494
Pires	2	0.00044169611307420494
Foe	2	0.00044169611307420494
Loko	2	0.00044169611307420494
Thiel	2	0.00044169611307420494
Jadeja	2	0.00044169611307420494
Ganguly	2	0.00044169611307420494
Kambli	2	0.00044169611307420494
Dravid	2	0.00044169611307420494
Srinath	2	0.00044169611307420494
Kumble	2	0.00044169611307420494
Mongia	2	0.00044169611307420494
Prasad	2	0.00044169611307420494
Kapoor	2	0.00044169611307420494
Gurusinha	2	0.00044169611307420494
Mahanama	2	0.00044169611307420494
Dharmasena	2	0.00044169611307420494
Vaas	2	0.00044169611307420494
Pushpakumara	2	0.00044169611307420494
III	2	0.00044169611307420494
(	2	0.00044169611307420494
)	2	0.00044169611307420494
Bedie	2	0.00044169611307420494
Bush	2	0.00044169611307420494
Frost	2	0.00044169611307420494
Leopold	2	0.00044169611307420494
Bhutto	2	0.00044169611307420494
Sharif	2	0.00044169611307420494
Gilardi	2	0.00044169611307420494
Akbel	2	0.00044169611307420494
Rainier	2	0.00044169611307420494
Georgiopoulos	2	0.00044169611307420494
Mouly	2	0.00044169611307420494
Hasan	2	0.00044169611307420494
O'Malley	2	0.00044169611307420494
Walton	2	0.00044169611307420494
Jimenez	2	0.00044169611307420494
Lebouc	2	0.00044169611307420494
Sorensen	2	0.00044169611307420494
Lietti	2	0.00044169611307420494
Hassan	2	0.00044169611307420494
Gallagher	2	0.00044169611307420494
Samokhalova	2	0.00044169611307420494
Quigley	2	0.00044169611307420494
Fatkoullina	2	0.00044169611307420494
Haringa	2	0.00044169611307420494
Lancien	2	0.00044169611307420494
Blackburn	1	0.00022084805653710247
Pas	1	0.00022084805653710247
Palacio	1	0.00022084805653710247
Hendrix	1	0.00022084805653710247
Etchingham	1	0.00022084805653710247
Chan	1	0.00022084805653710247
Guofang	1	0.00022084805653710247
Dominion	1	0.00022084805653710247
Siegel	1	0.00022084805653710247
Ben-Elissar	1	0.00022084805653710247
al-	1	0.00022084805653710247
Awdankiewicz	1	0.00022084805653710247
Hafidh	1	0.00022084805653710247
Rajavi	1	0.00022084805653710247
Rastegar	1	0.00022084805653710247
Gush	1	0.00022084805653710247
Maslowe	1	0.00022084805653710247
Bath	1	0.00022084805653710247
Auchard	1	0.00022084805653710247
Ascot	1	0.00022084805653710247
Berry	1	0.00022084805653710247
Wang	1	0.00022084805653710247
Dalglish	1	0.00022084805653710247
Keane	1	0.00022084805653710247
Carraz	1	0.00022084805653710247
Lareau	1	0.00022084805653710247
DeFreitas	1	0.00022084805653710247
Kundic	1	0.00022084805653710247
Kovasevic	1	0.00022084805653710247
Koprinovic	1	0.00022084805653710247
Markou	1	0.00022084805653710247
Ivar	1	0.00022084805653710247
Mjelde	1	0.00022084805653710247
Ove	1	0.00022084805653710247
Pedersen	1	0.00022084805653710247
Rutherford	1	0.00022084805653710247
Simeonov	1	0.00022084805653710247
Polverino	1	0.00022084805653710247
Zarins	1	0.00022084805653710247
Beser	1	0.00022084805653710247
Mumler	1	0.00022084805653710247
Cvetko	1	0.00022084805653710247
Gunda	1	0.00022084805653710247
Mistr	1	0.00022084805653710247
Siegl	1	0.00022084805653710247
Svoboda	1	0.00022084805653710247
McPherson	1	0.00022084805653710247
Sabag	1	0.00022084805653710247
Kapeta	1	0.00022084805653710247
Cibola	1	0.00022084805653710247
Rogachev	1	0.00022084805653710247
Skidan	1	0.00022084805653710247
Newcombe	1	0.00022084805653710247
Roche	1	0.00022084805653710247
Samad	1	0.00022084805653710247
Ismail	1	0.00022084805653710247
Dijk	1	0.00022084805653710247
Subandoro	1	0.00022084805653710247
Permadi	1	0.00022084805653710247
Borg	1	0.00022084805653710247
Jian	1	0.00022084805653710247
Andrievskaqya	1	0.00022084805653710247
Chia	1	0.00022084805653710247
Fong	1	0.00022084805653710247
Zhichao	1	0.00022084805653710247
Lufung	1	0.00022084805653710247
Yaqiong	1	0.00022084805653710247
Feng	1	0.00022084805653710247
Magnusson	1	0.00022084805653710247
Boopathy	1	0.00022084805653710247
Rudd	1	0.00022084805653710247
Chesnokov	1	0.00022084805653710247
Dreekman	1	0.00022084805653710247
Rusedski	1	0.00022084805653710247
Hadad	1	0.00022084805653710247
Spadea	1	0.00022084805653710247
JOHNSON	1	0.00022084805653710247
Goldiner	1	0.00022084805653710247
Regan	1	0.00022084805653710247
Cochrane	1	0.00022084805653710247
Bench	1	0.00022084805653710247
Lofton	1	0.00022084805653710247
Vosberg	1	0.00022084805653710247
Hitchcock	1	0.00022084805653710247
Erickson	1	0.00022084805653710247
Hoiles	1	0.00022084805653710247
Dickson	1	0.00022084805653710247
Jeter	1	0.00022084805653710247
Stanley	1	0.00022084805653710247
Brosius	1	0.00022084805653710247
Ausmus	1	0.00022084805653710247
Valentin	1	0.00022084805653710247
Fringer	1	0.00022084805653710247
Pascolo	1	0.00022084805653710247
Zuberbuehler	1	0.00022084805653710247
Henchoz	1	0.00022084805653710247
Hottiger	1	0.00022084805653710247
Quentin	1	0.00022084805653710247
Wicky	1	0.00022084805653710247
Comisetti	1	0.00022084805653710247
Esposito	1	0.00022084805653710247
Fournier	1	0.00022084805653710247
Ohrel	1	0.00022084805653710247
Sylvestre	1	0.00022084805653710247
Sesa	1	0.00022084805653710247
Sforza	1	0.00022084805653710247
Yakin	1	0.00022084805653710247
Turkyilmaz	1	0.00022084805653710247
Bonvin	1	0.00022084805653710247
Chapuisat	1	0.00022084805653710247
Nyman	1	0.00022084805653710247
Anglert	1	0.00022084805653710247
Tunnicliff	1	0.00022084805653710247
Cevaer	1	0.00022084805653710247
Rivero	1	0.00022084805653710247
Wills	1	0.00022084805653710247
Pinero	1	0.00022084805653710247
Mouland	1	0.00022084805653710247
Marco	1	0.00022084805653710247
Gildea	1	0.00022084805653710247
Bennett	1	0.00022084805653710247
Chalker	1	0.00022084805653710247
Ndiaye	1	0.00022084805653710247
Victor	1	0.00022084805653710247
Malu	1	0.00022084805653710247
Inienger	1	0.00022084805653710247
Nyakyi	1	0.00022084805653710247
Sekou	1	0.00022084805653710247
Hoffmann	1	0.00022084805653710247
Booy	1	0.00022084805653710247
Socha	1	0.00022084805653710247
Barkhatov	1	0.00022084805653710247
Dmitrieva	1	0.00022084805653710247
Sheets	1	0.00022084805653710247
Pineda	1	0.00022084805653710247
Webb	1	0.00022084805653710247
Brunswijk	1	0.00022084805653710247
Pinas	1	0.00022084805653710247
Gajadhar	1	0.00022084805653710247
Bouterse	1	0.00022084805653710247
Siu	1	0.00022084805653710247
Man	1	0.00022084805653710247
Downer	1	0.00022084805653710247
Qichen	1	0.00022084805653710247
Lama	1	0.00022084805653710247
Makkawi	1	0.00022084805653710247
Said	1	0.00022084805653710247
Taha	1	0.00022084805653710247
Seale	1	0.00022084805653710247
Fahim	1	0.00022084805653710247
Rayyan	1	0.00022084805653710247
al-Turabi	1	0.00022084805653710247
Mavituna	1	0.00022084805653710247
Machado	1	0.00022084805653710247
Fajardo	1	0.00022084805653710247
Kevorkian	1	0.00022084805653710247
Aranosian	1	0.00022084805653710247
Fieger	1	0.00022084805653710247
Poland	1	0.00022084805653710247
Siebens	1	0.00022084805653710247
Gehrig	1	0.00022084805653710247
Curren	1	0.00022084805653710247
Gray	1	0.00022084805653710247
Lauck	1	0.00022084805653710247
Bertram	1	0.00022084805653710247
Mauruschat	1	0.00022084805653710247
Kanther	1	0.00022084805653710247
Sieg	1	0.00022084805653710247
Claverie	1	0.00022084805653710247
Charette	1	0.00022084805653710247
Spring	1	0.00022084805653710247
Quilter	1	0.00022084805653710247
Erdmann	1	0.00022084805653710247
Ischinger	1	0.00022084805653710247
Kinkel	1	0.00022084805653710247
Goldiman	1	0.00022084805653710247
Gujral	1	0.00022084805653710247
Gupta	1	0.00022084805653710247
Deve	1	0.00022084805653710247
Gowda	1	0.00022084805653710247
of	1	0.00022084805653710247
the	1	0.00022084805653710247
Gutters	1	0.00022084805653710247
Goinxha	1	0.00022084805653710247
Bejaxhiu	1	0.00022084805653710247
Hickey	1	0.00022084805653710247
Westlake	1	0.00022084805653710247
Chatuparisut	1	0.00022084805653710247
Jui	1	0.00022084805653710247
Khotin	1	0.00022084805653710247
Kuchma	1	0.00022084805653710247
Knobl	1	0.00022084805653710247
Udovenko	1	0.00022084805653710247
Buzuku	1	0.00022084805653710247
Hamiti	1	0.00022084805653710247
Volkova	1	0.00022084805653710247
Solovyov	1	0.00022084805653710247
Cruise	1	0.00022084805653710247
Palma	1	0.00022084805653710247
Penberthy	1	0.00022084805653710247
Ravanelli	1	0.00022084805653710247
Mulder	1	0.00022084805653710247
Teichmann	1	0.00022084805653710247
Markgraaff	1	0.00022084805653710247
Snyman	1	0.00022084805653710247
Schalkwyk	1	0.00022084805653710247
Hendriks	1	0.00022084805653710247
Gang	1	0.00022084805653710247
RUBIN	1	0.00022084805653710247
Pierce	1	0.00022084805653710247
Becker	1	0.00022084805653710247
Moyer	1	0.00022084805653710247
Sorrento	1	0.00022084805653710247
Griffey	1	0.00022084805653710247
Coppinger	1	0.00022084805653710247
Clemens	1	0.00022084805653710247
Stairs	1	0.00022084805653710247
Tinsley	1	0.00022084805653710247
Steinbach	1	0.00022084805653710247
DiSarcina	1	0.00022084805653710247
Edmonds	1	0.00022084805653710247
Rogers	1	0.00022084805653710247
Fryman	1	0.00022084805653710247
Nieves	1	0.00022084805653710247
Easley	1	0.00022084805653710247
Belcher	1	0.00022084805653710247
Hanson	1	0.00022084805653710247
Brumfield	1	0.00022084805653710247
Miguel	1	0.00022084805653710247
Predrosa	1	0.00022084805653710247
Besirovic	1	0.00022084805653710247
Luis	1	0.00022084805653710247
Vidigal	1	0.00022084805653710247
Hadji	1	0.00022084805653710247
Trulsen	1	0.00022084805653710247
Max	1	0.00022084805653710247
Springer	1	0.00022084805653710247
Sabotzik	1	0.00022084805653710247
Baeron	1	0.00022084805653710247
Spoerl	1	0.00022084805653710247
HISSOU	1	0.00022084805653710247
Gebreselassie	1	0.00022084805653710247
Wachtel	1	0.00022084805653710247
Willison	1	0.00022084805653710247
Coles	1	0.00022084805653710247
Mason	1	0.00022084805653710247
Lanner	1	0.00022084805653710247
Webster	1	0.00022084805653710247
Kingdom	1	0.00022084805653710247
Wyludda	1	0.00022084805653710247
Dietzsch	1	0.00022084805653710247
Sadova	1	0.00022084805653710247
Bergmann	1	0.00022084805653710247
Grasu	1	0.00022084805653710247
Chernyavskaya	1	0.00022084805653710247
Yatchenko	1	0.00022084805653710247
Graudin	1	0.00022084805653710247
Baumann	1	0.00022084805653710247
Girard-Leno	1	0.00022084805653710247
Bowles	1	0.00022084805653710247
Asselman	1	0.00022084805653710247
Grossard	1	0.00022084805653710247
N'Senga	1	0.00022084805653710247
Lisabeth	1	0.00022084805653710247
Brunet	1	0.00022084805653710247
Ribeiro	1	0.00022084805653710247
Barsosio	1	0.00022084805653710247
Radcliffe	1	0.00022084805653710247
Vaquero	1	0.00022084805653710247
McKiernan	1	0.00022084805653710247
Peters	1	0.00022084805653710247
Konga	1	0.00022084805653710247
Surin	1	0.00022084805653710247
Matete	1	0.00022084805653710247
Zellner	1	0.00022084805653710247
Bruwier	1	0.00022084805653710247
Kovacs	1	0.00022084805653710247
Dollendorf	1	0.00022084805653710247
Gaines	1	0.00022084805653710247
Pintusevich	1	0.00022084805653710247
Jacobs	1	0.00022084805653710247
Djate	1	0.00022084805653710247
Sacramento	1	0.00022084805653710247
Podkopayeva	1	0.00022084805653710247
Pells	1	0.00022084805653710247
Thorsett	1	0.00022084805653710247
Delahunty	1	0.00022084805653710247
Keter	1	0.00022084805653710247
Sang	1	0.00022084805653710247
Kiptanui	1	0.00022084805653710247
Chirchir	1	0.00022084805653710247
Khattabi	1	0.00022084805653710247
Barngetuny	1	0.00022084805653710247
Barmasai	1	0.00022084805653710247
Maybank	1	0.00022084805653710247
Baulch	1	0.00022084805653710247
Bada	1	0.00022084805653710247
Kitur	1	0.00022084805653710247
Rouser	1	0.00022084805653710247
Stevens	1	0.00022084805653710247
Wymeersch	1	0.00022084805653710247
Rydz	1	0.00022084805653710247
Smolders	1	0.00022084805653710247
Jaeghere	1	0.00022084805653710247
Berlanda	1	0.00022084805653710247
Matthijs	1	0.00022084805653710247
Trandenkova	1	0.00022084805653710247
Feagin	1	0.00022084805653710247
Malchugina	1	0.00022084805653710247
Perec	1	0.00022084805653710247
Yussuf	1	0.00022084805653710247
Benesova	1	0.00022084805653710247
Mercken	1	0.00022084805653710247
Komen	1	0.00022084805653710247
Boulami	1	0.00022084805653710247
Hassane	1	0.00022084805653710247
Lahssini	1	0.00022084805653710247
Nyariki	1	0.00022084805653710247
Morceli	1	0.00022084805653710247
Bayesa	1	0.00022084805653710247
Keino	1	0.00022084805653710247
Riedel	1	0.00022084805653710247
Dubrovshchik	1	0.00022084805653710247
Alekna	1	0.00022084805653710247
Schult	1	0.00022084805653710247
Kaptyukh	1	0.00022084805653710247
Kidikas	1	0.00022084805653710247
Mollenbeck	1	0.00022084805653710247
Quesada	1	0.00022084805653710247
Wellman	1	0.00022084805653710247
Harrison	1	0.00022084805653710247
Agyepong	1	0.00022084805653710247
Nachum	1	0.00022084805653710247
Njerve	1	0.00022084805653710247
Guerrouj	1	0.00022084805653710247
Viciosa	1	0.00022084805653710247
Maru	1	0.00022084805653710247
O'Sullivan	1	0.00022084805653710247
Rotich	1	0.00022084805653710247
Impens	1	0.00022084805653710247
Kostadinova	1	0.00022084805653710247
Babakova	1	0.00022084805653710247
Astafei	1	0.00022084805653710247
Motkova	1	0.00022084805653710247
Zalevskaya	1	0.00022084805653710247
Gulyayeva	1	0.00022084805653710247
Haugland	1	0.00022084805653710247
Boshova	1	0.00022084805653710247
Zilinskiene	1	0.00022084805653710247
Tergat	1	0.00022084805653710247
Kiptum	1	0.00022084805653710247
Nizigama	1	0.00022084805653710247
Ntawulikura	1	0.00022084805653710247
Anton	1	0.00022084805653710247
Maase	1	0.00022084805653710247
Bekila	1	0.00022084805653710247
Stefko	1	0.00022084805653710247
Sousa	1	0.00022084805653710247
Baia	1	0.00022084805653710247
Correia	1	0.00022084805653710247
Cristovao	1	0.00022084805653710247
Secretario	1	0.00022084805653710247
Teixeira	1	0.00022084805653710247
Couto	1	0.00022084805653710247
Barroso	1	0.00022084805653710247
Figo	1	0.00022084805653710247
Cruz	1	0.00022084805653710247
Sa	1	0.00022084805653710247
Vieira	1	0.00022084805653710247
Cadete	1	0.00022084805653710247
Folha	1	0.00022084805653710247
Vogts	1	0.00022084805653710247
Kahn	1	0.00022084805653710247
Reck	1	0.00022084805653710247
Babbel	1	0.00022084805653710247
Kohler	1	0.00022084805653710247
Reuter	1	0.00022084805653710247
Basler	1	0.00022084805653710247
Bode	1	0.00022084805653710247
Eilts	1	0.00022084805653710247
Haessler	1	0.00022084805653710247
Moeller	1	0.00022084805653710247
Scholl	1	0.00022084805653710247
Strunz	1	0.00022084805653710247
Ziege	1	0.00022084805653710247
Bobic	1	0.00022084805653710247
Kuntz	1	0.00022084805653710247
Battersby	1	0.00022084805653710247
Paris	1	0.00022084805653710247
Buffett	1	0.00022084805653710247
Harmon	1	0.00022084805653710247
Tanaki	1	0.00022084805653710247
Lazarek	1	0.00022084805653710247
Phelan	1	0.00022084805653710247
Shelling	1	0.00022084805653710247
Butare	1	0.00022084805653710247
Siemiatkowski	1	0.00022084805653710247
Schmidbauer	1	0.00022084805653710247
Hincza	1	0.00022084805653710247
Shabazov	1	0.00022084805653710247
Goncharova	1	0.00022084805653710247
Granic	1	0.00022084805653710247
Bucaram	1	0.00022084805653710247
Alatas	1	0.00022084805653710247
Ariwibowo	1	0.00022084805653710247
McKinnon	1	0.00022084805653710247
Sabbagh	1	0.00022084805653710247
Khalaf	1	0.00022084805653710247
Kafawin	1	0.00022084805653710247
II	1	0.00022084805653710247
Harper	1	0.00022084805653710247
Glickman	1	0.00022084805653710247
Kerry	1	0.00022084805653710247
Wilcox	1	0.00022084805653710247
Peng	1	0.00022084805653710247
Chandra	1	0.00022084805653710247
Lohani	1	0.00022084805653710247
Munakarmi	1	0.00022084805653710247
K.C.	1	0.00022084805653710247
Coughlan	1	0.00022084805653710247
Nisbet	1	0.00022084805653710247
Stenning	1	0.00022084805653710247
Birnberg	1	0.00022084805653710247
Altun	1	0.00022084805653710247
Nacar	1	0.00022084805653710247
Nadeau	1	0.00022084805653710247
Luehrs	1	0.00022084805653710247
Gutenstein	1	0.00022084805653710247
Hagelin	1	0.00022084805653710247
Enderle	1	0.00022084805653710247
Winkler	1	0.00022084805653710247
Stephens	1	0.00022084805653710247
Pierog	1	0.00022084805653710247
Quac	1	0.00022084805653710247
Phan	1	0.00022084805653710247
Jewell	1	0.00022084805653710247
Barnes	1	0.00022084805653710247
Jordan	1	0.00022084805653710247
Vrolijk	1	0.00022084805653710247
Stephnopoulos	1	0.00022084805653710247
Stephanopoulos	1	0.00022084805653710247
Hishem	1	0.00022084805653710247
Mohammed	1	0.00022084805653710247
Harvey	1	0.00022084805653710247
Hurley	1	0.00022084805653710247
Howard	1	0.00022084805653710247
O'Donnell	1	0.00022084805653710247
Ringer	1	0.00022084805653710247
Thiry	1	0.00022084805653710247
Lavaggi	1	0.00022084805653710247
Richardt	1	0.00022084805653710247
O'Meara	1	0.00022084805653710247
Ilott	1	0.00022084805653710247
Windows	1	0.00022084805653710247
Hewson	1	0.00022084805653710247
Hancock	1	0.00022084805653710247
Renshaw	1	0.00022084805653710247
Bovill	1	0.00022084805653710247
Ambrose	1	0.00022084805653710247
Ripley	1	0.00022084805653710247
Noon	1	0.00022084805653710247
Shearer	1	0.00022084805653710247
Keegan	1	0.00022084805653710247
Stefanovic	1	0.00022084805653710247
Asprilla	1	0.00022084805653710247
Pembridge	1	0.00022084805653710247
Whittingham	1	0.00022084805653710247
LeBoeuf	1	0.00022084805653710247
Vialli	1	0.00022084805653710247
Stransky	1	0.00022084805653710247
Strydom	1	0.00022084805653710247
Stranksy	1	0.00022084805653710247
Wouden	1	0.00022084805653710247
Bogarde	1	0.00022084805653710247
Litmanen	1	0.00022084805653710247
Overmars	1	0.00022084805653710247
Dahl	1	0.00022084805653710247
Becanovic	1	0.00022084805653710247
Scifo	1	0.00022084805653710247
Penrose	1	0.00022084805653710247
Malardeau	1	0.00022084805653710247
Alloush	1	0.00022084805653710247
Stroud	1	0.00022084805653710247
Ejiohuo	1	0.00022084805653710247
Banda	1	0.00022084805653710247
Sithole	1	0.00022084805653710247
Mugabe	1	0.00022084805653710247
Gatera	1	0.00022084805653710247
wa	1	0.00022084805653710247
Dondo	1	0.00022084805653710247
Gcaleka	1	0.00022084805653710247
Nano	1	0.00022084805653710247
Berisha	1	0.00022084805653710247
Pellumbi	1	0.00022084805653710247
Marx	1	0.00022084805653710247
Ruci	1	0.00022084805653710247
Norbu	1	0.00022084805653710247
Khalfallah	1	0.00022084805653710247
Moada	1	0.00022084805653710247
Chammari	1	0.00022084805653710247
Boulahya	1	0.00022084805653710247
Mestiri	1	0.00022084805653710247
Ben	1	0.00022084805653710247
Jaafar	1	0.00022084805653710247
Takht	1	0.00022084805653710247
Ravanchi	1	0.00022084805653710247
McQuillan	1	0.00022084805653710247
Reno	1	0.00022084805653710247
Avila	1	0.00022084805653710247
Olascoaga	1	0.00022084805653710247
Mugica	1	0.00022084805653710247
Ruehe	1	0.00022084805653710247
Bossi	1	0.00022084805653710247
Cimicchi	1	0.00022084805653710247
Benigni	1	0.00022084805653710247
Stevanin	1	0.00022084805653710247
dal	1	0.00022084805653710247
Clerck	1	0.00022084805653710247
Ortega	1	0.00022084805653710247
Lara	1	0.00022084805653710247
Bidzos	1	0.00022084805653710247
Bui	1	0.00022084805653710247
Wagle	1	0.00022084805653710247
Zuleeg	1	0.00022084805653710247
Dreekmann	1	0.00022084805653710247
Smets	1	0.00022084805653710247
Jan	1	0.00022084805653710247
Martens	1	0.00022084805653710247
Dirkx	1	0.00022084805653710247
Theybers	1	0.00022084805653710247
Boonen	1	0.00022084805653710247
Lalcher	1	0.00022084805653710247
Manne	1	0.00022084805653710247
Nielsen	1	0.00022084805653710247
Tortelli	1	0.00022084805653710247
Seguy	1	0.00022084805653710247
Kanstinger	1	0.00022084805653710247
Charlier	1	0.00022084805653710247
Camerlengo	1	0.00022084805653710247
Belometti	1	0.00022084805653710247
Vialle	1	0.00022084805653710247
Dugmore	1	0.00022084805653710247
Malin	1	0.00022084805653710247
Fanton	1	0.00022084805653710247
Belim	1	0.00022084805653710247
Olofsson	1	0.00022084805653710247
della	1	0.00022084805653710247
Ballace	1	0.00022084805653710247
Grouillard	1	0.00022084805653710247
Bscher	1	0.00022084805653710247
Kox	1	0.00022084805653710247
Giroix	1	0.00022084805653710247
Deletraz	1	0.00022084805653710247
Owen-Jones	1	0.00022084805653710247
Raphanel	1	0.00022084805653710247
Brabham	1	0.00022084805653710247
Gounon	1	0.00022084805653710247
Bernard	1	0.00022084805653710247
Eichmann	1	0.00022084805653710247
Ruch	1	0.00022084805653710247
Kelleners	1	0.00022084805653710247
Ortelli	1	0.00022084805653710247
Wollek	1	0.00022084805653710247
Konrad	1	0.00022084805653710247
Euser	1	0.00022084805653710247
Wada	1	0.00022084805653710247
Furuya	1	0.00022084805653710247
Kasparkova	1	0.00022084805653710247
Matescu	1	0.00022084805653710247
Hemmings	1	0.00022084805653710247
Marken	1	0.00022084805653710247
McPaul	1	0.00022084805653710247
Crooks	1	0.00022084805653710247
Bathel	1	0.00022084805653710247
Manson	1	0.00022084805653710247
Lobinger	1	0.00022084805653710247
Backley	1	0.00022084805653710247
Nieland	1	0.00022084805653710247
Regis	1	0.00022084805653710247
Austin	1	0.00022084805653710247
Forsyth	1	0.00022084805653710247
Sjoberg	1	0.00022084805653710247
Rodal	1	0.00022084805653710247
Whiteman	1	0.00022084805653710247
Mackie	1	0.00022084805653710247
Fujiwara	1	0.00022084805653710247
Fogarty	1	0.00022084805653710247
Ryo	1	0.00022084805653710247
Takeishi	1	0.00022084805653710247
Kitigawa	1	0.00022084805653710247
Byas	1	0.00022084805653710247
Hinchcliffe	1	0.00022084805653710247
Hollioake	1	0.00022084805653710247
Bachirou	1	0.00022084805653710247
Prusek	1	0.00022084805653710247
Wojciechowski	1	0.00022084805653710247
Dembinski	1	0.00022084805653710247
Wieczorek	1	0.00022084805653710247
Berensztain	1	0.00022084805653710247
Citko	1	0.00022084805653710247
Fedoruk	1	0.00022084805653710247
Jackiewicz	1	0.00022084805653710247
Jamroz	1	0.00022084805653710247
Moskal	1	0.00022084805653710247
Piskula	1	0.00022084805653710247
Tetteh	1	0.00022084805653710247
Zagorski	1	0.00022084805653710247
Wijaya	1	0.00022084805653710247
Thomsen	1	0.00022084805653710247
Stuer-Lauridsen	1	0.00022084805653710247
Hong	1	0.00022084805653710247
Lu	1	0.00022084805653710247
Soon	1	0.00022084805653710247
Kit	1	0.00022084805653710247
Wan	1	0.00022084805653710247
Wah	1	0.00022084805653710247
Fook	1	0.00022084805653710247
Alomar	1	0.00022084805653710247
Darren	1	0.00022084805653710247
Bragg	1	0.00022084805653710247
Seitzer	1	0.00022084805653710247
Hulse	1	0.00022084805653710247
Cordova	1	0.00022084805653710247
Lawton	1	0.00022084805653710247
Whitehurst	1	0.00022084805653710247
Rosado	1	0.00022084805653710247
Tucker	1	0.00022084805653710247
Clontz	1	0.00022084805653710247
Burks	1	0.00022084805653710247
Bichette	1	0.00022084805653710247
Candiotti	1	0.00022084805653710247
Hollandsworth	1	0.00022084805653710247
Hamilton	1	0.00022084805653710247
Segui	1	0.00022084805653710247
Stottlemyre	1	0.00022084805653710247
Reynolds	1	0.00022084805653710247
Jardel	1	0.00022084805653710247
Conde	1	0.00022084805653710247
Wozniak	1	0.00022084805653710247
Carneiro	1	0.00022084805653710247
Baltasar	1	0.00022084805653710247
Schwarz	1	0.00022084805653710247
Baresi	1	0.00022084805653710247
Toldo	1	0.00022084805653710247
Desailly	1	0.00022084805653710247
Weah	1	0.00022084805653710247
Baggio	1	0.00022084805653710247
McNulty	1	0.00022084805653710247
Nobilo	1	0.00022084805653710247
Payne	1	0.00022084805653710247
Casagrande	1	0.00022084805653710247
Baronti	1	0.00022084805653710247
Vandenbroucke	1	0.00022084805653710247
Baldato	1	0.00022084805653710247
Fondriest	1	0.00022084805653710247
Jalabert	1	0.00022084805653710247
Zanini	1	0.00022084805653710247
Gontchenkov	1	0.00022084805653710247
Colombo	1	0.00022084805653710247
Tchmil	1	0.00022084805653710247
Thul	1	0.00022084805653710247
Emerson	1	0.00022084805653710247
Gorre	1	0.00022084805653710247
Faber	1	0.00022084805653710247
Waterreus	1	0.00022084805653710247
Sion	1	0.00022084805653710247
Petrovic	1	0.00022084805653710247
Atteveld	1	0.00022084805653710247
Looi	1	0.00022084805653710247
Wanrooy	1	0.00022084805653710247
Endt	1	0.00022084805653710247
Singh	1	0.00022084805653710247
Sidhu	1	0.00022084805653710247
Hart	1	0.00022084805653710247
Mbeki	1	0.00022084805653710247
Currin	1	0.00022084805653710247
Coetzee	1	0.00022084805653710247
Boraine	1	0.00022084805653710247
Viljoen	1	0.00022084805653710247
Gagiano	1	0.00022084805653710247
Lodge	1	0.00022084805653710247
Arnaut	1	0.00022084805653710247
Efendija	1	0.00022084805653710247
Camdzic	1	0.00022084805653710247
Mehemdagic	1	0.00022084805653710247
Ganic	1	0.00022084805653710247
Shkirko	1	0.00022084805653710247
Stremaitis	1	0.00022084805653710247
Udugov	1	0.00022084805653710247
Maenmuan	1	0.00022084805653710247
Amitai	1	0.00022084805653710247
Saleh	1	0.00022084805653710247
Ahmad	1	0.00022084805653710247
Jalil	1	0.00022084805653710247
Muasher	1	0.00022084805653710247
Shumer	1	0.00022084805653710247
Tamir	1	0.00022084805653710247
O'Neal	1	0.00022084805653710247
Clercq	1	0.00022084805653710247
Zicot	1	0.00022084805653710247
Pignon	1	0.00022084805653710247
Dehaan	1	0.00022084805653710247
Thily	1	0.00022084805653710247
Chirac	1	0.00022084805653710247
Islam	1	0.00022084805653710247
Marushko	1	0.00022084805653710247
Deere	1	0.00022084805653710247
Odnosum	1	0.00022084805653710247
Stalin	1	0.00022084805653710247
Borsuk	1	0.00022084805653710247
Sypron	1	0.00022084805653710247
Cheary	1	0.00022084805653710247
Gilbertson	1	0.00022084805653710247
Mercer	1	0.00022084805653710247
Kuhn	1	0.00022084805653710247
Hunte	1	0.00022084805653710247
Martyn	1	0.00022084805653710247
Sullivan	1	0.00022084805653710247
Newlove	1	0.00022084805653710247
Goulding	1	0.00022084805653710247
Lindholm	1	0.00022084805653710247
Lampi	1	0.00022084805653710247
Madeira	1	0.00022084805653710247
Medeghini	1	0.00022084805653710247
Sharpe	1	0.00022084805653710247
Wilkinson	1	0.00022084805653710247
AKRAM	1	0.00022084805653710247
Dev	1	0.00022084805653710247
Hadlee	1	0.00022084805653710247
Lillee	1	0.00022084805653710247
Willis	1	0.00022084805653710247
Trueman	1	0.00022084805653710247
Walsh	1	0.00022084805653710247
Llong	1	0.00022084805653710247
Salas	1	0.00022084805653710247
Gleeson	1	0.00022084805653710247
Caboche	1	0.00022084805653710247
Mocude	1	0.00022084805653710247
Salou	1	0.00022084805653710247
Popov	1	0.00022084805653710247
Maslova	1	0.00022084805653710247
Smirnov	1	0.00022084805653710247
Homewood	1	0.00022084805653710247
Castro	1	0.00022084805653710247
Centeno	1	0.00022084805653710247
Pavon	1	0.00022084805653710247
Miyaga	1	0.00022084805653710247
Husarova	1	0.00022084805653710247
Miyagi	1	0.00022084805653710247
Leon	1	0.00022084805653710247
Pizzichini	1	0.00022084805653710247
Appelmans	1	0.00022084805653710247
Hack	1	0.00022084805653710247
Begerow	1	0.00022084805653710247
Schnell	1	0.00022084805653710247
Tramacchi	1	0.00022084805653710247
Richterova	1	0.00022084805653710247
Deville	1	0.00022084805653710247
Glass	1	0.00022084805653710247
Grzybowska	1	0.00022084805653710247
Morariu	1	0.00022084805653710247
Park	1	0.00022084805653710247
Shaughnessy	1	0.00022084805653710247
Makarova	1	0.00022084805653710247
Godwin	1	0.00022084805653710247
Craybas	1	0.00022084805653710247
Jecmenica	1	0.00022084805653710247
Singer	1	0.00022084805653710247
Lorenzo	1	0.00022084805653710247
Bradtke	1	0.00022084805653710247
Watanabe	1	0.00022084805653710247
Kandarr	1	0.00022084805653710247
Houston	1	0.00022084805653710247
Wilkins	1	0.00022084805653710247
Ericks	1	0.00022084805653710247
Renteria	1	0.00022084805653710247
Boles	1	0.00022084805653710247
Fenandez	1	0.00022084805653710247
Hubbard	1	0.00022084805653710247
Curtis	1	0.00022084805653710247
Reed	1	0.00022084805653710247
Caminiti	1	0.00022084805653710247
Bagwell	1	0.00022084805653710247
Wall	1	0.00022084805653710247
Bonds	1	0.00022084805653710247
Goey	1	0.00022084805653710247
Stam	1	0.00022084805653710247
Reiziger	1	0.00022084805653710247
Winter	1	0.00022084805653710247
Seedorf	1	0.00022084805653710247
Cruyff	1	0.00022084805653710247
la	1	0.00022084805653710247
Pena	1	0.00022084805653710247
Flemming	1	0.00022084805653710247
Schork	1	0.00022084805653710247
Kuperman	1	0.00022084805653710247
Jessen-Petersen	1	0.00022084805653710247
Macdonald	1	0.00022084805653710247
Stanojlovic	1	0.00022084805653710247
Kukic	1	0.00022084805653710247
Bencevic	1	0.00022084805653710247
Raichev	1	0.00022084805653710247
Valkov	1	0.00022084805653710247
Semerdjieva	1	0.00022084805653710247
Mironov	1	0.00022084805653710247
Grabowski	1	0.00022084805653710247
Wisinga	1	0.00022084805653710247
Susana	1	0.00022084805653710247
Siegfried	1	0.00022084805653710247
Rojas	1	0.00022084805653710247
Cervera	1	0.00022084805653710247
Tricks	1	0.00022084805653710247
Turrent	1	0.00022084805653710247
Guillermo	1	0.00022084805653710247
Londono	1	0.00022084805653710247
Zarraga	1	0.00022084805653710247
Pearson	1	0.00022084805653710247
Fagan	1	0.00022084805653710247
Specter	1	0.00022084805653710247
Abdullah	1	0.00022084805653710247
Freeh	1	0.00022084805653710247
Moussa	1	0.00022084805653710247
Lerner	1	0.00022084805653710247
Nelson	1	0.00022084805653710247
Talbott	1	0.00022084805653710247
Mamedov	1	0.00022084805653710247
Janis	1	0.00022084805653710247
Posner	1	0.00022084805653710247
Gore	1	0.00022084805653710247
Scott	1	0.00022084805653710247
Clean	1	0.00022084805653710247
McCullough	1	0.00022084805653710247
Manuel	1	0.00022084805653710247
Prieto	1	0.00022084805653710247
Shaxson	1	0.00022084805653710247
Machnee	1	0.00022084805653710247
Reid	1	0.00022084805653710247
Ting	1	0.00022084805653710247
Tapie	1	0.00022084805653710247
Lelouche	1	0.00022084805653710247
Seguin	1	0.00022084805653710247
Toubon	1	0.00022084805653710247
Wijffels	1	0.00022084805653710247
West	1	0.00022084805653710247
Ekeus	1	0.00022084805653710247
Aziz	1	0.00022084805653710247
Harb	1	0.00022084805653710247
Karame	1	0.00022084805653710247
Sant	1	0.00022084805653710247
Muralidaran	1	0.00022084805653710247
Santorelli	1	0.00022084805653710247
Ackerman	1	0.00022084805653710247
Fernandes	1	0.00022084805653710247
Harding	1	0.00022084805653710247
Eddie	1	0.00022084805653710247
Watts	1	0.00022084805653710247
Djiwandono	1	0.00022084805653710247
Olazabal	1	0.00022084805653710247
Warzycha	1	0.00022084805653710247
Malekos	1	0.00022084805653710247
Cloete	1	0.00022084805653710247
Wath	1	0.00022084805653710247
Wessels	1	0.00022084805653710247
McLeod	1	0.00022084805653710247
Ball	1	0.00022084805653710247
Halford	1	0.00022084805653710247
Ealham	1	0.00022084805653710247
Caddick	1	0.00022084805653710247
Hick	1	0.00022084805653710247
Latif	1	0.00022084805653710247
Fletcher	1	0.00022084805653710247
Cozma	1	0.00022084805653710247
Lupu	1	0.00022084805653710247
Roman	1	0.00022084805653710247
Chaloner	1	0.00022084805653710247
Heath	1	0.00022084805653710247
Faizy	1	0.00022084805653710247
Meads	1	0.00022084805653710247
Thoren	1	0.00022084805653710247
Dechaume-Balleret	1	0.00022084805653710247
Roost	1	0.00022084805653710247
Rinaldi	1	0.00022084805653710247
Stunkel	1	0.00022084805653710247
Gavaldon	1	0.00022084805653710247
Werdel	1	0.00022084805653710247
Witmeyer	1	0.00022084805653710247
Farina	1	0.00022084805653710247
Caldwell	1	0.00022084805653710247
Serra-Zanetti	1	0.00022084805653710247
Poruri	1	0.00022084805653710247
Cash	1	0.00022084805653710247
Veglio	1	0.00022084805653710247
Ruud	1	0.00022084805653710247
Jabali	1	0.00022084805653710247
Bobkova	1	0.00022084805653710247
Capriati	1	0.00022084805653710247
Cacic	1	0.00022084805653710247
Nagatsuka	1	0.00022084805653710247
Shriver	1	0.00022084805653710247
Ruano-Pascual	1	0.00022084805653710247
Kirzan	1	0.00022084805653710247
Hiraki	1	0.00022084805653710247
Cecchini	1	0.00022084805653710247
Lubiani	1	0.00022084805653710247
Sawy	1	0.00022084805653710247
Neiland	1	0.00022084805653710247
McNeil	1	0.00022084805653710247
Garrison	1	0.00022084805653710247
Stubbs	1	0.00022084805653710247
Zrubakova	1	0.00022084805653710247
Pozzi	1	0.00022084805653710247
Skoch	1	0.00022084805653710247
VanLandingham	1	0.00022084805653710247
Galarraga	1	0.00022084805653710247
Swift	1	0.00022084805653710247
Benes	1	0.00022084805653710247
Howe	1	0.00022084805653710247
Eldred	1	0.00022084805653710247
Miranda	1	0.00022084805653710247
Thome	1	0.00022084805653710247
Nagy	1	0.00022084805653710247
Lira	1	0.00022084805653710247
Joe	1	0.00022084805653710247
Peltonen	1	0.00022084805653710247
Ylonen	1	0.00022084805653710247
Selanne	1	0.00022084805653710247
Lumme	1	0.00022084805653710247
Ojanen	1	0.00022084805653710247
Ruuttu	1	0.00022084805653710247
Bonk	1	0.00022084805653710247
Reichel	1	0.00022084805653710247
Dopita	1	0.00022084805653710247
Cyprien	1	0.00022084805653710247
Moura	1	0.00022084805653710247
Hegi	1	0.00022084805653710247
Facchinetti	1	0.00022084805653710247
Gress	1	0.00022084805653710247
Bugno	1	0.00022084805653710247
Steels	1	0.00022084805653710247
Leoni	1	0.00022084805653710247
Braber	1	0.00022084805653710247
Omloop	1	0.00022084805653710247
Hoffman	1	0.00022084805653710247
Talen	1	0.00022084805653710247
Bartha	1	0.00022084805653710247
Sitanyi	1	0.00022084805653710247
Erdei	1	0.00022084805653710247
McCarthy	1	0.00022084805653710247
Kernaghan	1	0.00022084805653710247
Daish	1	0.00022084805653710247
Given	1	0.00022084805653710247
Irwin	1	0.00022084805653710247
Babb	1	0.00022084805653710247
Kenna	1	0.00022084805653710247
Breen	1	0.00022084805653710247
Harte	1	0.00022084805653710247
Cunningham	1	0.00022084805653710247
Staunton	1	0.00022084805653710247
Townsend	1	0.00022084805653710247
Houghton	1	0.00022084805653710247
Farrelly	1	0.00022084805653710247
McLoughlin	1	0.00022084805653710247
McAteer	1	0.00022084805653710247
Cascarino	1	0.00022084805653710247
Quinn	1	0.00022084805653710247
Smerdon	1	0.00022084805653710247
Garang	1	0.00022084805653710247
Batchelor	1	0.00022084805653710247
Barton	1	0.00022084805653710247
Riel	1	0.00022084805653710247
Carey	1	0.00022084805653710247
Iacomella	1	0.00022084805653710247
Mazzolari	1	0.00022084805653710247
Kuznets	1	0.00022084805653710247
Guldimann	1	0.00022084805653710247
Kwasniewski	1	0.00022084805653710247
Kucan	1	0.00022084805653710247
Drnovsek	1	0.00022084805653710247
Iliescu	1	0.00022084805653710247
Nastase	1	0.00022084805653710247
Funar	1	0.00022084805653710247
Goldsmith	1	0.00022084805653710247
Kranich	1	0.00022084805653710247
Xhelili	1	0.00022084805653710247
Boudova	1	0.00022084805653710247
Quarracino	1	0.00022084805653710247
Bernini	1	0.00022084805653710247
Sobral	1	0.00022084805653710247
Nicaretta	1	0.00022084805653710247
Alvarado	1	0.00022084805653710247
Schutte	1	0.00022084805653710247
Machuca	1	0.00022084805653710247
Lugo	1	0.00022084805653710247
Covas	1	0.00022084805653710247
Cristina	1	0.00022084805653710247
Havel	1	0.00022084805653710247
Sam	1	0.00022084805653710247
Domingo	1	0.00022084805653710247
Peron	1	0.00022084805653710247
Levingston	1	0.00022084805653710247
Campora	1	0.00022084805653710247
Solano	1	0.00022084805653710247
Lima	1	0.00022084805653710247
Menendez	1	0.00022084805653710247
Bell	1	0.00022084805653710247
Komala	1	0.00022084805653710247
Ki-choo	1	0.00022084805653710247
Jiaxuan	1	0.00022084805653710247
Muratovic	1	0.00022084805653710247
Barkho	1	0.00022084805653710247
Fulcheri	1	0.00022084805653710247
Zejjari	1	0.00022084805653710247
Elsner	1	0.00022084805653710247
Hall	1	0.00022084805653710247
Casey	1	0.00022084805653710247
Michelman	1	0.00022084805653710247
McKinney	1	0.00022084805653710247
Mashadov	1	0.00022084805653710247
Stallone	1	0.00022084805653710247
Flavin	1	0.00022084805653710247
Bloch	1	0.00022084805653710247
DeJesus	1	0.00022084805653710247
Norris	1	0.00022084805653710247
Garrity	1	0.00022084805653710247
Pudvah	1	0.00022084805653710247
Sivasiththamparam	1	0.00022084805653710247
Chandraratne	1	0.00022084805653710247
Kumaratunga	1	0.00022084805653710247
Banerjee	1	0.00022084805653710247
John	1	0.00022084805653710247
Paul	1	0.00022084805653710247
Gopal	1	0.00022084805653710247
Bhattacharya	1	0.00022084805653710247
Salahuddin	1	0.00022084805653710247
Masood	1	0.00022084805653710247
Rohrabacher	1	0.00022084805653710247
Ibrahimi	1	0.00022084805653710247
Sharma	1	0.00022084805653710247
Bahadur	1	0.00022084805653710247
Khadga	1	0.00022084805653710247
Rasheed	1	0.00022084805653710247
Choudhury	1	0.00022084805653710247
Munk	1	0.00022084805653710247
Schiphorst	1	0.00022084805653710247
Buettner	1	0.00022084805653710247
Boston	1	0.00022084805653710247
Liwaya	1	0.00022084805653710247
Grimwade	1	0.00022084805653710247
Xenos	1	0.00022084805653710247
Collin	1	0.00022084805653710247
Peiris	1	0.00022084805653710247
Drew	1	0.00022084805653710247
Island	1	0.00022084805653710247
Bongo	1	0.00022084805653710247
Yuan-dong	1	0.00022084805653710247
Hashem	1	0.00022084805653710247
Zighayer	1	0.00022084805653710247
Levitt	1	0.00022084805653710247
Lindsey	1	0.00022084805653710247
Berkeley	1	0.00022084805653710247
Berlusconi	1	0.00022084805653710247
Loewen	1	0.00022084805653710247
Ninova	1	0.00022084805653710247
Drechsler	1	0.00022084805653710247
Giaconi	1	0.00022084805653710247
Rokmeier	1	0.00022084805653710247
Makarov	1	0.00022084805653710247
Blank	1	0.00022084805653710247
Tilli	1	0.00022084805653710247
Vaccari	1	0.00022084805653710247
Ochieng	1	0.00022084805653710247
Bresciani	1	0.00022084805653710247
Muller	1	0.00022084805653710247
Rysich	1	0.00022084805653710247
Fidelia	1	0.00022084805653710247
Quirot	1	0.00022084805653710247
Vriesde	1	0.00022084805653710247
Kreissig	1	0.00022084805653710247
Matusevitch	1	0.00022084805653710247
Buiatti	1	0.00022084805653710247
Kibet	1	0.00022084805653710247
Kibitok	1	0.00022084805653710247
Ovchinnikova	1	0.00022084805653710247
Shikolenko	1	0.00022084805653710247
Angeli	1	0.00022084805653710247
Torshina	1	0.00022084805653710247
Knoroz	1	0.00022084805653710247
Bronson	1	0.00022084805653710247
Ridgeon	1	0.00022084805653710247
Kipkosgei	1	0.00022084805653710247
Lambruschini	1	0.00022084805653710247
Cage	1	0.00022084805653710247
Bottomley	1	0.00022084805653710247
Fulke	1	0.00022084805653710247
Haglund	1	0.00022084805653710247
Fasth	1	0.00022084805653710247
Johnstone	1	0.00022084805653710247
McFarlane	1	0.00022084805653710247
Hospital	1	0.00022084805653710247
Pappas	1	0.00022084805653710247
Velde	1	0.00022084805653710247
Rojahn	1	0.00022084805653710247
Briggs	1	0.00022084805653710247
Lausgberg	1	0.00022084805653710247
Eijden	1	0.00022084805653710247
Gritson	1	0.00022084805653710247
Eiden	1	0.00022084805653710247
Krejner	1	0.00022084805653710247
Kiksis	1	0.00022084805653710247
Kojima	1	0.00022084805653710247
Sharman	1	0.00022084805653710247
Escuredo	1	0.00022084805653710247
MacLean	1	0.00022084805653710247
Meidlinger	1	0.00022084805653710247
McKenzie-Potter	1	0.00022084805653710247
Shiohara	1	0.00022084805653710247
Zyl	1	0.00022084805653710247
Nothstein	1	0.00022084805653710247
Magne	1	0.00022084805653710247
Buran	1	0.00022084805653710247
Martinelli	1	0.00022084805653710247
Villa	1	0.00022084805653710247
McGrory	1	0.00022084805653710247
Pate	1	0.00022084805653710247
Kappes	1	0.00022084805653710247
Betschart	1	0.00022084805653710247
Risi	1	0.00022084805653710247
Post	1	0.00022084805653710247
immi	1	0.00022084805653710247
Madsen	1	0.00022084805653710247
Veggerby	1	0.00022084805653710247
Galvez-Lopez	1	0.00022084805653710247
Llaneras	1	0.00022084805653710247
Kotzmann	1	0.00022084805653710247
Stocher	1	0.00022084805653710247
Capelle	1	0.00022084805653710247
Monin	1	0.00022084805653710247
Obree	1	0.00022084805653710247
Gritsoun	1	0.00022084805653710247
McManaman	1	0.00022084805653710247
Fowler	1	0.00022084805653710247
Howey	1	0.00022084805653710247
Gascoigne	1	0.00022084805653710247
Batty	1	0.00022084805653710247
Trigger	1	0.00022084805653710247
Redgrave	1	0.00022084805653710247
Pinsent	1	0.00022084805653710247
Gatting	1	0.00022084805653710247
Stephenson	1	0.00022084805653710247
Chappell	1	0.00022084805653710247
Guscott	1	0.00022084805653710247
Underwood	1	0.00022084805653710247
Nomo	1	0.00022084805653710247
Santiago	1	0.00022084805653710247
Amaro	1	0.00022084805653710247
Smoltz	1	0.00022084805653710247
Petkovsek	1	0.00022084805653710247
Valentine	1	0.00022084805653710247
Blair	1	0.00022084805653710247
Gwynn	1	0.00022084805653710247
Joyner	1	0.00022084805653710247
Eusebio	1	0.00022084805653710247
Arias	1	0.00022084805653710247
Smiley	1	0.00022084805653710247
Reynoso	1	0.00022084805653710247
Larkin	1	0.00022084805653710247
Larsen	1	0.00022084805653710247
Lomu	1	0.00022084805653710247
Cullen	1	0.00022084805653710247
Little	1	0.00022084805653710247
Kronfeld	1	0.00022084805653710247
Dowd	1	0.00022084805653710247
Bonnet	1	0.00022084805653710247
Featherstone	1	0.00022084805653710247
Woolmer	1	0.00022084805653710247
Kallis	1	0.00022084805653710247
Cronje	1	0.00022084805653710247
Matthews	1	0.00022084805653710247
McMillan	1	0.00022084805653710247
Kirsten	1	0.00022084805653710247
Hudson	1	0.00022084805653710247
Symcox	1	0.00022084805653710247
Rhodes	1	0.00022084805653710247
Donald	1	0.00022084805653710247
Villiers	1	0.00022084805653710247
Cullinan	1	0.00022084805653710247
Gibs	1	0.00022084805653710247
Nikiforov	1	0.00022084805653710247
Rodimov	1	0.00022084805653710247
Wellings	1	0.00022084805653710247
Parke	1	0.00022084805653710247
Bonetat	1	0.00022084805653710247
Barada	1	0.00022084805653710247
Hands	1	0.00022084805653710247
HAS	1	0.00022084805653710247
Brett	1	0.00022084805653710247
Nainkin	1	0.00022084805653710247
Eijkelkamp	1	0.00022084805653710247
Jongsma	1	0.00022084805653710247
Ferrer	1	0.00022084805653710247
Lopetegui	1	0.00022084805653710247
Barjuan	1	0.00022084805653710247
Gabrich	1	0.00022084805653710247
Kluivert	1	0.00022084805653710247
Juan	1	0.00022084805653710247
Babangida	1	0.00022084805653710247
Ancelotti	1	0.00022084805653710247
Chiesa	1	0.00022084805653710247
Palladini	1	0.00022084805653710247
Giampaolo	1	0.00022084805653710247
Melli	1	0.00022084805653710247
Bianchi	1	0.00022084805653710247
Sacchi	1	0.00022084805653710247
Sergio	1	0.00022084805653710247
Zickler	1	0.00022084805653710247
Rizzitelli	1	0.00022084805653710247
Feldhoff	1	0.00022084805653710247
Dundee	1	0.00022084805653710247
Heesen	1	0.00022084805653710247
Caveglia	1	0.00022084805653710247
Henry	1	0.00022084805653710247
Debbah	1	0.00022084805653710247
Guivarch	1	0.00022084805653710247
Jacquet	1	0.00022084805653710247
Ferhaoui	1	0.00022084805653710247
Nadon	1	0.00022084805653710247
Vairelles	1	0.00022084805653710247
Lefevre	1	0.00022084805653710247
Cauet	1	0.00022084805653710247
Dely	1	0.00022084805653710247
Valdes	1	0.00022084805653710247
Hintum	1	0.00022084805653710247
Nooijer	1	0.00022084805653710247
Mendy	1	0.00022084805653710247
Tillekeratne	1	0.00022084805653710247
Lyman	1	0.00022084805653710247
Savimbi	1	0.00022084805653710247
Allen	1	0.00022084805653710247
Smit	1	0.00022084805653710247
Der	1	0.00022084805653710247
Merwe	1	0.00022084805653710247
Brumm	1	0.00022084805653710247
Gevirtz	1	0.00022084805653710247
Hedaya	1	0.00022084805653710247
Astrue	1	0.00022084805653710247
Chabora	1	0.00022084805653710247
Bissell	1	0.00022084805653710247
Vicomte	1	0.00022084805653710247
Chateaubriand	1	0.00022084805653710247
Bruckner	1	0.00022084805653710247
Miles	1	0.00022084805653710247
Milhaud	1	0.00022084805653710247
Delbruck	1	0.00022084805653710247
Grieg	1	0.00022084805653710247
Dmytryk	1	0.00022084805653710247
Schuman	1	0.00022084805653710247
Schweitzer	1	0.00022084805653710247
Bach	1	0.00022084805653710247
Spitz	1	0.00022084805653710247
Fritz	1	0.00022084805653710247
Simenon	1	0.00022084805653710247
Maigret	1	0.00022084805653710247
Zhivkov	1	0.00022084805653710247
Kiernan	1	0.00022084805653710247
Lambert	1	0.00022084805653710247
Patten	1	0.00022084805653710247
Lapke	1	0.00022084805653710247
Pirates	1	0.00022084805653710247
Sewa	1	0.00022084805653710247
Chiluba	1	0.00022084805653710247
Mushota	1	0.00022084805653710247
Shimaponda	1	0.00022084805653710247
Machungwa	1	0.00022084805653710247
Kaba	1	0.00022084805653710247
Kromah	1	0.00022084805653710247
Istafanus	1	0.00022084805653710247
Shamay	1	0.00022084805653710247
Likkason	1	0.00022084805653710247
Egurugbe	1	0.00022084805653710247
Kotlarska	1	0.00022084805653710247
Versace	1	0.00022084805653710247
L.	1	0.00022084805653710247
Mokhoff	1	0.00022084805653710247
Babayan	1	0.00022084805653710247
Tolkacheva	1	0.00022084805653710247
Shehu	1	0.00022084805653710247
Shiels	1	0.00022084805653710247
Hodzic	1	0.00022084805653710247
Micijevic	1	0.00022084805653710247
Zelic	1	0.00022084805653710247
Szabo	1	0.00022084805653710247
Savi	1	0.00022084805653710247
Rosati	1	0.00022084805653710247
Arce	1	0.00022084805653710247
Samper	1	0.00022084805653710247
Frechette	1	0.00022084805653710247
Dutra	1	0.00022084805653710247
Schomberg	1	0.00022084805653710247
Korei	1	0.00022084805653710247
Hameed	1	0.00022084805653710247
Crosson	1	0.00022084805653710247
Bieszk	1	0.00022084805653710247
Hodges	1	0.00022084805653710247
Mosier	1	0.00022084805653710247
Dietsch	1	0.00022084805653710247
Terence	1	0.00022084805653710247
Nyrere	1	0.00022084805653710247
Buyoya	1	0.00022084805653710247
Nkgowe	1	0.00022084805653710247
Somavia	1	0.00022084805653710247
Inderfurth	1	0.00022084805653710247
Palkhivala	1	0.00022084805653710247
Krishnamoorthy	1	0.00022084805653710247
Arulanandam	1	0.00022084805653710247
Karunanidhi	1	0.00022084805653710247
Bose	1	0.00022084805653710247
Adelt	1	0.00022084805653710247
EVERT	1	0.00022084805653710247
Griffiths	1	0.00022084805653710247
Viannet	1	0.00022084805653710247
Baader	1	0.00022084805653710247
Amr	1	0.00022084805653710247
Ross	1	0.00022084805653710247
Abbas	1	0.00022084805653710247
Mazen	1	0.00022084805653710247
Gold	1	0.00022084805653710247
Mordechai	1	0.00022084805653710247
Prodi	1	0.00022084805653710247
Lamm	1	0.00022084805653710247
Vowinkel	1	0.00022084805653710247
Chiate	1	0.00022084805653710247
Rowland	1	0.00022084805653710247
Head	1	0.00022084805653710247
Norton	1	0.00022084805653710247
Hitler	1	0.00022084805653710247
U	1	0.00022084805653710247
S	1	0.00022084805653710247
Reppas	1	0.00022084805653710247
Pangalos	1	0.00022084805653710247
Ducruet	1	0.00022084805653710247
Houteman	1	0.00022084805653710247
Vale	1	0.00022084805653710247
Almeida	1	0.00022084805653710247
Gradin	1	0.00022084805653710247
Papandoniou	1	0.00022084805653710247
Mitsotakis	1	0.00022084805653710247
Weiss	1	0.00022084805653710247
Mok	1	0.00022084805653710247
Kubo	1	0.00022084805653710247
Takemura	1	0.00022084805653710247
Hatoyama	1	0.00022084805653710247
Stromme	1	0.00022084805653710247
Houying	1	0.00022084805653710247
Kay	1	0.00022084805653710247
Dahman	1	0.00022084805653710247
al-Qidra	1	0.00022084805653710247
Dahlan	1	0.00022084805653710247
Vidal-Quadras	1	0.00022084805653710247
Banisadr	1	0.00022084805653710247
Joulwan	1	0.00022084805653710247
Sheehan	1	0.00022084805653710247
Kiely	1	0.00022084805653710247
Naish	1	0.00022084805653710247
Chopra	1	0.00022084805653710247
Romero	1	0.00022084805653710247
Curry	1	0.00022084805653710247
Ekimov	1	0.00022084805653710247
Gorini	1	0.00022084805653710247
Breukink	1	0.00022084805653710247
Peeters	1	0.00022084805653710247
Voskamp	1	0.00022084805653710247
Randolph	1	0.00022084805653710247
Fiedler	1	0.00022084805653710247
Rousseau	1	0.00022084805653710247
Chimonetos	1	0.00022084805653710247
Freitag	1	0.00022084805653710247
Grichina	1	0.00022084805653710247
Ferris	1	0.00022084805653710247
Enioukhina	1	0.00022084805653710247
Lombardi	1	0.00022084805653710247
Clerq	1	0.00022084805653710247
Jemison	1	0.00022084805653710247
Knaven	1	0.00022084805653710247
Athey	1	0.00022084805653710247
Saggers	1	0.00022084805653710247
Watkin	1	0.00022084805653710247
Solanki	1	0.00022084805653710247
Barnett	1	0.00022084805653710247
Pooley	1	0.00022084805653710247
Ramprakash	1	0.00022084805653710247
Fay	1	0.00022084805653710247
Telfer	1	0.00022084805653710247
McGeechan	1	0.00022084805653710247
Grobbelaar	1	0.00022084805653710247
Pamire	1	0.00022084805653710247
Duvillard	1	0.00022084805653710247
Segers	1	0.00022084805653710247
Fashanu	1	0.00022084805653710247
Suan	1	0.00022084805653710247
Lim	1	0.00022084805653710247
Jenson	1	0.00022084805653710247
Krizan	1	0.00022084805653710247
Osterloh	1	0.00022084805653710247
Dahlman	1	0.00022084805653710247
Mulholland	1	0.00022084805653710247
Marzano	1	0.00022084805653710247
Wengert	1	0.00022084805653710247
Herrera	1	0.00022084805653710247
Baldwin	1	0.00022084805653710247
Durham	1	0.00022084805653710247
Guillen	1	0.00022084805653710247
Nilsson	1	0.00022084805653710247
Offerman	1	0.00022084805653710247
Damon	1	0.00022084805653710247
Huisman	1	0.00022084805653710247
Hentgen	1	0.00022084805653710247
Hershiser	1	0.00022084805653710247
Belle	1	0.00022084805653710247
Wright	1	0.00022084805653710247
Pointer	1	0.00022084805653710247
Pendleton	1	0.00022084805653710247
Polonia	1	0.00022084805653710247
Dillard	1	0.00022084805653710247
Remigino	1	0.00022084805653710247
Hines	1	0.00022084805653710247
Crawford	1	0.00022084805653710247
Tillman	1	0.00022084805653710247
Bachini	1	0.00022084805653710247
Emon	1	0.00022084805653710247
Bois	1	0.00022084805653710247
Bronckhorst	1	0.00022084805653710247
Vierklau	1	0.00022084805653710247
THOMSON	1	0.00022084805653710247
Lye	1	0.00022084805653710247
Mudaba	1	0.00022084805653710247
Sese	1	0.00022084805653710247
Seko	1	0.00022084805653710247
Ikimi	1	0.00022084805653710247
Saro-Wiwa	1	0.00022084805653710247
Deby	1	0.00022084805653710247
Bauza	1	0.00022084805653710247
Donwahi	1	0.00022084805653710247
Alphonse	1	0.00022084805653710247
Lakpe	1	0.00022084805653710247
Kouame	1	0.00022084805653710247
Tanny	1	0.00022084805653710247
Marriner	1	0.00022084805653710247
Greste	1	0.00022084805653710247
Kornblum	1	0.00022084805653710247
Milosevic	1	0.00022084805653710247
Plavsic	1	0.00022084805653710247
Danielyan	1	0.00022084805653710247
Bajgora	1	0.00022084805653710247
Ceausu	1	0.00022084805653710247
Filipovic	1	0.00022084805653710247
Raul	1	0.00022084805653710247
Matos	1	0.00022084805653710247
Azocar	1	0.00022084805653710247
Lago	1	0.00022084805653710247
Piotti	1	0.00022084805653710247
Kandir	1	0.00022084805653710247
Lezama	1	0.00022084805653710247
Aguirre	1	0.00022084805653710247
Pessina	1	0.00022084805653710247
Moreira	1	0.00022084805653710247
Neves	1	0.00022084805653710247
Choonhavan	1	0.00022084805653710247
Yongchaiyudh	1	0.00022084805653710247
Yassin	1	0.00022084805653710247
Conlon	1	0.00022084805653710247
Feinstein	1	0.00022084805653710247
D.	1	0.00022084805653710247
Goldstein	1	0.00022084805653710247
Andrews	1	0.00022084805653710247
Schein	1	0.00022084805653710247
McGilley	1	0.00022084805653710247
Frank	1	0.00022084805653710247
Feugill	1	0.00022084805653710247
Zardari	1	0.00022084805653710247
Hilal	1	0.00022084805653710247
K.T.	1	0.00022084805653710247
Thomas	1	0.00022084805653710247
Maya	1	0.00022084805653710247
Poudels	1	0.00022084805653710247
Sabourin	1	0.00022084805653710247
Held	1	0.00022084805653710247
Conroy	1	0.00022084805653710247
Leong	1	0.00022084805653710247
Moosa	1	0.00022084805653710247
Randall	1	0.00022084805653710247
Kensit	1	0.00022084805653710247
Mobbs	1	0.00022084805653710247
Birt	1	0.00022084805653710247
Fallahiyan	1	0.00022084805653710247
Mabus	1	0.00022084805653710247
Corcoran	1	0.00022084805653710247
Lincoln	1	0.00022084805653710247
Simon	1	0.00022084805653710247
Weidman	1	0.00022084805653710247
Florence	1	0.00022084805653710247
Debre	1	0.00022084805653710247
Blenkinsop	1	0.00022084805653710247
Puglisi	1	0.00022084805653710247
Botta	1	0.00022084805653710247
Santapaola	1	0.00022084805653710247
T.	1	0.00022084805653710247
Laasonen	1	0.00022084805653710247
Demel	1	0.00022084805653710247
Hope	1	0.00022084805653710247
Huddart	1	0.00022084805653710247
Trevelyan	1	0.00022084805653710247
Liu	1	0.00022084805653710247
Siow	1	0.00022084805653710247
Gomez	1	0.00022084805653710247
Liano	1	0.00022084805653710247
Aznar	1	0.00022084805653710247
Sells	1	0.00022084805653710247
Bentsen	1	0.00022084805653710247
Widness	1	0.00022084805653710247
Faust	1	0.00022084805653710247
Greenspan	1	0.00022084805653710247
Perelstein	1	0.00022084805653710247
Brenner	1	0.00022084805653710247
Stieglmair	1	0.00022084805653710247
Brunmayr	1	0.00022084805653710247
Hartson	1	0.00022084805653710247
Stiajkina	1	0.00022084805653710247
Arndt	1	0.00022084805653710247
Vikstedt-Nyman	1	0.00022084805653710247
Boyden	1	0.00022084805653710247
Godras	1	0.00022084805653710247
Kombouare	1	0.00022084805653710247
Aitken	1	0.00022084805653710247
Ginola	1	0.00022084805653710247
Doohan	1	0.00022084805653710247
Bayle	1	0.00022084805653710247
Abe	1	0.00022084805653710247
Cadalora	1	0.00022084805653710247
Criville	1	0.00022084805653710247
Okada	1	0.00022084805653710247
Checa	1	0.00022084805653710247
Itoh	1	0.00022084805653710247
Hughes	1	0.00022084805653710247
