U.S.	309	0.04327731092436975
Germany	141	0.019747899159663865
Britain	133	0.018627450980392157
Australia	130	0.018207282913165267
England	123	0.017226890756302522
France	122	0.017086834733893556
Spain	110	0.015406162464985995
Italy	98	0.013725490196078431
LONDON	93	0.013025210084033614
New	93	0.013025210084033614
China	91	0.012745098039215686
Russia	88	0.012324929971988795
Japan	87	0.012184873949579832
Pakistan	85	0.011904761904761904
Sweden	81	0.01134453781512605
South	75	0.01050420168067227
NEW	73	0.010224089635854342
Belgium	71	0.009943977591036414
India	70	0.00980392156862745
Iraq	68	0.009523809523809525
Israel	64	0.008963585434173669
London	61	0.008543417366946778
Netherlands	61	0.008543417366946778
United	60	0.008403361344537815
Czech	57	0.007983193277310924
Hong	45	0.0063025210084033615
West	44	0.0061624649859943975
Moscow	43	0.0060224089635854345
Brazil	43	0.0060224089635854345
Finland	42	0.0058823529411764705
Ukraine	38	0.005322128851540616
Austria	38	0.005322128851540616
Sri	38	0.005322128851540616
Canada	37	0.0051820728291316525
Chechnya	34	0.004761904761904762
Romania	33	0.004621848739495798
Slovakia	33	0.004621848739495798
Bosnia	33	0.004621848739495798
Ireland	31	0.004341736694677871
Kenya	31	0.004341736694677871
Europe	30	0.004201680672268907
Turkey	30	0.004201680672268907
PARIS	30	0.004201680672268907
Argentina	30	0.004201680672268907
Egypt	29	0.004061624649859944
Poland	29	0.004061624649859944
CHICAGO	29	0.004061624649859944
Nigeria	29	0.004061624649859944
Taiwan	28	0.00392156862745098
Washington	27	0.003781512605042017
Iran	27	0.003781512605042017
Chicago	27	0.003781512605042017
AMSTERDAM	26	0.0036414565826330533
Switzerland	25	0.0035014005602240898
Grozny	25	0.0035014005602240898
Jordan	24	0.0033613445378151263
Costa	23	0.0032212885154061623
Morocco	22	0.0030812324929971988
Indonesia	22	0.0030812324929971988
Baghdad	21	0.0029411764705882353
ENGLAND	21	0.0029411764705882353
Scotland	21	0.0029411764705882353
Hungary	21	0.0029411764705882353
Colombia	21	0.0029411764705882353
SAN	21	0.0029411764705882353
Mexico	21	0.0029411764705882353
BONN	20	0.0028011204481792717
PAKISTAN	20	0.0028011204481792717
The	20	0.0028011204481792717
WASHINGTON	19	0.002661064425770308
Jerusalem	19	0.002661064425770308
Paris	18	0.0025210084033613447
Denmark	18	0.0025210084033613447
Cyprus	18	0.0025210084033613447
Nepal	18	0.0025210084033613447
Croatia	17	0.002380952380952381
Zimbabwe	17	0.002380952380952381
Venezuela	17	0.002380952380952381
MOSCOW	17	0.002380952380952381
Berlin	17	0.002380952380952381
Cuba	17	0.002380952380952381
BRUSSELS	16	0.002240896358543417
Gaza	16	0.002240896358543417
California	16	0.002240896358543417
Chile	16	0.002240896358543417
Yugoslavia	16	0.002240896358543417
Sudan	16	0.002240896358543417
San	16	0.002240896358543417
Burundi	16	0.002240896358543417
Beijing	15	0.0021008403361344537
Ohio	15	0.0021008403361344537
Norway	15	0.0021008403361344537
Brussels	15	0.0021008403361344537
Amman	15	0.0021008403361344537
Algeria	15	0.0021008403361344537
TOKYO	15	0.0021008403361344537
Atlanta	15	0.0021008403361344537
Syria	14	0.00196078431372549
Amsterdam	14	0.00196078431372549
Malta	14	0.00196078431372549
Malaysia	14	0.00196078431372549
COLOMBO	14	0.00196078431372549
HONG	14	0.00196078431372549
Stansted	14	0.00196078431372549
Afghanistan	13	0.0018207282913165266
MANCHESTER	13	0.0018207282913165266
TORONTO	13	0.0018207282913165266
Greece	13	0.0018207282913165266
Saudi	13	0.0018207282913165266
Sao	13	0.0018207282913165266
Wall	13	0.0018207282913165266
JERUSALEM	12	0.0016806722689075631
Lebanon	12	0.0016806722689075631
JOHANNESBURG	12	0.0016806722689075631
Khartoum	12	0.0016806722689075631
Los	12	0.0016806722689075631
Calcutta	12	0.0016806722689075631
Zaire	12	0.0016806722689075631
White	12	0.0016806722689075631
Doboj	12	0.0016806722689075631
Middle	11	0.0015406162464985994
SYDNEY	11	0.0015406162464985994
BALTIMORE	11	0.0015406162464985994
SEOUL	11	0.0015406162464985994
Kremlin	11	0.0015406162464985994
America	11	0.0015406162464985994
Dhaka	11	0.0015406162464985994
Thailand	11	0.0015406162464985994
Jamaica	11	0.0015406162464985994
North	11	0.0015406162464985994
East	11	0.0015406162464985994
ATHENS	10	0.0014005602240896359
UK	10	0.0014005602240896359
Albania	10	0.0014005602240896359
Estonia	10	0.0014005602240896359
Bulgaria	10	0.0014005602240896359
Slovenia	10	0.0014005602240896359
Belarus	10	0.0014005602240896359
Ethiopia	10	0.0014005602240896359
Bangladesh	10	0.0014005602240896359
Serbia	10	0.0014005602240896359
Jakarta	10	0.0014005602240896359
Colorado	10	0.0014005602240896359
BEIJING	9	0.0012605042016806723
Kabul	9	0.0012605042016806723
Ecuador	9	0.0012605042016806723
Kansas	9	0.0012605042016806723
Portugal	9	0.0012605042016806723
Liberia	9	0.0012605042016806723
Texas	9	0.0012605042016806723
Massachusetts	9	0.0012605042016806723
WELLINGTON	9	0.0012605042016806723
Zurich	9	0.0012605042016806723
Rwanda	9	0.0012605042016806723
Colombo	9	0.0012605042016806723
Singapore	9	0.0012605042016806723
Old	9	0.0012605042016806723
BELGRADE	9	0.0012605042016806723
Wisconsin	9	0.0012605042016806723
Shanghai	9	0.0012605042016806723
Bonn	8	0.0011204481792717086
Florida	8	0.0011204481792717086
BOSTON	8	0.0011204481792717086
COLORADO	8	0.0011204481792717086
HOUSTON	8	0.0011204481792717086
Guinea	8	0.0011204481792717086
Rome	8	0.0011204481792717086
ANKARA	8	0.0011204481792717086
Nicaragua	8	0.0011204481792717086
Sakai	8	0.0011204481792717086
Ramallah	7	0.000980392156862745
AKRON	7	0.000980392156862745
Leicester	7	0.000980392156862745
Wales	7	0.000980392156862745
Sydney	7	0.000980392156862745
National	7	0.000980392156862745
Baltimore	7	0.000980392156862745
KANSAS	7	0.000980392156862745
ATLANTA	7	0.000980392156862745
GENEVA	7	0.000980392156862745
Atlantic	7	0.000980392156862745
BANGKOK	7	0.000980392156862745
CAIRO	7	0.000980392156862745
Algiers	7	0.000980392156862745
JAKARTA	7	0.000980392156862745
Trinidad	7	0.000980392156862745
WARSAW	7	0.000980392156862745
SEATTLE	7	0.000980392156862745
Arkansas	7	0.000980392156862745
Calif.	7	0.000980392156862745
Eritrea	7	0.000980392156862745
Dayton	7	0.000980392156862745
Auckland	7	0.000980392156862745
Buenos	7	0.000980392156862745
Africa	7	0.000980392156862745
BAGHDAD	6	0.0008403361344537816
Kuwait	6	0.0008403361344537816
HELSINKI	6	0.0008403361344537816
Trent	6	0.0008403361344537816
Headingley	6	0.0008403361344537816
Tirana	6	0.0008403361344537816
Latvia	6	0.0008403361344537816
Moldova	6	0.0008403361344537816
BUDAPEST	6	0.0008403361344537816
U.S	6	0.0008403361344537816
Bahamas	6	0.0008403361344537816
Boston	6	0.0008403361344537816
Minnesota	6	0.0008403361344537816
Sarajevo	6	0.0008403361344537816
Peru	6	0.0008403361344537816
Frankfurt	6	0.0008403361344537816
Geneva	6	0.0008403361344537816
Kashmir	6	0.0008403361344537816
Wellington	6	0.0008403361344537816
Surabaya	6	0.0008403361344537816
LISBON	6	0.0008403361344537816
Uganda	6	0.0008403361344537816
Mideast	6	0.0008403361344537816
BRASILIA	6	0.0008403361344537816
S.	6	0.0008403361344537816
Corsica	6	0.0008403361344537816
BUCHAREST	6	0.0008403361344537816
MEXICO	6	0.0008403361344537816
Guerrero	6	0.0008403361344537816
Karachi	6	0.0008403361344537816
Tehran	6	0.0008403361344537816
Heathrow	6	0.0008403361344537816
Yemen	6	0.0008403361344537816
Taipei	5	0.0007002801120448179
FRANKFURT	5	0.0007002801120448179
Damascus	5	0.0007002801120448179
Cairo	5	0.0007002801120448179
Libya	5	0.0007002801120448179
UAE	5	0.0007002801120448179
DUBAI	5	0.0007002801120448179
Kandahar	5	0.0007002801120448179
Beirut	5	0.0007002801120448179
CARLSBAD	5	0.0007002801120448179
Colchester	5	0.0007002801120448179
Cardiff	5	0.0007002801120448179
Vienna	5	0.0007002801120448179
Republic	5	0.0007002801120448179
TIRANA	5	0.0007002801120448179
Larnaca	5	0.0007002801120448179
Lithuania	5	0.0007002801120448179
Vaduz	5	0.0007002801120448179
Luxembourg	5	0.0007002801120448179
MINNESOTA	5	0.0007002801120448179
LOS	5	0.0007002801120448179
CLEVELAND	5	0.0007002801120448179
SOFIA	5	0.0007002801120448179
Caribbean	5	0.0007002801120448179
Johannesburg	5	0.0007002801120448179
Budapest	5	0.0007002801120448179
BOGOTA	5	0.0007002801120448179
BUENOS	5	0.0007002801120448179
Tibet	5	0.0007002801120448179
Istanbul	5	0.0007002801120448179
DHAKA	5	0.0007002801120448179
Vatican	5	0.0007002801120448179
Bangkok	5	0.0007002801120448179
Mozambique	5	0.0007002801120448179
Namibia	5	0.0007002801120448179
SRI	5	0.0007002801120448179
Alaska	5	0.0007002801120448179
St.	5	0.0007002801120448179
Melbourne	5	0.0007002801120448179
JYVASKYLA	5	0.0007002801120448179
MADRID	5	0.0007002801120448179
Togo	5	0.0007002801120448179
Seattle	5	0.0007002801120448179
Salang	5	0.0007002801120448179
Central	5	0.0007002801120448179
Bogra	5	0.0007002801120448179
Mauritius	5	0.0007002801120448179
Gabon	5	0.0007002801120448179
Rio	5	0.0007002801120448179
ZIMBABWE	5	0.0007002801120448179
Midwest	5	0.0007002801120448179
Bucharest	5	0.0007002801120448179
Neths	5	0.0007002801120448179
N.J.	5	0.0007002801120448179
Vermont	5	0.0007002801120448179
Gatwick	5	0.0007002801120448179
Linz	5	0.0007002801120448179
Portsmouth	5	0.0007002801120448179
Leduc	5	0.0007002801120448179
Sierra	5	0.0007002801120448179
US	4	0.0005602240896358543
COMMACK	4	0.0005602240896358543
Northampton	4	0.0005602240896358543
Worcester	4	0.0005602240896358543
GLASGOW	4	0.0005602240896358543
Sofia	4	0.0005602240896358543
Georgia	4	0.0005602240896358543
Prague	4	0.0005602240896358543
Northern	4	0.0005602240896358543
KUALA	4	0.0005602240896358543
STUTTGART	4	0.0005602240896358543
Toronto	4	0.0005602240896358543
Senegal	4	0.0005602240896358543
Abuja	4	0.0005602240896358543
SARAJEVO	4	0.0005602240896358543
Hamburg	4	0.0005602240896358543
DUBLIN	4	0.0005602240896358543
Dublin	4	0.0005602240896358543
Islamabad	4	0.0005602240896358543
BOMBAY	4	0.0005602240896358543
NZ	4	0.0005602240896358543
Tokyo	4	0.0005602240896358543
Soviet	4	0.0005602240896358543
Oval	4	0.0005602240896358543
AUSTRALIA	4	0.0005602240896358543
Angola	4	0.0005602240896358543
MIAMI	4	0.0005602240896358543
St	4	0.0005602240896358543
Akron	4	0.0005602240896358543
LAGOS	4	0.0005602240896358543
Belgrade	4	0.0005602240896358543
AMMAN	4	0.0005602240896358543
Karak	4	0.0005602240896358543
KATHMANDU	4	0.0005602240896358543
British	4	0.0005602240896358543
MELBOURNE	4	0.0005602240896358543
H.K.	4	0.0005602240896358543
SHANGHAI	4	0.0005602240896358543
GOLF	4	0.0005602240896358543
PRETORIA	4	0.0005602240896358543
MANILA	4	0.0005602240896358543
VIENNA	4	0.0005602240896358543
Malawi	4	0.0005602240896358543
Florence	4	0.0005602240896358543
Orvieto	4	0.0005602240896358543
Charleroi	4	0.0005602240896358543
Lahore	4	0.0005602240896358543
Congo	4	0.0005602240896358543
Houston	4	0.0005602240896358543
MILAN	4	0.0005602240896358543
INDIA	4	0.0005602240896358543
ST	4	0.0005602240896358543
Seychelles	4	0.0005602240896358543
Benin	4	0.0005602240896358543
DETROIT	4	0.0005602240896358543
CALIFORNIA	4	0.0005602240896358543
SINGAPORE	4	0.0005602240896358543
Riyadh	4	0.0005602240896358543
Prairies	4	0.0005602240896358543
STANSTED	4	0.0005602240896358543
NORTHAMPTON	4	0.0005602240896358543
MONTREAL	4	0.0005602240896358543
USA	4	0.0005602240896358543
Nairobi	4	0.0005602240896358543
TALLINN	4	0.0005602240896358543
Seoul	4	0.0005602240896358543
MT	4	0.0005602240896358543
Arab	4	0.0005602240896358543
ROME	4	0.0005602240896358543
BERLIN	4	0.0005602240896358543
Cambodia	4	0.0005602240896358543
Mahala	4	0.0005602240896358543
Zvornik	4	0.0005602240896358543
Kosovo	4	0.0005602240896358543
Nottingham	3	0.0004201680672268908
Golan	3	0.0004201680672268908
TUNIS	3	0.0004201680672268908
Abu	3	0.0004201680672268908
Gulf	3	0.0004201680672268908
BEIRUT	3	0.0004201680672268908
Mount	3	0.0004201680672268908
Heidrun	3	0.0004201680672268908
OSLO	3	0.0004201680672268908
Firestone	3	0.0004201680672268908
Weston-super-Mare	3	0.0004201680672268908
CAPE	3	0.0004201680672268908
Valletta	3	0.0004201680672268908
Armenia	3	0.0004201680672268908
Azerbaijan	3	0.0004201680672268908
Skopje	3	0.0004201680672268908
Macedonia	3	0.0004201680672268908
RIO	3	0.0004201680672268908
Detroit	3	0.0004201680672268908
Minneapolis	3	0.0004201680672268908
Wimbledon	3	0.0004201680672268908
PRAGUE	3	0.0004201680672268908
NOVYE	3	0.0004201680672268908
Pacific	3	0.0004201680672268908
Surinam	3	0.0004201680672268908
Addis	3	0.0004201680672268908
Bombay	3	0.0004201680672268908
Kiev	3	0.0004201680672268908
SPA-FRANCORCHAMPS	3	0.0004201680672268908
FLORIDA	3	0.0004201680672268908
Zambia	3	0.0004201680672268908
Indian	3	0.0004201680672268908
Bogota	3	0.0004201680672268908
Miami	3	0.0004201680672268908
Pembroke	3	0.0004201680672268908
Taibe	3	0.0004201680672268908
NAIROBI	3	0.0004201680672268908
Zadar	3	0.0004201680672268908
Balkans	3	0.0004201680672268908
Amazon	3	0.0004201680672268908
HK	3	0.0004201680672268908
Virginia	3	0.0004201680672268908
Guantanamo	3	0.0004201680672268908
Whittier	3	0.0004201680672268908
VALLETTA	3	0.0004201680672268908
Yingkou	3	0.0004201680672268908
AUSTRIA	3	0.0004201680672268908
Gisenyi	3	0.0004201680672268908
Balkan	3	0.0004201680672268908
MANAGUA	3	0.0004201680672268908
Tunisia	3	0.0004201680672268908
Ankara	3	0.0004201680672268908
Indiana	3	0.0004201680672268908
ISLAMABAD	3	0.0004201680672268908
Punjab	3	0.0004201680672268908
ZURICH	3	0.0004201680672268908
Burma	3	0.0004201680672268908
Botswana	3	0.0004201680672268908
BRATISLAVA	3	0.0004201680672268908
Stadium	3	0.0004201680672268908
Manhattan	3	0.0004201680672268908
BRAZIL	3	0.0004201680672268908
Brasilia	3	0.0004201680672268908
Ottawa	3	0.0004201680672268908
Iowa	3	0.0004201680672268908
Oklahoma	3	0.0004201680672268908
KARACHI	3	0.0004201680672268908
Alberta	3	0.0004201680672268908
Newbury	3	0.0004201680672268908
PITTSBURGH	3	0.0004201680672268908
Barcelona	3	0.0004201680672268908
Haarlem	3	0.0004201680672268908
Novye	3	0.0004201680672268908
CARACAS	3	0.0004201680672268908
Caracas	3	0.0004201680672268908
Dalian	3	0.0004201680672268908
Montana	3	0.0004201680672268908
Portland	3	0.0004201680672268908
WA	3	0.0004201680672268908
Birmingham	3	0.0004201680672268908
Tonga	3	0.0004201680672268908
Almere	3	0.0004201680672268908
Long	3	0.0004201680672268908
Salvador	3	0.0004201680672268908
Ivory	3	0.0004201680672268908
Topolcany	3	0.0004201680672268908
Athens	3	0.0004201680672268908
Nagyatad	3	0.0004201680672268908
Republika	3	0.0004201680672268908
RAMALLAH	3	0.0004201680672268908
Hebron	3	0.0004201680672268908
Tripoli	2	0.00028011204481792715
MANAMA	2	0.00028011204481792715
Sharjah	2	0.00028011204481792715
IRAQ	2	0.00028011204481792715
Ala	2	0.00028011204481792715
Oslo	2	0.00028011204481792715
YORK	2	0.00028011204481792715
Bergen	2	0.00028011204481792715
Liechtenstein	2	0.00028011204481792715
Faroe	2	0.00028011204481792715
Uruguay	2	0.00028011204481792715
Stuttgart	2	0.00028011204481792715
Iceland	2	0.00028011204481792715
Va	2	0.00028011204481792715
Montserrat	2	0.00028011204481792715
DAKAR	2	0.00028011204481792715
MONROVIA	2	0.00028011204481792715
CONAKRY	2	0.00028011204481792715
Cape	2	0.00028011204481792715
Sierakowice	2	0.00028011204481792715
Srebrenica	2	0.00028011204481792715
Ljubljana	2	0.00028011204481792715
Lima	2	0.00028011204481792715
French	2	0.00028011204481792715
Canberra	2	0.00028011204481792715
Las	2	0.00028011204481792715
Mo	2	0.00028011204481792715
Fairview	2	0.00028011204481792715
Cologne	2	0.00028011204481792715
Munich	2	0.00028011204481792715
Jammu	2	0.00028011204481792715
CALCUTTA	2	0.00028011204481792715
Nirmal	2	0.00028011204481792715
CANBERRA	2	0.00028011204481792715
Victoria	2	0.00028011204481792715
Klongprem	2	0.00028011204481792715
KIEV	2	0.00028011204481792715
Pretoria	2	0.00028011204481792715
Kazakhstan	2	0.00028011204481792715
ANGOLA	2	0.00028011204481792715
LUANDA	2	0.00028011204481792715
OTTAWA	2	0.00028011204481792715
MIDEAST	2	0.00028011204481792715
RED	2	0.00028011204481792715
ASIA	2	0.00028011204481792715
MED	2	0.00028011204481792715
BLACK	2	0.00028011204481792715
Caribs	2	0.00028011204481792715
Red	2	0.00028011204481792715
Liechenstein	2	0.00028011204481792715
ZAGREB	2	0.00028011204481792715
Krajina	2	0.00028011204481792715
Warsaw	2	0.00028011204481792715
CIS	2	0.00028011204481792715
Commonwealth	2	0.00028011204481792715
Sirnak	2	0.00028011204481792715
Hakkari	2	0.00028011204481792715
Kathmandu	2	0.00028011204481792715
Prince	2	0.00028011204481792715
Ark	2	0.00028011204481792715
Little	2	0.00028011204481792715
County	2	0.00028011204481792715
SOUTH	2	0.00028011204481792715
TRIPOLI	2	0.00028011204481792715
HARARE	2	0.00028011204481792715
Kigali	2	0.00028011204481792715
Kivu	2	0.00028011204481792715
Kassala	2	0.00028011204481792715
TEHRAN	2	0.00028011204481792715
Shiraz	2	0.00028011204481792715
NICOSIA	2	0.00028011204481792715
Islamic	2	0.00028011204481792715
Kentucky	2	0.00028011204481792715
Michigan	2	0.00028011204481792715
Etruria	2	0.00028011204481792715
Bratislava	2	0.00028011204481792715
JYVASKLYA	2	0.00028011204481792715
SHEFFIELD	2	0.00028011204481792715
SUGO	2	0.00028011204481792715
Manchester	2	0.00028011204481792715
Antioquia	2	0.00028011204481792715
Anza	2	0.00028011204481792715
Medellin	2	0.00028011204481792715
Rangoon	2	0.00028011204481792715
Ben	2	0.00028011204481792715
Dahshour	2	0.00028011204481792715
Bahrain	2	0.00028011204481792715
Pakistani	2	0.00028011204481792715
MUZAFFARABAD	2	0.00028011204481792715
Azad	2	0.00028011204481792715
Muzaffarabad	2	0.00028011204481792715
Garhi	2	0.00028011204481792715
Hampshire	2	0.00028011204481792715
Cameroon	2	0.00028011204481792715
Tanzania	2	0.00028011204481792715
Mauritania	2	0.00028011204481792715
Flushing	2	0.00028011204481792715
Madagascar	2	0.00028011204481792715
Maputo	2	0.00028011204481792715
Guernsey	2	0.00028011204481792715
Russian	2	0.00028011204481792715
Kragujevac	2	0.00028011204481792715
Black	2	0.00028011204481792715
Col	2	0.00028011204481792715
Santa	2	0.00028011204481792715
U.K.	2	0.00028011204481792715
Dhahran	2	0.00028011204481792715
Pennsylvania	2	0.00028011204481792715
FORT	2	0.00028011204481792715
Fla.	2	0.00028011204481792715
Illinois	2	0.00028011204481792715
Antwerp	2	0.00028011204481792715
WINNIPEG	2	0.00028011204481792715
Fairmont	2	0.00028011204481792715
Charleston	2	0.00028011204481792715
M3	2	0.00028011204481792715
Twyford	2	0.00028011204481792715
Bordeaux	2	0.00028011204481792715
Griqualand	2	0.00028011204481792715
HAARLEM	2	0.00028011204481792715
Mapourdit	2	0.00028011204481792715
Matagalpa	2	0.00028011204481792715
OR	2	0.00028011204481792715
PHILADELPHIA	2	0.00028011204481792715
Wisc	2	0.00028011204481792715
MONTPELIER	2	0.00028011204481792715
Vt	2	0.00028011204481792715
Roxbury	2	0.00028011204481792715
Montpelier	2	0.00028011204481792715
Northfield	2	0.00028011204481792715
Pierina	2	0.00028011204481792715
Pa	2	0.00028011204481792715
Benelux	2	0.00028011204481792715
Osaka	2	0.00028011204481792715
TAIPEI	2	0.00028011204481792715
Saskatchewan	2	0.00028011204481792715
ALMERE	2	0.00028011204481792715
Chester-le-Street	2	0.00028011204481792715
Montreal	2	0.00028011204481792715
Newark	2	0.00028011204481792715
Monte	2	0.00028011204481792715
Hollywood	2	0.00028011204481792715
Christchurch	2	0.00028011204481792715
ABIDJAN	2	0.00028011204481792715
Abidjan	2	0.00028011204481792715
Foindu	2	0.00028011204481792715
Monrovia	2	0.00028011204481792715
Salamanca	2	0.00028011204481792715
High	2	0.00028011204481792715
Shabwa	2	0.00028011204481792715
Rameswaram	2	0.00028011204481792715
Tamil	2	0.00028011204481792715
Alexandroupolis	2	0.00028011204481792715
Madrid	2	0.00028011204481792715
Colo	2	0.00028011204481792715
Monaco	2	0.00028011204481792715
Stockholm	2	0.00028011204481792715
Bunol	2	0.00028011204481792715
Queensland	2	0.00028011204481792715
Glenwood	2	0.00028011204481792715
Phnom	2	0.00028011204481792715
Basque	2	0.00028011204481792715
DOETINCHEM	2	0.00028011204481792715
Doetinchem	2	0.00028011204481792715
Chad	2	0.00028011204481792715
Skhirat	2	0.00028011204481792715
ATLANTIC	2	0.00028011204481792715
Cherbourg	2	0.00028011204481792715
Vavuniya	2	0.00028011204481792715
Amsterdam-Rotterdam-Antwerp	2	0.00028011204481792715
Spitzbergen	2	0.00028011204481792715
CA	1	0.00014005602240896358
JP	1	0.00014005602240896358
FR	1	0.00014005602240896358
SWEDEN	1	0.00014005602240896358
LATTAKIA	1	0.00014005602240896358
Lattakia	1	0.00014005602240896358
Tartous	1	0.00014005602240896358
Iranian	1	0.00014005602240896358
Qasri	1	0.00014005602240896358
Suleimaniya	1	0.00014005602240896358
Allenby	1	0.00014005602240896358
Erez	1	0.00014005602240896358
Tatarstan	1	0.00014005602240896358
Umm	1	0.00014005602240896358
MONTGOMERY	1	0.00014005602240896358
PHOENIX	1	0.00014005602240896358
BISTRITA	1	0.00014005602240896358
Longchamp	1	0.00014005602240896358
Newmarket	1	0.00014005602240896358
Bistrita	1	0.00014005602240896358
Chorzow	1	0.00014005602240896358
Siauliai	1	0.00014005602240896358
Vinnytsya	1	0.00014005602240896358
Torshavn	1	0.00014005602240896358
Edinburgh	1	0.00014005602240896358
Rishon-Lezion	1	0.00014005602240896358
GOTHENBURG	1	0.00014005602240896358
Gothenburg	1	0.00014005602240896358
Split	1	0.00014005602240896358
Columbia	1	0.00014005602240896358
Jacobs	1	0.00014005602240896358
Baku	1	0.00014005602240896358
Lausanne	1	0.00014005602240896358
BULGARIA	1	0.00014005602240896358
Rousse	1	0.00014005602240896358
Veliko	1	0.00014005602240896358
MINNETONKA	1	0.00014005602240896358
Minn	1	0.00014005602240896358
RICHMOND	1	0.00014005602240896358
Royal	1	0.00014005602240896358
University	1	0.00014005602240896358
Uppsala	1	0.00014005602240896358
Oxford	1	0.00014005602240896358
Indianapolis	1	0.00014005602240896358
Kaolack	1	0.00014005602240896358
Dakar	1	0.00014005602240896358
Tubmanburg	1	0.00014005602240896358
Badi-Tondon	1	0.00014005602240896358
Conakry	1	0.00014005602240896358
Robben	1	0.00014005602240896358
Sandusky	1	0.00014005602240896358
Vanderbijlpark	1	0.00014005602240896358
Minutka	1	0.00014005602240896358
GDANSK	1	0.00014005602240896358
Gdansk	1	0.00014005602240896358
Trepca	1	0.00014005602240896358
Aleksandrovac	1	0.00014005602240896358
Maribor	1	0.00014005602240896358
ALKHAN-YURT	1	0.00014005602240896358
Alkhan-Yurt	1	0.00014005602240896358
Gorgona	1	0.00014005602240896358
Narino	1	0.00014005602240896358
Buenaventura	1	0.00014005602240896358
LIMA	1	0.00014005602240896358
Alomella	1	0.00014005602240896358
PARAMARIBO	1	0.00014005602240896358
Moengo	1	0.00014005602240896358
Paramaribo	1	0.00014005602240896358
Pattaya	1	0.00014005602240896358
NABLUS	1	0.00014005602240896358
al-Risala	1	0.00014005602240896358
ISTANBUL	1	0.00014005602240896358
LAS	1	0.00014005602240896358
PONTIAC	1	0.00014005602240896358
Mich	1	0.00014005602240896358
Missouri	1	0.00014005602240896358
Pontiac	1	0.00014005602240896358
Lees	1	0.00014005602240896358
TX	1	0.00014005602240896358
HAMBURG	1	0.00014005602240896358
Lincoln	1	0.00014005602240896358
Nebraska	1	0.00014005602240896358
Oran	1	0.00014005602240896358
Tegel	1	0.00014005602240896358
Tempelhof	1	0.00014005602240896358
Schoenefeld	1	0.00014005602240896358
Bremen	1	0.00014005602240896358
Dresden	1	0.00014005602240896358
Duessseldorf	1	0.00014005602240896358
Hannover	1	0.00014005602240896358
Koeln	1	0.00014005602240896358
Leipzig	1	0.00014005602240896358
Halle	1	0.00014005602240896358
Muenster	1	0.00014005602240896358
Osnabrueck	1	0.00014005602240896358
Nuremberg	1	0.00014005602240896358
Saarbruecken	1	0.00014005602240896358
SRINAGAR	1	0.00014005602240896358
Srinagar	1	0.00014005602240896358
Loretto	1	0.00014005602240896358
Tender	1	0.00014005602240896358
Tajikistan	1	0.00014005602240896358
Ukraina	1	0.00014005602240896358
Durban	1	0.00014005602240896358
Lisbon	1	0.00014005602240896358
Hengelo	1	0.00014005602240896358
Bermuda	1	0.00014005602240896358
Zabrze	1	0.00014005602240896358
CALGARY	1	0.00014005602240896358
Omaha	1	0.00014005602240896358
W.C.	1	0.00014005602240896358
E.C.India	1	0.00014005602240896358
Okinawa	1	0.00014005602240896358
Inchon	1	0.00014005602240896358
Constanza	1	0.00014005602240896358
Inia	1	0.00014005602240896358
WESTERN	1	0.00014005602240896358
USAC	1	0.00014005602240896358
PACIFIC	1	0.00014005602240896358
Ulsan	1	0.00014005602240896358
Yosu	1	0.00014005602240896358
TAIBE	1	0.00014005602240896358
Tel	1	0.00014005602240896358
Netanya	1	0.00014005602240896358
Turin	1	0.00014005602240896358
Wembley	1	0.00014005602240896358
Heysel	1	0.00014005602240896358
Sokoto	1	0.00014005602240896358
Karin	1	0.00014005602240896358
GROZNY	1	0.00014005602240896358
Croatia-Yugoslavia	1	0.00014005602240896358
QUITO	1	0.00014005602240896358
Belem	1	0.00014005602240896358
Omari	1	0.00014005602240896358
Van	1	0.00014005602240896358
Diyarbakir	1	0.00014005602240896358
CHESAPEAKE	1	0.00014005602240896358
Camelot	1	0.00014005602240896358
Mass	1	0.00014005602240896358
Cambridge	1	0.00014005602240896358
Franklin	1	0.00014005602240896358
Lhasa	1	0.00014005602240896358
Chongqing	1	0.00014005602240896358
DOHUK	1	0.00014005602240896358
Dohuk	1	0.00014005602240896358
Glenview	1	0.00014005602240896358
Woodridge	1	0.00014005602240896358
Ill	1	0.00014005602240896358
Chihuahua	1	0.00014005602240896358
Empire	1	0.00014005602240896358
Havana	1	0.00014005602240896358
Wis	1	0.00014005602240896358
ANCHORAGE	1	0.00014005602240896358
LITTLE	1	0.00014005602240896358
Mississippi	1	0.00014005602240896358
Turner	1	0.00014005602240896358
Camden	1	0.00014005602240896358
Paramount	1	0.00014005602240896358
PAPENDRECHT	1	0.00014005602240896358
Sliema	1	0.00014005602240896358
Monterey	1	0.00014005602240896358
Papua	1	0.00014005602240896358
Asia	1	0.00014005602240896358
Lisheen	1	0.00014005602240896358
Jiangxi	1	0.00014005602240896358
Jyvaskyla	1	0.00014005602240896358
HEERENVEEN	1	0.00014005602240896358
Breda	1	0.00014005602240896358
Swerford	1	0.00014005602240896358
PEMBERTON	1	0.00014005602240896358
Utah	1	0.00014005602240896358
Maine	1	0.00014005602240896358
Pemberton	1	0.00014005602240896358
Vancouver	1	0.00014005602240896358
Ubimini	1	0.00014005602240896358
BLANTYRE	1	0.00014005602240896358
KIGALI	1	0.00014005602240896358
Goma	1	0.00014005602240896358
Highland	1	0.00014005602240896358
Inverness	1	0.00014005602240896358
KHARTOUM	1	0.00014005602240896358
Banat	1	0.00014005602240896358
Asmara	1	0.00014005602240896358
Adel	1	0.00014005602240896358
Kanie	1	0.00014005602240896358
Arbil	1	0.00014005602240896358
Aqaba	1	0.00014005602240896358
Lesser	1	0.00014005602240896358
ORVIETO	1	0.00014005602240896358
Sardinia	1	0.00014005602240896358
Padania	1	0.00014005602240896358
Umbria	1	0.00014005602240896358
VERONA	1	0.00014005602240896358
Verona	1	0.00014005602240896358
Adige	1	0.00014005602240896358
Ransart	1	0.00014005602240896358
Mont-sur-Marchienne	1	0.00014005602240896358
Bou	1	0.00014005602240896358
Steinberg	1	0.00014005602240896358
Ravi	1	0.00014005602240896358
Chenab	1	0.00014005602240896358
MOUNTAIN	1	0.00014005602240896358
Menlo	1	0.00014005602240896358
Calif	1	0.00014005602240896358
Silicon	1	0.00014005602240896358
LANDSKRONA	1	0.00014005602240896358
HOLZGERLINGEN	1	0.00014005602240896358
SUZUKA	1	0.00014005602240896358
Netherland	1	0.00014005602240896358
SPA-FRANCOCHAMPS	1	0.00014005602240896358
TOGO	1	0.00014005602240896358
CONGO	1	0.00014005602240896358
LOME	1	0.00014005602240896358
ETHIOPIA	1	0.00014005602240896358
UGANDA	1	0.00014005602240896358
ADDIS	1	0.00014005602240896358
PORTO	1	0.00014005602240896358
Milan	1	0.00014005602240896358
NORWAY	1	0.00014005602240896358
Oerlikon	1	0.00014005602240896358
Eindhoven	1	0.00014005602240896358
Mohali	1	0.00014005602240896358
Chandigarh	1	0.00014005602240896358
Loftus	1	0.00014005602240896358
MATUZICI	1	0.00014005602240896358
Matuzici	1	0.00014005602240896358
Inter-Entity	1	0.00014005602240896358
SHATOI	1	0.00014005602240896358
Shatoi	1	0.00014005602240896358
Chiapas	1	0.00014005602240896358
Tauranaga	1	0.00014005602240896358
MAE	1	0.00014005602240896358
Mae	1	0.00014005602240896358
Metropolitan	1	0.00014005602240896358
Mecca	1	0.00014005602240896358
Caesarea	1	0.00014005602240896358
NEUFCHATEAU	1	0.00014005602240896358
Liege	1	0.00014005602240896358
BREGANCON	1	0.00014005602240896358
Riviera	1	0.00014005602240896358
Kunar	1	0.00014005602240896358
Kabul-Salang	1	0.00014005602240896358
BATKIVSHCHYNA	1	0.00014005602240896358
Western	1	0.00014005602240896358
Mpumulanga	1	0.00014005602240896358
Creedmoor	1	0.00014005602240896358
N.C.	1	0.00014005602240896358
Tijuana	1	0.00014005602240896358
Knowsley	1	0.00014005602240896358
LEEDS	1	0.00014005602240896358
Lord	1	0.00014005602240896358
COSTA	1	0.00014005602240896358
CHILE	1	0.00014005602240896358
LIBERIA	1	0.00014005602240896358
SEYCHELLES	1	0.00014005602240896358
Windhoek	1	0.00014005602240896358
Lome	1	0.00014005602240896358
Nouakchott	1	0.00014005602240896358
Hospital	1	0.00014005602240896358
HUNGARY	1	0.00014005602240896358
Curitiba	1	0.00014005602240896358
HONDURAS	1	0.00014005602240896358
CUBA	1	0.00014005602240896358
TEGUCIGALPA	1	0.00014005602240896358
Honduras	1	0.00014005602240896358
RABAT	1	0.00014005602240896358
Tuscany	1	0.00014005602240896358
Paraguay	1	0.00014005602240896358
Flora	1	0.00014005602240896358
ROTTERDAM	1	0.00014005602240896358
BARCELONA	1	0.00014005602240896358
MOZAMBIQUE	1	0.00014005602240896358
MAPUTO	1	0.00014005602240896358
Nhamavila	1	0.00014005602240896358
KIRKLAND	1	0.00014005602240896358
Wash	1	0.00014005602240896358
Channel	1	0.00014005602240896358
Jersey	1	0.00014005602240896358
Bosia-Hercegovina	1	0.00014005602240896358
Former	1	0.00014005602240896358
Montenegro	1	0.00014005602240896358
Far	1	0.00014005602240896358
Altamira	1	0.00014005602240896358
Aguas	1	0.00014005602240896358
Johns	1	0.00014005602240896358
MARACAIBO	1	0.00014005602240896358
Lake	1	0.00014005602240896358
Preston	1	0.00014005602240896358
Bell	1	0.00014005602240896358
AUCKLAND	1	0.00014005602240896358
Oman	1	0.00014005602240896358
Jeddah	1	0.00014005602240896358
LARNACA	1	0.00014005602240896358
Salahuddin	1	0.00014005602240896358
Rawandouz	1	0.00014005602240896358
Dayana	1	0.00014005602240896358
AL-MUNTAR	1	0.00014005602240896358
Dead	1	0.00014005602240896358
Haiti	1	0.00014005602240896358
Culpepper	1	0.00014005602240896358
DALLAS	1	0.00014005602240896358
Dallas	1	0.00014005602240896358
Puertollano	1	0.00014005602240896358
Amsterdam-Rotterdam	1	0.00014005602240896358
Rotterdam	1	0.00014005602240896358
Sprague	1	0.00014005602240896358
Manitoba	1	0.00014005602240896358
Sask	1	0.00014005602240896358
Grande	1	0.00014005602240896358
Alta	1	0.00014005602240896358
Peace	1	0.00014005602240896358
W.	1	0.00014005602240896358
Clarksburg	1	0.00014005602240896358
STATE	1	0.00014005602240896358
CHILLICOTHE	1	0.00014005602240896358
Huntington	1	0.00014005602240896358
FRANCE	1	0.00014005602240896358
Spa-Francorchamps	1	0.00014005602240896358
Manila	1	0.00014005602240896358
Beja	1	0.00014005602240896358
IN-NAZZJON	1	0.00014005602240896358
L-ORIZZONT	1	0.00014005602240896358
POLAND	1	0.00014005602240896358
CYPRUS	1	0.00014005602240896358
BELCHATOW	1	0.00014005602240896358
KIRKCALDY	1	0.00014005602240896358
GRIQUALAND	1	0.00014005602240896358
KIMBERLEY	1	0.00014005602240896358
ESSEX	1	0.00014005602240896358
ROMANIA	1	0.00014005602240896358
Petrosan	1	0.00014005602240896358
WIMBLEDON	1	0.00014005602240896358
FINLAND	1	0.00014005602240896358
CZECH	1	0.00014005602240896358
Gouda	1	0.00014005602240896358
ELIZABETH	1	0.00014005602240896358
Elland	1	0.00014005602240896358
Riel	1	0.00014005602240896358
Rumbek	1	0.00014005602240896358
Arabised	1	0.00014005602240896358
LJUBLJANA	1	0.00014005602240896358
Wiltshire	1	0.00014005602240896358
Durres	1	0.00014005602240896358
Perm	1	0.00014005602240896358
Managua	1	0.00014005602240896358
Liaoning	1	0.00014005602240896358
Tianjin	1	0.00014005602240896358
Jiangsu	1	0.00014005602240896358
Somalia	1	0.00014005602240896358
DODGE	1	0.00014005602240896358
Duluth	1	0.00014005602240896358
NORTH	1	0.00014005602240896358
Hunter	1	0.00014005602240896358
Spring	1	0.00014005602240896358
Billings	1	0.00014005602240896358
Havre	1	0.00014005602240896358
Rudyard	1	0.00014005602240896358
Wolf	1	0.00014005602240896358
Pendleton	1	0.00014005602240896358
Coolee	1	0.00014005602240896358
Waterville	1	0.00014005602240896358
Wenatchee	1	0.00014005602240896358
AL	1	0.00014005602240896358
OH	1	0.00014005602240896358
Puerto	1	0.00014005602240896358
Philadelphia	1	0.00014005602240896358
Springfield	1	0.00014005602240896358
Eurotunnel	1	0.00014005602240896358
Trincomalee	1	0.00014005602240896358
Chavakachcheri	1	0.00014005602240896358
Jaffna	1	0.00014005602240896358
Woodlands	1	0.00014005602240896358
Mother	1	0.00014005602240896358
Mongolia	1	0.00014005602240896358
KABUL	1	0.00014005602240896358
Bagram	1	0.00014005602240896358
Jalalabad	1	0.00014005602240896358
INDORE	1	0.00014005602240896358
Dewas	1	0.00014005602240896358
Mandsaur	1	0.00014005602240896358
Neemuch	1	0.00014005602240896358
Mhow	1	0.00014005602240896358
Ratlam	1	0.00014005602240896358
Ashta	1	0.00014005602240896358
Indore	1	0.00014005602240896358
Dhar	1	0.00014005602240896358
Ujjain	1	0.00014005602240896358
Jaora	1	0.00014005602240896358
Barnagar	1	0.00014005602240896358
Khandwa	1	0.00014005602240896358
Ashoknagar	1	0.00014005602240896358
Nalkhera	1	0.00014005602240896358
BANGLADESH	1	0.00014005602240896358
Helsinki	1	0.00014005602240896358
ALLENTOWN	1	0.00014005602240896358
HANOVER	1	0.00014005602240896358
Erzincan	1	0.00014005602240896358
Sivas	1	0.00014005602240896358
Essex	1	0.00014005602240896358
PERTH	1	0.00014005602240896358
Perth	1	0.00014005602240896358
Tauranga	1	0.00014005602240896358
Nuku'alofa	1	0.00014005602240896358
LINZ	1	0.00014005602240896358
Steyr	1	0.00014005602240896358
ROVERETO	1	0.00014005602240896358
germany	1	0.00014005602240896358
Collingtree	1	0.00014005602240896358
Keirin	1	0.00014005602240896358
Madison	1	0.00014005602240896358
Kishinev	1	0.00014005602240896358
Pontefract	1	0.00014005602240896358
Mister	1	0.00014005602240896358
Southampton	1	0.00014005602240896358
Pittsburgh	1	0.00014005602240896358
Kwazulu-Natal	1	0.00014005602240896358
RUSSIA	1	0.00014005602240896358
Volendam	1	0.00014005602240896358
Community	1	0.00014005602240896358
Calderon	1	0.00014005602240896358
Santiago	1	0.00014005602240896358
Parc	1	0.00014005602240896358
Panama	1	0.00014005602240896358
Bailundo	1	0.00014005602240896358
Morinville	1	0.00014005602240896358
Trax	1	0.00014005602240896358
HARLEYSVILLE	1	0.00014005602240896358
Florentine	1	0.00014005602240896358
El	1	0.00014005602240896358
Skeleton	1	0.00014005602240896358
Arizona	1	0.00014005602240896358
Forth	1	0.00014005602240896358
Great	1	0.00014005602240896358
Hamilton	1	0.00014005602240896358
Dunedin	1	0.00014005602240896358
African	1	0.00014005602240896358
Bangui	1	0.00014005602240896358
VANCOUVER	1	0.00014005602240896358
FREETOWN	1	0.00014005602240896358
Mano	1	0.00014005602240896358
Tongo	1	0.00014005602240896358
Freetown	1	0.00014005602240896358
LUSAKA	1	0.00014005602240896358
Wroclaw	1	0.00014005602240896358
Southeastern	1	0.00014005602240896358
NAGYATAD	1	0.00014005602240896358
Bosnian-Croat	1	0.00014005602240896358
Bosnia-Hercegovina	1	0.00014005602240896358
Moslem-Croat	1	0.00014005602240896358
Quepos	1	0.00014005602240896358
Juan	1	0.00014005602240896358
Sen	1	0.00014005602240896358
Near	1	0.00014005602240896358
VENTURA	1	0.00014005602240896358
Johnson	1	0.00014005602240896358
Kan	1	0.00014005602240896358
KS	1	0.00014005602240896358
JACKSONVILLE	1	0.00014005602240896358
BERNE	1	0.00014005602240896358
Freiburg	1	0.00014005602240896358
Balochistan	1	0.00014005602240896358
Quetta	1	0.00014005602240896358
Partition	1	0.00014005602240896358
Gujarat	1	0.00014005602240896358
RAMESWARAM	1	0.00014005602240896358
Palk	1	0.00014005602240896358
Pesalai	1	0.00014005602240896358
DRESDEN	1	0.00014005602240896358
ALEXANDROUPOLIS	1	0.00014005602240896358
Alicante	1	0.00014005602240896358
Bilbao	1	0.00014005602240896358
Seville	1	0.00014005602240896358
Valencia	1	0.00014005602240896358
Kiryat	1	0.00014005602240896358
Bethlehem	1	0.00014005602240896358
Al-Aqsa	1	0.00014005602240896358
DIYARBAKIR	1	0.00014005602240896358
Tunceli	1	0.00014005602240896358
Avalon	1	0.00014005602240896358
Seaford	1	0.00014005602240896358
N.Y.	1	0.00014005602240896358
CO	1	0.00014005602240896358
MINNEAPOLIS	1	0.00014005602240896358
NUREMBERG	1	0.00014005602240896358
Potsdam	1	0.00014005602240896358
Cap	1	0.00014005602240896358
Saxony	1	0.00014005602240896358
BUNOL	1	0.00014005602240896358
Boo-nee-OL	1	0.00014005602240896358
GREECE	1	0.00014005602240896358
Telfer	1	0.00014005602240896358
Boddington	1	0.00014005602240896358
Brisbane	1	0.00014005602240896358
Tasmania	1	0.00014005602240896358
Port	1	0.00014005602240896358
Pudong	1	0.00014005602240896358
Son	1	0.00014005602240896358
PHNOM	1	0.00014005602240896358
Stung	1	0.00014005602240896358
Born	1	0.00014005602240896358
Anhui	1	0.00014005602240896358
Hawaii	1	0.00014005602240896358
GAZA	1	0.00014005602240896358
COPENHAGEN	1	0.00014005602240896358
Copenhagen	1	0.00014005602240896358
Zevenaar	1	0.00014005602240896358
Venray	1	0.00014005602240896358
Edgbaston	1	0.00014005602240896358
Tunbridge	1	0.00014005602240896358
Hove	1	0.00014005602240896358
Chesterfield	1	0.00014005602240896358
Bristol	1	0.00014005602240896358
Harare	1	0.00014005602240896358
MILWAUKEE	1	0.00014005602240896358
Kingdome	1	0.00014005602240896358
NICE	1	0.00014005602240896358
BRITAIN	1	0.00014005602240896358
Thessaloniki	1	0.00014005602240896358
Surrey	1	0.00014005602240896358
KINSHASA	1	0.00014005602240896358
Kinshasa	1	0.00014005602240896358
Maniema	1	0.00014005602240896358
Shaba	1	0.00014005602240896358
Bandundu	1	0.00014005602240896358
N'DJAMENA	1	0.00014005602240896358
SKOPJE	1	0.00014005602240896358
Berovo	1	0.00014005602240896358
Zagreb	1	0.00014005602240896358
Banja	1	0.00014005602240896358
Donje	1	0.00014005602240896358
Podujevo	1	0.00014005602240896358
Celopek	1	0.00014005602240896358
Victor	1	0.00014005602240896358
Cartagena	1	0.00014005602240896358
Oaxaca	1	0.00014005602240896358
CHILPANCINGO	1	0.00014005602240896358
Acatepec	1	0.00014005602240896358
Para	1	0.00014005602240896358
Ramle	1	0.00014005602240896358
SKHIRAT	1	0.00014005602240896358
Rabat	1	0.00014005602240896358
DES	1	0.00014005602240896358
Mountain	1	0.00014005602240896358
CHARLESTON	1	0.00014005602240896358
S.C.	1	0.00014005602240896358
Sullivan	1	0.00014005602240896358
Fort	1	0.00014005602240896358
IL	1	0.00014005602240896358
IA	1	0.00014005602240896358
Indre	1	0.00014005602240896358
Hub	1	0.00014005602240896358
Gadoon	1	0.00014005602240896358
Tando	1	0.00014005602240896358
Hyderabad	1	0.00014005602240896358
Gujar	1	0.00014005602240896358
SALANG	1	0.00014005602240896358
Halo	1	0.00014005602240896358
Andhra	1	0.00014005602240896358
Madhumalla	1	0.00014005602240896358
Kudapokuna	1	0.00014005602240896358
Welikanda	1	0.00014005602240896358
Sabourin	1	0.00014005602240896358
Boulder	1	0.00014005602240896358
IRVINE	1	0.00014005602240896358
Korea	1	0.00014005602240896358
Dubai	1	0.00014005602240896358
Island	1	0.00014005602240896358
Petersburg	1	0.00014005602240896358
AJACCIO	1	0.00014005602240896358
Place	1	0.00014005602240896358
STOCKHOLM	1	0.00014005602240896358
Gorleben	1	0.00014005602240896358
CATANIA	1	0.00014005602240896358
Sicily	1	0.00014005602240896358
LIMERICK	1	0.00014005602240896358
Limerick	1	0.00014005602240896358
GENOA	1	0.00014005602240896358
Longyearbyen	1	0.00014005602240896358
Opera	1	0.00014005602240896358
Barentsburg	1	0.00014005602240896358
Turnhout	1	0.00014005602240896358
Jumet	1	0.00014005602240896358
Nahar	1	0.00014005602240896358
Leveilly	1	0.00014005602240896358
Tampere	1	0.00014005602240896358
INGOLSTADT	1	0.00014005602240896358
Waiau	1	0.00014005602240896358
Nelson	1	0.00014005602240896358
Hanmer	1	0.00014005602240896358
Antara	1	0.00014005602240896358
Haneda	1	0.00014005602240896358
Itami	1	0.00014005602240896358
SCOTLAND	1	0.00014005602240896358
AMSTETTEN	1	0.00014005602240896358
WALES	1	0.00014005602240896358
BARRY	1	0.00014005602240896358
ABDERDEEN	1	0.00014005602240896358
IMOLA	1	0.00014005602240896358
Swe	1	0.00014005602240896358
